Title Word	APD	ESD	HPD	PSD	BPS	STMD	SOMD	ESDMD	ARD	OTH
constraining	0.8333333333333334	0.08333333333333333	0.0	0.08333333333333333	0.0	0.0	0.0	0.0	0.0	0.0
cosmological	1.0	0.0	0.0	0.0	0.0	0.0	0.0	0.0	0.0	0.0
parameters	0.4	0.2	0.2	0.1	0.0	0.1	0.0	0.0	0.0	0.0
with	0.40487804878048783	0.16097560975609757	0.12682926829268293	0.14146341463414633	0.014634146341463415	0.08292682926829269	0.00975609756097561	0.014634146341463415	0.04390243902439024	0.0
needlet	1.0	0.0	0.0	0.0	0.0	0.0	0.0	0.0	0.0	0.0
internal	0.2857142857142857	0.5	0.14285714285714285	0.0	0.0	0.07142857142857142	0.0	0.0	0.0	0.0
linear	0.6666666666666666	0.0	0.0	0.16666666666666666	0.0	0.0	0.0	0.0	0.16666666666666666	0.0
combination	1.0	0.0	0.0	0.0	0.0	0.0	0.0	0.0	0.0	0.0
maps	0.375	0.5	0.0	0.125	0.0	0.0	0.0	0.0	0.0	0.0
i	0.7777777777777778	0.037037037037037035	0.037037037037037035	0.1111111111111111	0.0	0.037037037037037035	0.0	0.0	0.0	0.0
analytic	1.0	0.0	0.0	0.0	0.0	0.0	0.0	0.0	0.0	0.0
power	0.5	0.0	0.3333333333333333	0.08333333333333333	0.0	0.08333333333333333	0.0	0.0	0.0	0.0
spectrum	0.625	0.0	0.25	0.0	0.0	0.0	0.0	0.125	0.0	0.0
formalism	1.0	0.0	0.0	0.0	0.0	0.0	0.0	0.0	0.0	0.0
inflow	1.0	0.0	0.0	0.0	0.0	0.0	0.0	0.0	0.0	0.0
and	0.234192037470726	0.2903981264637002	0.1592505854800937	0.15456674473067916	0.02576112412177986	0.07494145199063232	0.00936768149882904	0.026932084309133488	0.02459016393442623	0.0
outflow	0.8	0.0	0.2	0.0	0.0	0.0	0.0	0.0	0.0	0.0
properties	0.35294117647058826	0.20588235294117646	0.23529411764705882	0.058823529411764705	0.029411764705882353	0.11764705882352941	0.0	0.0	0.0	0.0
not	0.4	0.2	0.0	0.2	0.2	0.0	0.0	0.0	0.0	0.0
total	0.15384615384615385	0.5384615384615384	0.3076923076923077	0.0	0.0	0.0	0.0	0.0	0.0	0.0
gas	0.875	0.0	0.0	0.125	0.0	0.0	0.0	0.0	0.0	0.0
fractions	1.0	0.0	0.0	0.0	0.0	0.0	0.0	0.0	0.0	0.0
drive	0.3333333333333333	0.3333333333333333	0.0	0.0	0.0	0.0	0.0	0.0	0.3333333333333333	0.0
the	0.3107843137254902	0.2754901960784314	0.20098039215686275	0.1450980392156863	0.011764705882352941	0.027450980392156862	0.006862745098039216	0.010784313725490196	0.010784313725490196	0.0
evolution	0.2972972972972973	0.1891891891891892	0.10810810810810811	0.35135135135135137	0.0	0.02702702702702703	0.0	0.0	0.02702702702702703	0.0
of	0.24184100418410043	0.2744769874476987	0.1707112970711297	0.1589958158995816	0.021757322175732216	0.06527196652719665	0.009205020920502092	0.024267782426778243	0.03347280334728033	0.0
massmetallicity	1.0	0.0	0.0	0.0	0.0	0.0	0.0	0.0	0.0	0.0
relation	0.8888888888888888	0.1111111111111111	0.0	0.0	0.0	0.0	0.0	0.0	0.0	0.0
roasting	1.0	0.0	0.0	0.0	0.0	0.0	0.0	0.0	0.0	0.0
marshmallows	1.0	0.0	0.0	0.0	0.0	0.0	0.0	0.0	0.0	0.0
program	0.75	0.0	0.0	0.25	0.0	0.0	0.0	0.0	0.0	0.0
igrins	1.0	0.0	0.0	0.0	0.0	0.0	0.0	0.0	0.0	0.0
on	0.17889908256880735	0.26605504587155965	0.1834862385321101	0.22018348623853212	0.027522935779816515	0.06880733944954129	0.009174311926605505	0.01834862385321101	0.027522935779816515	0.0
gemini	1.0	0.0	0.0	0.0	0.0	0.0	0.0	0.0	0.0	0.0
south	0.08333333333333333	0.4166666666666667	0.0	0.5	0.0	0.0	0.0	0.0	0.0	0.0
ii	0.75	0.05	0.05	0.15	0.0	0.0	0.0	0.0	0.0	0.0
wasp	1.0	0.0	0.0	0.0	0.0	0.0	0.0	0.0	0.0	0.0
b	0.8823529411764706	0.058823529411764705	0.0	0.058823529411764705	0.0	0.0	0.0	0.0	0.0	0.0
has	0.3333333333333333	0.3333333333333333	0.0	0.3333333333333333	0.0	0.0	0.0	0.0	0.0	0.0
superstellar	1.0	0.0	0.0	0.0	0.0	0.0	0.0	0.0	0.0	0.0
co	0.5555555555555556	0.1111111111111111	0.0	0.1111111111111111	0.1111111111111111	0.1111111111111111	0.0	0.0	0.0	0.0
refractorytovolatile	1.0	0.0	0.0	0.0	0.0	0.0	0.0	0.0	0.0	0.0
ratios	0.8333333333333334	0.0	0.0	0.16666666666666666	0.0	0.0	0.0	0.0	0.0	0.0
process	0.14285714285714285	0.2857142857142857	0.0	0.14285714285714285	0.2857142857142857	0.0	0.0	0.14285714285714285	0.0	0.0
modeling	0.1	0.3	0.2	0.14	0.0	0.2	0.0	0.02	0.04	0.0
aerosolcloud	0.0	1.0	0.0	0.0	0.0	0.0	0.0	0.0	0.0	0.0
interaction	0.10526315789473684	0.21052631578947367	0.47368421052631576	0.05263157894736842	0.0	0.10526315789473684	0.0	0.0	0.05263157894736842	0.0
in	0.25358166189111747	0.3037249283667622	0.16332378223495703	0.11891117478510028	0.025787965616045846	0.0673352435530086	0.0071633237822349575	0.027220630372492838	0.0329512893982808	0.0
summertime	0.0	1.0	0.0	0.0	0.0	0.0	0.0	0.0	0.0	0.0
precipitating	0.0	1.0	0.0	0.0	0.0	0.0	0.0	0.0	0.0	0.0
shallow	0.0	1.0	0.0	0.0	0.0	0.0	0.0	0.0	0.0	0.0
cumulus	0.0	1.0	0.0	0.0	0.0	0.0	0.0	0.0	0.0	0.0
over	0.0	0.8787878787878788	0.06060606060606061	0.030303030303030304	0.0	0.0	0.030303030303030304	0.0	0.0	0.0
western	0.0	0.8666666666666667	0.0	0.13333333333333333	0.0	0.0	0.0	0.0	0.0	0.0
north	0.05263157894736842	0.7368421052631579	0.05263157894736842	0.15789473684210525	0.0	0.0	0.0	0.0	0.0	0.0
atlantic	0.0	1.0	0.0	0.0	0.0	0.0	0.0	0.0	0.0	0.0
synoptic	0.0	1.0	0.0	0.0	0.0	0.0	0.0	0.0	0.0	0.0
analysis	0.13333333333333333	0.31666666666666665	0.13333333333333333	0.18333333333333332	0.016666666666666666	0.06666666666666667	0.016666666666666666	0.06666666666666667	0.06666666666666667	0.0
wrfchem	0.0	1.0	0.0	0.0	0.0	0.0	0.0	0.0	0.0	0.0
model	0.13432835820895522	0.3880597014925373	0.16417910447761194	0.1044776119402985	0.014925373134328358	0.11940298507462686	0.0	0.029850746268656716	0.04477611940298507	0.0
simulation	0.3333333333333333	0.09523809523809523	0.3333333333333333	0.0	0.0	0.0	0.0	0.047619047619047616	0.19047619047619047	0.0
dust	0.391304347826087	0.21739130434782608	0.08695652173913043	0.30434782608695654	0.0	0.0	0.0	0.0	0.0	0.0
events	0.22727272727272727	0.36363636363636365	0.3181818181818182	0.09090909090909091	0.0	0.0	0.0	0.0	0.0	0.0
southwestern	0.0	1.0	0.0	0.0	0.0	0.0	0.0	0.0	0.0	0.0
united	0.0	1.0	0.0	0.0	0.0	0.0	0.0	0.0	0.0	0.0
states	0.045454545454545456	0.9090909090909091	0.0	0.0	0.0	0.045454545454545456	0.0	0.0	0.0	0.0
efficiency	0.25	0.25	0.08333333333333333	0.08333333333333333	0.0	0.25	0.0	0.08333333333333333	0.0	0.0
dynamos	1.0	0.0	0.0	0.0	0.0	0.0	0.0	0.0	0.0	0.0
from	0.2916666666666667	0.3611111111111111	0.125	0.16203703703703703	0.009259259259259259	0.037037037037037035	0.0	0.009259259259259259	0.004629629629629629	0.0
an	0.2558139534883721	0.2441860465116279	0.18604651162790697	0.09302325581395349	0.023255813953488372	0.09302325581395349	0.0	0.08139534883720931	0.023255813953488372	0.0
autonomous	0.16666666666666666	0.0	0.0	0.0	0.0	0.5	0.0	0.0	0.3333333333333333	0.0
generation	0.13333333333333333	0.2	0.26666666666666666	0.26666666666666666	0.0	0.13333333333333333	0.0	0.0	0.0	0.0
chiral	1.0	0.0	0.0	0.0	0.0	0.0	0.0	0.0	0.0	0.0
asymmetry	0.3333333333333333	0.16666666666666666	0.3333333333333333	0.16666666666666666	0.0	0.0	0.0	0.0	0.0	0.0
xray	0.8	0.0	0.075	0.05	0.0	0.05	0.0	0.025	0.0	0.0
polarization	0.4444444444444444	0.0	0.5555555555555556	0.0	0.0	0.0	0.0	0.0	0.0	0.0
black	1.0	0.0	0.0	0.0	0.0	0.0	0.0	0.0	0.0	0.0
hole	1.0	0.0	0.0	0.0	0.0	0.0	0.0	0.0	0.0	0.0
binary	0.8181818181818182	0.0	0.0	0.18181818181818182	0.0	0.0	0.0	0.0	0.0	0.0
u	0.6666666666666666	0.0	0.0	0.3333333333333333	0.0	0.0	0.0	0.0	0.0	0.0
challenges	0.1111111111111111	0.4444444444444444	0.1111111111111111	0.2222222222222222	0.0	0.1111111111111111	0.0	0.0	0.0	0.0
standard	0.6666666666666666	0.16666666666666666	0.0	0.0	0.0	0.16666666666666666	0.0	0.0	0.0	0.0
thin	0.16666666666666666	0.0	0.0	0.16666666666666666	0.0	0.5	0.0	0.0	0.16666666666666666	0.0
accretion	0.7391304347826086	0.0	0.043478260869565216	0.21739130434782608	0.0	0.0	0.0	0.0	0.0	0.0
disk	0.8695652173913043	0.0	0.0	0.13043478260869565	0.0	0.0	0.0	0.0	0.0	0.0
scenario	1.0	0.0	0.0	0.0	0.0	0.0	0.0	0.0	0.0	0.0
distribution	0.0625	0.1875	0.3125	0.3125	0.0	0.0	0.0625	0.0625	0.0	0.0
orbital	0.5714285714285714	0.0	0.14285714285714285	0.2857142857142857	0.0	0.0	0.0	0.0	0.0	0.0
inclinations	1.0	0.0	0.0	0.0	0.0	0.0	0.0	0.0	0.0	0.0
for	0.19808306709265175	0.28115015974440893	0.09584664536741214	0.15654952076677317	0.025559105431309903	0.13099041533546327	0.009584664536741214	0.01597444089456869	0.08626198083067092	0.0
tidal	0.6666666666666666	0.13333333333333333	0.13333333333333333	0.06666666666666667	0.0	0.0	0.0	0.0	0.0	0.0
disruption	0.75	0.0	0.0	0.125	0.0	0.125	0.0	0.0	0.0	0.0
by	0.2246376811594203	0.16666666666666666	0.34782608695652173	0.13768115942028986	0.028985507246376812	0.07246376811594203	0.007246376811594203	0.007246376811594203	0.007246376811594203	0.0
kerr	1.0	0.0	0.0	0.0	0.0	0.0	0.0	0.0	0.0	0.0
holes	0.7777777777777778	0.0	0.2222222222222222	0.0	0.0	0.0	0.0	0.0	0.0	0.0
a	0.3215130023640662	0.2576832151300236	0.13711583924349882	0.12529550827423167	0.02127659574468085	0.07328605200945626	0.009456264775413711	0.018912529550827423	0.03546099290780142	0.0
solution	0.6666666666666666	0.0	0.0	0.3333333333333333	0.0	0.0	0.0	0.0	0.0	0.0
density	0.34782608695652173	0.043478260869565216	0.4782608695652174	0.08695652173913043	0.043478260869565216	0.0	0.0	0.0	0.0	0.0
dichotomy	0.0	0.0	0.0	1.0	0.0	0.0	0.0	0.0	0.0	0.0
problem	0.0	0.0	0.0	0.2	0.0	0.6	0.0	0.2	0.0	0.0
kuiper	0.0	0.0	0.0	1.0	0.0	0.0	0.0	0.0	0.0	0.0
belt	0.07142857142857142	0.07142857142857142	0.5	0.35714285714285715	0.0	0.0	0.0	0.0	0.0	0.0
objects	0.8	0.0	0.0	0.2	0.0	0.0	0.0	0.0	0.0	0.0
multispecies	0.0	0.0	0.0	1.0	0.0	0.0	0.0	0.0	0.0	0.0
streaming	0.25	0.0	0.0	0.75	0.0	0.0	0.0	0.0	0.0	0.0
instability	0.3333333333333333	0.05555555555555555	0.2777777777777778	0.2777777777777778	0.0	0.0	0.05555555555555555	0.0	0.0	0.0
pebble	0.0	0.0	0.0	1.0	0.0	0.0	0.0	0.0	0.0	0.0
drivers	0.2	0.5	0.2	0.1	0.0	0.0	0.0	0.0	0.0	0.0
magnetic	0.16417910447761194	0.0	0.7611940298507462	0.04477611940298507	0.0	0.029850746268656716	0.0	0.0	0.0	0.0
field	0.26666666666666666	0.13333333333333333	0.4666666666666667	0.022222222222222223	0.0	0.08888888888888889	0.0	0.022222222222222223	0.0	0.0
amplification	0.0	0.5	0.5	0.0	0.0	0.0	0.0	0.0	0.0	0.0
at	0.3763440860215054	0.16129032258064516	0.21505376344086022	0.1827956989247312	0.0	0.03225806451612903	0.0	0.010752688172043012	0.021505376344086023	0.0
oblique	0.0	0.0	0.8333333333333334	0.16666666666666666	0.0	0.0	0.0	0.0	0.0	0.0
shocks	0.25	0.0	0.75	0.0	0.0	0.0	0.0	0.0	0.0	0.0
situ	0.0	0.2	0.6	0.0	0.0	0.2	0.0	0.0	0.0	0.0
observations	0.18018018018018017	0.32432432432432434	0.3783783783783784	0.10810810810810811	0.0	0.009009009009009009	0.0	0.0	0.0	0.0
processinduced	0.0	0.0	0.0	0.0	0.0	0.0	0.0	0.0	1.0	0.0
residual	0.0	0.0	0.5	0.0	0.0	0.0	0.0	0.0	0.5	0.0
stress	0.0	0.3333333333333333	0.0	0.1111111111111111	0.2222222222222222	0.0	0.0	0.2222222222222222	0.1111111111111111	0.0
single	0.2	0.4	0.0	0.2	0.0	0.0	0.0	0.0	0.2	0.0
carbon	0.09090909090909091	0.6363636363636364	0.0	0.09090909090909091	0.0	0.09090909090909091	0.0	0.045454545454545456	0.045454545454545456	0.0
fiber	0.2	0.0	0.0	0.0	0.0	0.0	0.0	0.0	0.8	0.0
semicrystalline	0.0	0.0	0.0	0.0	0.0	0.0	0.0	0.0	1.0	0.0
polypropylene	0.0	0.0	0.0	0.0	0.0	0.0	0.0	0.0	1.0	0.0
film	0.0	0.0	0.0	0.0	0.0	0.0	0.0	0.0	1.0	0.0
hot	0.5555555555555556	0.0	0.05555555555555555	0.2222222222222222	0.0	0.1111111111111111	0.05555555555555555	0.0	0.0	0.0
subdwarfs	1.0	0.0	0.0	0.0	0.0	0.0	0.0	0.0	0.0	0.0
close	1.0	0.0	0.0	0.0	0.0	0.0	0.0	0.0	0.0	0.0
binaries	1.0	0.0	0.0	0.0	0.0	0.0	0.0	0.0	0.0	0.0
observed	0.07407407407407407	0.3333333333333333	0.4444444444444444	0.1111111111111111	0.037037037037037035	0.0	0.0	0.0	0.0	0.0
space	0.1724137931034483	0.10344827586206896	0.13793103448275862	0.034482758620689655	0.20689655172413793	0.2413793103448276	0.034482758620689655	0.06896551724137931	0.0	0.0
mesoscale	0.0	0.5	0.3333333333333333	0.16666666666666666	0.0	0.0	0.0	0.0	0.0	0.0
structure	0.21428571428571427	0.39285714285714285	0.21428571428571427	0.07142857142857142	0.03571428571428571	0.03571428571428571	0.0	0.0	0.03571428571428571	0.0
atmospheric	0.12195121951219512	0.5853658536585366	0.04878048780487805	0.14634146341463414	0.0	0.0975609756097561	0.0	0.0	0.0	0.0
boundary	0.05263157894736842	0.2631578947368421	0.3157894736842105	0.05263157894736842	0.0	0.10526315789473684	0.0	0.0	0.21052631578947367	0.0
layer	0.05555555555555555	0.5555555555555556	0.1111111111111111	0.1111111111111111	0.0	0.05555555555555555	0.0	0.0	0.1111111111111111	0.0
across	0.13636363636363635	0.5909090909090909	0.0	0.18181818181818182	0.045454545454545456	0.045454545454545456	0.0	0.0	0.0	0.0
natural	0.0	0.5555555555555556	0.0	0.2222222222222222	0.0	0.1111111111111111	0.1111111111111111	0.0	0.0	0.0
roughness	0.0	0.2	0.0	0.6	0.0	0.2	0.0	0.0	0.0	0.0
transition	0.25	0.0	0.25	0.25	0.0	0.0	0.0	0.0	0.25	0.0
chemistry	0.16666666666666666	0.16666666666666666	0.0	0.25	0.0	0.25	0.08333333333333333	0.0	0.08333333333333333	0.0
surrogate	0.0	0.0	0.0	0.0	0.0	1.0	0.0	0.0	0.0	0.0
sparse	0.0	0.0	0.0	0.5	0.0	0.5	0.0	0.0	0.0	0.0
identification	0.14285714285714285	0.14285714285714285	0.14285714285714285	0.14285714285714285	0.14285714285714285	0.2857142857142857	0.0	0.0	0.0	0.0
nonlinear	0.07692307692307693	0.07692307692307693	0.5384615384615384	0.0	0.07692307692307693	0.15384615384615385	0.0	0.0	0.07692307692307693	0.0
dynamics	0.15789473684210525	0.18421052631578946	0.21052631578947367	0.10526315789473684	0.0	0.21052631578947367	0.0	0.05263157894736842	0.07894736842105263	0.0
generative	0.0	1.0	0.0	0.0	0.0	0.0	0.0	0.0	0.0	0.0
algorithms	0.14285714285714285	0.42857142857142855	0.2857142857142857	0.0	0.0	0.14285714285714285	0.0	0.0	0.0	0.0
fusion	0.0	0.6	0.0	0.0	0.0	0.2	0.0	0.0	0.2	0.0
physicsbased	0.0	0.6666666666666666	0.3333333333333333	0.0	0.0	0.0	0.0	0.0	0.0	0.0
wildfire	0.0	1.0	0.0	0.0	0.0	0.0	0.0	0.0	0.0	0.0
spread	0.0	0.5	0.0	0.0	0.25	0.0	0.25	0.0	0.0	0.0
models	0.1794871794871795	0.28205128205128205	0.2564102564102564	0.10256410256410256	0.0	0.02564102564102564	0.0	0.07692307692307693	0.07692307692307693	0.0
satellite	0.025	0.875	0.05	0.025	0.0	0.0	0.0	0.0	0.025	0.0
data	0.15584415584415584	0.5714285714285714	0.15584415584415584	0.07792207792207792	0.012987012987012988	0.012987012987012988	0.0	0.0	0.012987012987012988	0.0
initializing	0.0	1.0	0.0	0.0	0.0	0.0	0.0	0.0	0.0	0.0
forecasts	0.0	1.0	0.0	0.0	0.0	0.0	0.0	0.0	0.0	0.0
number	0.5	0.0	0.25	0.0	0.0	0.0	0.0	0.0	0.25	0.0
wind	0.09259259259259259	0.09259259259259259	0.7407407407407407	0.037037037037037035	0.0	0.018518518518518517	0.0	0.0	0.018518518518518517	0.0
hercules	1.0	0.0	0.0	0.0	0.0	0.0	0.0	0.0	0.0	0.0
x	0.375	0.25	0.125	0.0	0.0	0.25	0.0	0.0	0.0	0.0
using	0.19863013698630136	0.410958904109589	0.1232876712328767	0.0821917808219178	0.00684931506849315	0.10273972602739725	0.00684931506849315	0.00684931506849315	0.06164383561643835	0.0
its	0.3157894736842105	0.5263157894736842	0.05263157894736842	0.05263157894736842	0.0	0.05263157894736842	0.0	0.0	0.0	0.0
ionization	0.75	0.0	0.125	0.125	0.0	0.0	0.0	0.0	0.0	0.0
response	0.16	0.28	0.16	0.04	0.12	0.08	0.0	0.16	0.0	0.0
to	0.20476190476190476	0.3476190476190476	0.1619047619047619	0.13333333333333333	0.04285714285714286	0.04285714285714286	0.004761904761904762	0.05238095238095238	0.009523809523809525	0.0
pulsations	0.5	0.0	0.5	0.0	0.0	0.0	0.0	0.0	0.0	0.0
optical	0.20833333333333334	0.3333333333333333	0.0	0.16666666666666666	0.041666666666666664	0.20833333333333334	0.0	0.0	0.041666666666666664	0.0
lanthanum	0.0	0.0	0.0	0.0	1.0	0.0	0.0	0.0	0.0	0.0
titanate	0.0	0.0	0.0	0.0	1.0	0.0	0.0	0.0	0.0	0.0
glasses	0.0	0.0	0.0	0.0	1.0	0.0	0.0	0.0	0.0	0.0
prepared	0.0	0.0	0.0	0.0	0.5	0.5	0.0	0.0	0.0	0.0
levitation	0.3333333333333333	0.0	0.0	0.0	0.6666666666666666	0.0	0.0	0.0	0.0	0.0
melting	0.0	0.0	0.0	0.0	1.0	0.0	0.0	0.0	0.0	0.0
revealing	0.5	0.0	0.0	0.0	0.0	0.0	0.0	0.0	0.5	0.0
molecular	0.3333333333333333	0.13333333333333333	0.06666666666666667	0.26666666666666666	0.0	0.13333333333333333	0.0	0.0	0.06666666666666667	0.0
origin	0.4166666666666667	0.08333333333333333	0.3333333333333333	0.08333333333333333	0.0	0.0	0.0	0.0	0.08333333333333333	0.0
driving	0.25	0.0	0.5	0.0	0.0	0.0	0.0	0.0	0.25	0.0
forces	0.0	0.0	0.0	0.0	0.3333333333333333	0.3333333333333333	0.0	0.0	0.3333333333333333	0.0
thermodynamic	0.0	0.3333333333333333	0.16666666666666666	0.16666666666666666	0.16666666666666666	0.0	0.0	0.0	0.16666666666666666	0.0
barriers	0.0	0.0	0.0	0.0	0.0	0.0	0.0	0.0	1.0	0.0
lisupsup	0.0	0.0	0.0	0.0	0.0	0.0	0.0	0.0	1.0	0.0
ion	0.0	0.0	0.56	0.2	0.0	0.16	0.0	0.04	0.04	0.0
transport	0.08333333333333333	0.3333333333333333	0.25	0.08333333333333333	0.08333333333333333	0.08333333333333333	0.0	0.0	0.08333333333333333	0.0
electrodeelectrolyte	0.0	0.0	0.0	0.0	0.0	0.0	0.0	0.0	1.0	0.0
interfaces	0.0	0.0	0.0	0.5	0.0	0.0	0.0	0.0	0.5	0.0
electromagnetic	0.16666666666666666	0.08333333333333333	0.5833333333333334	0.16666666666666666	0.0	0.0	0.0	0.0	0.0	0.0
cyclotron	0.0	0.0	1.0	0.0	0.0	0.0	0.0	0.0	0.0	0.0
emission	0.5357142857142857	0.17857142857142858	0.07142857142857142	0.10714285714285714	0.0	0.03571428571428571	0.0	0.0	0.07142857142857142	0.0
ionscale	0.0	0.0	1.0	0.0	0.0	0.0	0.0	0.0	0.0	0.0
shape	0.2727272727272727	0.0	0.09090909090909091	0.09090909090909091	0.0	0.0	0.0	0.09090909090909091	0.45454545454545453	0.0
recovery	0.0	0.4	0.2	0.0	0.0	0.0	0.0	0.4	0.0	0.0
viscoelastic	0.0	0.0	0.0	0.0	0.0	0.0	0.0	1.0	0.0	0.0
thinply	0.0	0.0	0.0	0.0	0.0	0.0	0.0	1.0	0.0	0.0
composite	0.0	0.0	0.0	0.0	0.0	0.5	0.0	0.5	0.0	0.0
coilable	0.0	0.0	0.0	0.0	0.0	0.0	0.0	1.0	0.0	0.0
booms	0.0	0.0	0.0	0.0	0.0	0.0	0.0	1.0	0.0	0.0
scpshorttermscp	0.0	0.0	0.0	0.0	0.0	0.0	0.0	1.0	0.0	0.0
scplongtermscp	0.0	0.0	0.0	0.0	0.0	0.0	0.0	1.0	0.0	0.0
phenotypic	0.0	0.0	0.0	0.0	0.0	0.0	0.0	1.0	0.0	0.0
stability	0.14285714285714285	0.14285714285714285	0.0	0.2857142857142857	0.0	0.2857142857142857	0.0	0.14285714285714285	0.0	0.0
actigraphic	0.0	0.0	0.0	0.0	0.0	0.0	0.0	1.0	0.0	0.0
sleep	0.0	0.0	0.0	0.0	0.0	0.0	0.0	1.0	0.0	0.0
metrics	0.14285714285714285	0.14285714285714285	0.14285714285714285	0.0	0.0	0.2857142857142857	0.0	0.14285714285714285	0.14285714285714285	0.0
involving	0.0	0.0	0.0	0.0	0.0	0.0	0.0	0.5	0.5	0.0
repeated	0.0	0.0	0.0	0.0	0.0	0.0	0.0	1.0	0.0	0.0
loss	0.1	0.4	0.0	0.2	0.0	0.1	0.0	0.2	0.0	0.0
investigation	0.21428571428571427	0.21428571428571427	0.21428571428571427	0.0	0.0	0.2857142857142857	0.0	0.07142857142857142	0.0	0.0
oil	0.0	1.0	0.0	0.0	0.0	0.0	0.0	0.0	0.0	0.0
well	0.5	0.5	0.0	0.0	0.0	0.0	0.0	0.0	0.0	0.0
blowouts	0.0	1.0	0.0	0.0	0.0	0.0	0.0	0.0	0.0	0.0
triggered	0.0	0.5	0.5	0.0	0.0	0.0	0.0	0.0	0.0	0.0
wastewater	0.0	0.3333333333333333	0.0	0.0	0.0	0.3333333333333333	0.0	0.3333333333333333	0.0	0.0
injection	0.5	0.5	0.0	0.0	0.0	0.0	0.0	0.0	0.0	0.0
permian	0.0	1.0	0.0	0.0	0.0	0.0	0.0	0.0	0.0	0.0
basin	0.0	1.0	0.0	0.0	0.0	0.0	0.0	0.0	0.0	0.0
usa	0.0	1.0	0.0	0.0	0.0	0.0	0.0	0.0	0.0	0.0
lineups	0.0	1.0	0.0	0.0	0.0	0.0	0.0	0.0	0.0	0.0
evaluate	0.0	1.0	0.0	0.0	0.0	0.0	0.0	0.0	0.0	0.0
goodness	0.0	1.0	0.0	0.0	0.0	0.0	0.0	0.0	0.0	0.0
fit	0.0	1.0	0.0	0.0	0.0	0.0	0.0	0.0	0.0	0.0
animal	0.0	1.0	0.0	0.0	0.0	0.0	0.0	0.0	0.0	0.0
movement	0.0	1.0	0.0	0.0	0.0	0.0	0.0	0.0	0.0	0.0
local	0.11764705882352941	0.4117647058823529	0.11764705882352941	0.29411764705882354	0.0	0.0	0.0	0.058823529411764705	0.0	0.0
spherical	0.0	0.0	0.0	0.4	0.0	0.2	0.4	0.0	0.0	0.0
harmonic	0.0	0.0	0.5	0.25	0.0	0.25	0.0	0.0	0.0	0.0
spectra	0.3333333333333333	0.13333333333333333	0.06666666666666667	0.4666666666666667	0.0	0.0	0.0	0.0	0.0	0.0
or	0.0	0.2222222222222222	0.2222222222222222	0.3333333333333333	0.0	0.0	0.0	0.2222222222222222	0.0	0.0
gravity	0.25	0.08333333333333333	0.20833333333333334	0.08333333333333333	0.041666666666666664	0.20833333333333334	0.0	0.125	0.0	0.0
does	0.6666666666666666	0.3333333333333333	0.0	0.0	0.0	0.0	0.0	0.0	0.0	0.0
el	0.0	1.0	0.0	0.0	0.0	0.0	0.0	0.0	0.0	0.0
nio	0.0	1.0	0.0	0.0	0.0	0.0	0.0	0.0	0.0	0.0
affect	0.0	0.5	0.0	0.5	0.0	0.0	0.0	0.0	0.0	0.0
mjoar	0.0	1.0	0.0	0.0	0.0	0.0	0.0	0.0	0.0	0.0
connections	0.0	1.0	0.0	0.0	0.0	0.0	0.0	0.0	0.0	0.0
pacific	0.0	0.875	0.0	0.125	0.0	0.0	0.0	0.0	0.0	0.0
associated	0.058823529411764705	0.29411764705882354	0.47058823529411764	0.058823529411764705	0.0	0.0	0.058823529411764705	0.058823529411764705	0.0	0.0
american	0.0	0.8333333333333334	0.16666666666666666	0.0	0.0	0.0	0.0	0.0	0.0	0.0
precipitation	0.043478260869565216	0.391304347826087	0.5217391304347826	0.043478260869565216	0.0	0.0	0.0	0.0	0.0	0.0
impacts	0.0	0.56	0.24	0.16	0.0	0.0	0.0	0.04	0.0	0.0
thunderstormgenerated	0.0	0.0	1.0	0.0	0.0	0.0	0.0	0.0	0.0	0.0
waves	0.0847457627118644	0.13559322033898305	0.711864406779661	0.06779661016949153	0.0	0.0	0.0	0.0	0.0	0.0
ionospherethermosphere	0.0	0.0	0.8	0.2	0.0	0.0	0.0	0.0	0.0	0.0
tiegcmngmagic	0.0	0.0	1.0	0.0	0.0	0.0	0.0	0.0	0.0	0.0
simulations	0.4444444444444444	0.12962962962962962	0.24074074074074073	0.1111111111111111	0.0	0.05555555555555555	0.0	0.0	0.018518518518518517	0.0
comparisons	0.0	0.0	1.0	0.0	0.0	0.0	0.0	0.0	0.0	0.0
gnss	0.0	0.5	0.5	0.0	0.0	0.0	0.0	0.0	0.0	0.0
tec	0.0	0.0	1.0	0.0	0.0	0.0	0.0	0.0	0.0	0.0
icon	0.0	0.0	1.0	0.0	0.0	0.0	0.0	0.0	0.0	0.0
cosmic	0.55	0.0	0.3	0.05	0.0	0.0	0.05	0.05	0.0	0.0
secondary	0.0	0.5	0.0	0.0	0.5	0.0	0.0	0.0	0.0	0.0
organic	0.0	0.9	0.0	0.1	0.0	0.0	0.0	0.0	0.0	0.0
aerosol	0.0	1.0	0.0	0.0	0.0	0.0	0.0	0.0	0.0	0.0
formation	0.603448275862069	0.08620689655172414	0.08620689655172414	0.22413793103448276	0.0	0.0	0.0	0.0	0.0	0.0
oh	0.0	1.0	0.0	0.0	0.0	0.0	0.0	0.0	0.0	0.0
oxidation	0.0	0.3333333333333333	0.0	0.6666666666666666	0.0	0.0	0.0	0.0	0.0	0.0
phenol	0.0	1.0	0.0	0.0	0.0	0.0	0.0	0.0	0.0	0.0
catechol	0.0	1.0	0.0	0.0	0.0	0.0	0.0	0.0	0.0	0.0
styrene	0.0	1.0	0.0	0.0	0.0	0.0	0.0	0.0	0.0	0.0
furfural	0.0	1.0	0.0	0.0	0.0	0.0	0.0	0.0	0.0	0.0
methyl	0.0	1.0	0.0	0.0	0.0	0.0	0.0	0.0	0.0	0.0
retrospectivecostbased	0.0	0.0	0.0	0.0	0.0	1.0	0.0	0.0	0.0	0.0
reference	0.0	0.4	0.0	0.4	0.0	0.2	0.0	0.0	0.0	0.0
adaptive	0.0	0.2	0.0	0.0	0.0	0.2	0.0	0.4	0.2	0.0
control	0.0	0.11764705882352941	0.11764705882352941	0.11764705882352941	0.0	0.29411764705882354	0.058823529411764705	0.058823529411764705	0.23529411764705882	0.0
nonminimumphase	0.0	0.0	0.0	0.0	0.0	1.0	0.0	0.0	0.0	0.0
systems	0.2894736842105263	0.13157894736842105	0.02631578947368421	0.21052631578947367	0.0	0.07894736842105263	0.0	0.0	0.2631578947368421	0.0
metalz	1.0	0.0	0.0	0.0	0.0	0.0	0.0	0.0	0.0	0.0
measuring	0.6	0.2	0.0	0.0	0.2	0.0	0.0	0.0	0.0	0.0
depletion	0.14285714285714285	0.42857142857142855	0.2857142857142857	0.14285714285714285	0.0	0.0	0.0	0.0	0.0	0.0
lowmetallicity	1.0	0.0	0.0	0.0	0.0	0.0	0.0	0.0	0.0	0.0
dwarf	0.9047619047619048	0.0	0.0	0.09523809523809523	0.0	0.0	0.0	0.0	0.0	0.0
galaxies	0.9791666666666666	0.0	0.0	0.020833333333333332	0.0	0.0	0.0	0.0	0.0	0.0
how	0.3076923076923077	0.3076923076923077	0.07692307692307693	0.15384615384615385	0.0	0.07692307692307693	0.0	0.07692307692307693	0.0	0.0
accurate	0.25	0.5	0.0	0.25	0.0	0.0	0.0	0.0	0.0	0.0
are	0.4090909090909091	0.2727272727272727	0.09090909090909091	0.18181818181818182	0.0	0.0	0.045454545454545456	0.0	0.0	0.0
existing	0.5	0.5	0.0	0.0	0.0	0.0	0.0	0.0	0.0	0.0
land	0.0	1.0	0.0	0.0	0.0	0.0	0.0	0.0	0.0	0.0
cover	0.0	1.0	0.0	0.0	0.0	0.0	0.0	0.0	0.0	0.0
agriculture	0.0	1.0	0.0	0.0	0.0	0.0	0.0	0.0	0.0	0.0
subsaharan	0.0	1.0	0.0	0.0	0.0	0.0	0.0	0.0	0.0	0.0
africa	0.0	0.5	0.0	0.5	0.0	0.0	0.0	0.0	0.0	0.0
d	0.42857142857142855	0.03571428571428571	0.2857142857142857	0.10714285714285714	0.0	0.10714285714285714	0.0	0.03571428571428571	0.0	0.0
electron	0.07142857142857142	0.0	0.8035714285714286	0.08928571428571429	0.0	0.03571428571428571	0.0	0.0	0.0	0.0
content	0.0	0.0	0.3333333333333333	0.3333333333333333	0.0	0.0	0.0	0.3333333333333333	0.0	0.0
ionospheric	0.0	0.0	0.9	0.1	0.0	0.0	0.0	0.0	0.0	0.0
variations	0.13333333333333333	0.3333333333333333	0.4666666666666667	0.06666666666666667	0.0	0.0	0.0	0.0	0.0	0.0
during	0.05405405405405406	0.2972972972972973	0.3783783783783784	0.0945945945945946	0.04054054054054054	0.08108108108108109	0.0	0.02702702702702703	0.02702702702702703	0.0
october	0.0	0.0	1.0	0.0	0.0	0.0	0.0	0.0	0.0	0.0
annular	0.0	0.0	1.0	0.0	0.0	0.0	0.0	0.0	0.0	0.0
solar	0.036036036036036036	0.018018018018018018	0.8558558558558559	0.07207207207207207	0.0	0.018018018018018018	0.0	0.0	0.0	0.0
eclipse	0.0	0.0	1.0	0.0	0.0	0.0	0.0	0.0	0.0	0.0
consistent	0.0	0.3333333333333333	0.0	0.3333333333333333	0.0	0.3333333333333333	0.0	0.0	0.0	0.0
point	0.7142857142857143	0.14285714285714285	0.0	0.14285714285714285	0.0	0.0	0.0	0.0	0.0	0.0
assimilation	0.0	0.7142857142857143	0.2857142857142857	0.0	0.0	0.0	0.0	0.0	0.0	0.0
firedrake	0.0	1.0	0.0	0.0	0.0	0.0	0.0	0.0	0.0	0.0
icepack	0.0	1.0	0.0	0.0	0.0	0.0	0.0	0.0	0.0	0.0
can	0.2	0.0	0.2	0.4	0.0	0.0	0.0	0.2	0.0	0.0
xmmnewton	0.6666666666666666	0.0	0.3333333333333333	0.0	0.0	0.0	0.0	0.0	0.0	0.0
be	0.3333333333333333	0.0	0.3333333333333333	0.16666666666666666	0.0	0.0	0.0	0.16666666666666666	0.0	0.0
used	0.0	0.0	1.0	0.0	0.0	0.0	0.0	0.0	0.0	0.0
track	0.0	0.5	0.5	0.0	0.0	0.0	0.0	0.0	0.0	0.0
compositional	0.0	0.0	0.4	0.2	0.0	0.0	0.0	0.0	0.4	0.0
changes	0.0	0.72	0.04	0.04	0.04	0.0	0.04	0.08	0.04	0.0
predictions	0.1111111111111111	0.2222222222222222	0.1111111111111111	0.3333333333333333	0.0	0.1111111111111111	0.0	0.1111111111111111	0.0	0.0
hydrogen	0.2857142857142857	0.0	0.2857142857142857	0.42857142857142855	0.0	0.0	0.0	0.0	0.0	0.0
serpentinization	0.0	0.0	0.0	1.0	0.0	0.0	0.0	0.0	0.0	0.0
harzburgite	0.0	0.0	0.0	1.0	0.0	0.0	0.0	0.0	0.0	0.0
seawaterderived	0.0	0.0	0.0	1.0	0.0	0.0	0.0	0.0	0.0	0.0
brines	0.0	0.0	0.0	1.0	0.0	0.0	0.0	0.0	0.0	0.0
detection	0.3076923076923077	0.19230769230769232	0.11538461538461539	0.07692307692307693	0.0	0.19230769230769232	0.0	0.038461538461538464	0.07692307692307693	0.0
defects	0.3333333333333333	0.0	0.0	0.0	0.0	0.3333333333333333	0.0	0.0	0.3333333333333333	0.0
laserpowder	0.0	0.0	0.0	0.0	0.0	0.0	0.0	0.0	1.0	0.0
acoustic	0.2222222222222222	0.0	0.4444444444444444	0.1111111111111111	0.0	0.1111111111111111	0.0	0.0	0.1111111111111111	0.0
sensors	0.125	0.375	0.25	0.0	0.0	0.0	0.0	0.0	0.25	0.0
signal	0.5	0.0	0.0	0.0	0.0	0.0	0.0	0.0	0.5	0.0
characteristics	0.0	0.6	0.0	0.0	0.2	0.0	0.0	0.0	0.2	0.0
direct	0.36363636363636365	0.2727272727272727	0.0	0.2727272727272727	0.0	0.09090909090909091	0.0	0.0	0.0	0.0
t	1.0	0.0	0.0	0.0	0.0	0.0	0.0	0.0	0.0	0.0
subesubbased	1.0	0.0	0.0	0.0	0.0	0.0	0.0	0.0	0.0	0.0
metallicities	1.0	0.0	0.0	0.0	0.0	0.0	0.0	0.0	0.0	0.0
z	1.0	0.0	0.0	0.0	0.0	0.0	0.0	0.0	0.0	0.0
jwstnirspec	1.0	0.0	0.0	0.0	0.0	0.0	0.0	0.0	0.0	0.0
empirical	0.6666666666666666	0.0	0.3333333333333333	0.0	0.0	0.0	0.0	0.0	0.0	0.0
metallicity	1.0	0.0	0.0	0.0	0.0	0.0	0.0	0.0	0.0	0.0
calibrations	1.0	0.0	0.0	0.0	0.0	0.0	0.0	0.0	0.0	0.0
applicable	1.0	0.0	0.0	0.0	0.0	0.0	0.0	0.0	0.0	0.0
reionization	1.0	0.0	0.0	0.0	0.0	0.0	0.0	0.0	0.0	0.0
noon	1.0	0.0	0.0	0.0	0.0	0.0	0.0	0.0	0.0	0.0
tide	0.0	1.0	0.0	0.0	0.0	0.0	0.0	0.0	0.0	0.0
variability	0.25	0.5	0.15	0.1	0.0	0.0	0.0	0.0	0.0	0.0
off	0.0	1.0	0.0	0.0	0.0	0.0	0.0	0.0	0.0	0.0
central	0.2	0.8	0.0	0.0	0.0	0.0	0.0	0.0	0.0	0.0
california	0.0	1.0	0.0	0.0	0.0	0.0	0.0	0.0	0.0	0.0
multiple	0.5	0.08333333333333333	0.16666666666666666	0.16666666666666666	0.0	0.08333333333333333	0.0	0.0	0.0	0.0
sources	0.5	0.3	0.2	0.0	0.0	0.0	0.0	0.0	0.0	0.0
seasonality	0.0	0.5	0.0	0.5	0.0	0.0	0.0	0.0	0.0	0.0
eddying	0.0	1.0	0.0	0.0	0.0	0.0	0.0	0.0	0.0	0.0
background	0.5555555555555556	0.2222222222222222	0.1111111111111111	0.1111111111111111	0.0	0.0	0.0	0.0	0.0	0.0
improved	0.16666666666666666	0.5833333333333334	0.16666666666666666	0.0	0.0	0.08333333333333333	0.0	0.0	0.0	0.0
modelling	0.125	0.5	0.375	0.0	0.0	0.0	0.0	0.0	0.0	0.0
sep	0.0	0.0	1.0	0.0	0.0	0.0	0.0	0.0	0.0	0.0
event	0.16666666666666666	0.08333333333333333	0.5833333333333334	0.08333333333333333	0.0	0.0	0.0	0.0	0.08333333333333333	0.0
onset	0.25	0.25	0.5	0.0	0.0	0.0	0.0	0.0	0.0	0.0
within	0.06666666666666667	0.3333333333333333	0.3333333333333333	0.26666666666666666	0.0	0.0	0.0	0.0	0.0	0.0
wsaenlilsepmod	0.0	0.0	1.0	0.0	0.0	0.0	0.0	0.0	0.0	0.0
framework	0.20833333333333334	0.4583333333333333	0.125	0.0	0.0	0.125	0.0	0.0	0.08333333333333333	0.0
constrained	0.0	0.2	0.4	0.4	0.0	0.0	0.0	0.0	0.0	0.0
wavetelescope	0.0	0.0	1.0	0.0	0.0	0.0	0.0	0.0	0.0	0.0
technique	0.16666666666666666	0.3333333333333333	0.16666666666666666	0.0	0.16666666666666666	0.16666666666666666	0.0	0.0	0.0	0.0
fracture	0.0	0.0	0.0	0.0	0.0	0.0	0.0	0.0	1.0	0.0
silicon	0.375	0.0	0.0	0.125	0.0	0.375	0.0	0.0	0.125	0.0
anode	0.0	0.0	0.0	0.0	0.0	0.5	0.0	0.0	0.5	0.0
solidstate	0.0	0.0	0.0	0.0	0.0	0.5	0.0	0.0	0.5	0.0
batteries	0.0	0.0	0.0	0.0	0.0	0.5	0.0	0.0	0.5	0.0
sartbased	0.0	0.0	1.0	0.0	0.0	0.0	0.0	0.0	0.0	0.0
iterative	0.0	0.0	1.0	0.0	0.0	0.0	0.0	0.0	0.0	0.0
inversion	0.0	0.6666666666666666	0.3333333333333333	0.0	0.0	0.0	0.0	0.0	0.0	0.0
methodology	0.16666666666666666	0.16666666666666666	0.3333333333333333	0.0	0.0	0.16666666666666666	0.0	0.0	0.16666666666666666	0.0
infer	0.5	0.0	0.5	0.0	0.0	0.0	0.0	0.0	0.0	0.0
rotation	0.5833333333333334	0.08333333333333333	0.25	0.08333333333333333	0.0	0.0	0.0	0.0	0.0	0.0
rate	0.35714285714285715	0.07142857142857142	0.14285714285714285	0.14285714285714285	0.0	0.21428571428571427	0.0	0.0	0.07142857142857142	0.0
global	0.07692307692307693	0.6410256410256411	0.20512820512820512	0.05128205128205128	0.0	0.0	0.0	0.02564102564102564	0.0	0.0
helioseismic	0.0	0.0	1.0	0.0	0.0	0.0	0.0	0.0	0.0	0.0
subfieldlevel	0.0	1.0	0.0	0.0	0.0	0.0	0.0	0.0	0.0	0.0
crop	0.0	1.0	0.0	0.0	0.0	0.0	0.0	0.0	0.0	0.0
yield	0.25	0.5	0.0	0.0	0.0	0.0	0.0	0.25	0.0	0.0
mapping	0.13043478260869565	0.6086956521739131	0.0	0.17391304347826086	0.0	0.08695652173913043	0.0	0.0	0.0	0.0
without	0.3333333333333333	0.6666666666666666	0.0	0.0	0.0	0.0	0.0	0.0	0.0	0.0
ground	0.0	0.7	0.1	0.0	0.0	0.2	0.0	0.0	0.0	0.0
truth	0.0	1.0	0.0	0.0	0.0	0.0	0.0	0.0	0.0	0.0
scale	0.1111111111111111	0.5555555555555556	0.2222222222222222	0.0	0.0	0.0	0.1111111111111111	0.0	0.0	0.0
transfer	0.23529411764705882	0.17647058823529413	0.17647058823529413	0.058823529411764705	0.11764705882352941	0.23529411764705882	0.0	0.0	0.0	0.0
obliquity	0.5	0.0	0.0	0.5	0.0	0.0	0.0	0.0	0.0	0.0
constraints	0.6521739130434783	0.0	0.0	0.30434782608695654	0.0	0.0	0.0	0.043478260869565216	0.0	0.0
extremely	0.6666666666666666	0.0	0.0	0.3333333333333333	0.0	0.0	0.0	0.0	0.0	0.0
eccentric	1.0	0.0	0.0	0.0	0.0	0.0	0.0	0.0	0.0	0.0
subsaturn	1.0	0.0	0.0	0.0	0.0	0.0	0.0	0.0	0.0	0.0
kepler	0.8333333333333334	0.0	0.0	0.16666666666666666	0.0	0.0	0.0	0.0	0.0	0.0
ionizing	0.6666666666666666	0.0	0.0	0.3333333333333333	0.0	0.0	0.0	0.0	0.0	0.0
radiation	0.08333333333333333	0.125	0.4583333333333333	0.08333333333333333	0.0	0.041666666666666664	0.041666666666666664	0.16666666666666666	0.0	0.0
exposure	0.0	0.375	0.0	0.125	0.0	0.125	0.0	0.375	0.0	0.0
arrokoth	0.0	0.0	0.0	1.0	0.0	0.0	0.0	0.0	0.0	0.0
shapes	0.0	0.0	0.0	1.0	0.0	0.0	0.0	0.0	0.0	0.0
sugar	0.0	0.0	0.0	1.0	0.0	0.0	0.0	0.0	0.0	0.0
world	0.5	0.0	0.0	0.5	0.0	0.0	0.0	0.0	0.0	0.0
machline	0.0	0.0	0.0	0.0	0.0	0.0	0.0	0.0	1.0	0.0
development	0.043478260869565216	0.30434782608695654	0.13043478260869565	0.13043478260869565	0.043478260869565216	0.2608695652173913	0.0	0.0	0.08695652173913043	0.0
dirichletbased	0.0	0.0	0.0	0.0	0.0	0.0	0.0	0.0	1.0	0.0
subsonicsupersonic	0.0	0.0	0.0	0.0	0.0	0.0	0.0	0.0	1.0	0.0
panel	0.0	0.5	0.0	0.0	0.0	0.0	0.0	0.0	0.5	0.0
method	0.2727272727272727	0.4090909090909091	0.0	0.045454545454545456	0.0	0.18181818181818182	0.0	0.0	0.09090909090909091	0.0
unstructured	0.0	0.0	0.0	0.0	0.0	0.0	0.0	0.0	1.0	0.0
grids	0.0	0.0	0.0	0.0	0.0	0.0	0.0	0.0	1.0	0.0
highredshift	1.0	0.0	0.0	0.0	0.0	0.0	0.0	0.0	0.0	0.0
gasphase	0.5	0.0	0.0	0.0	0.0	0.5	0.0	0.0	0.0	0.0
fire	0.42857142857142855	0.5714285714285714	0.0	0.0	0.0	0.0	0.0	0.0	0.0	0.0
new	0.5555555555555556	0.19444444444444445	0.05555555555555555	0.19444444444444445	0.0	0.0	0.0	0.0	0.0	0.0
ultracool	1.0	0.0	0.0	0.0	0.0	0.0	0.0	0.0	0.0	0.0
comoving	1.0	0.0	0.0	0.0	0.0	0.0	0.0	0.0	0.0	0.0
companions	1.0	0.0	0.0	0.0	0.0	0.0	0.0	0.0	0.0	0.0
identified	0.5	0.0	0.0	0.0	0.0	0.5	0.0	0.0	0.0	0.0
backyard	1.0	0.0	0.0	0.0	0.0	0.0	0.0	0.0	0.0	0.0
worlds	0.5	0.25	0.0	0.25	0.0	0.0	0.0	0.0	0.0	0.0
planet	0.9285714285714286	0.0	0.0	0.07142857142857142	0.0	0.0	0.0	0.0	0.0	0.0
citizen	0.3333333333333333	0.0	0.2222222222222222	0.4444444444444444	0.0	0.0	0.0	0.0	0.0	0.0
science	0.17647058823529413	0.17647058823529413	0.35294117647058826	0.23529411764705882	0.0	0.058823529411764705	0.0	0.0	0.0	0.0
project	0.8333333333333334	0.0	0.0	0.16666666666666666	0.0	0.0	0.0	0.0	0.0	0.0
parameter	0.125	0.375	0.125	0.125	0.0	0.25	0.0	0.0	0.0	0.0
characterization	0.3103448275862069	0.13793103448275862	0.0	0.10344827586206896	0.034482758620689655	0.2413793103448276	0.0	0.0	0.1724137931034483	0.0
laser	0.1	0.3	0.0	0.0	0.0	0.5	0.0	0.0	0.1	0.0
powder	0.0	0.0	0.0	0.0	0.0	0.6666666666666666	0.0	0.0	0.3333333333333333	0.0
directed	0.0	0.0	0.0	0.0	0.0	1.0	0.0	0.0	0.0	0.0
energy	0.3225806451612903	0.1935483870967742	0.3225806451612903	0.0	0.0	0.0967741935483871	0.0	0.03225806451612903	0.03225806451612903	0.0
deposition	0.4	0.0	0.0	0.4	0.0	0.2	0.0	0.0	0.0	0.0
nb	0.0	0.0	0.0	0.0	0.0	1.0	0.0	0.0	0.0	0.0
alloy	0.0	0.0	0.0	0.0	0.0	1.0	0.0	0.0	0.0	0.0
c	0.38461538461538464	0.23076923076923078	0.0	0.3076923076923077	0.0	0.07692307692307693	0.0	0.0	0.0	0.0
wall	0.25	0.0	0.0	0.0	0.0	0.25	0.25	0.0	0.25	0.0
geometries	0.0	0.0	0.0	0.0	0.0	1.0	0.0	0.0	0.0	0.0
physical	0.25	0.16666666666666666	0.16666666666666666	0.16666666666666666	0.0	0.16666666666666666	0.0	0.08333333333333333	0.0	0.0
thermal	0.08695652173913043	0.17391304347826086	0.0	0.17391304347826086	0.0	0.5217391304347826	0.0	0.0	0.043478260869565216	0.0
mechanical	0.0	0.0	0.0	0.0	0.3333333333333333	0.6666666666666666	0.0	0.0	0.0	0.0
polymethyl	0.0	0.0	0.0	0.0	0.0	1.0	0.0	0.0	0.0	0.0
methacrylatebased	0.0	0.0	0.0	0.0	0.0	1.0	0.0	0.0	0.0	0.0
elium	0.0	0.0	0.0	0.0	0.0	1.0	0.0	0.0	0.0	0.0
thermoplastic	0.0	0.0	0.0	0.0	0.0	1.0	0.0	0.0	0.0	0.0
polymer	0.0	0.0	0.0	0.0	0.0	1.0	0.0	0.0	0.0	0.0
polymerization	0.0	0.0	0.0	0.0	0.0	1.0	0.0	0.0	0.0	0.0
comparison	0.11764705882352941	0.29411764705882354	0.29411764705882354	0.11764705882352941	0.058823529411764705	0.11764705882352941	0.0	0.0	0.0	0.0
between	0.1794871794871795	0.38461538461538464	0.28205128205128205	0.07692307692307693	0.0	0.07692307692307693	0.0	0.0	0.0	0.0
ace	0.0	1.0	0.0	0.0	0.0	0.0	0.0	0.0	0.0	0.0
calipso	0.0	1.0	0.0	0.0	0.0	0.0	0.0	0.0	0.0	0.0
antarctic	0.0	1.0	0.0	0.0	0.0	0.0	0.0	0.0	0.0	0.0
polar	0.08333333333333333	0.25	0.16666666666666666	0.5	0.0	0.0	0.0	0.0	0.0	0.0
stratospheric	0.0	1.0	0.0	0.0	0.0	0.0	0.0	0.0	0.0	0.0
clouds	0.21428571428571427	0.6428571428571429	0.07142857142857142	0.07142857142857142	0.0	0.0	0.0	0.0	0.0	0.0
airground	0.0	0.0	0.0	0.0	0.0	1.0	0.0	0.0	0.0	0.0
collaboration	0.0	0.0	0.0	0.0	0.0	0.5	0.0	0.0	0.5	0.0
spomp	0.0	0.0	0.0	0.0	0.0	1.0	0.0	0.0	0.0	0.0
semantic	0.5	0.0	0.0	0.0	0.0	0.5	0.0	0.0	0.0	0.0
panoramic	0.0	0.0	0.0	0.0	0.0	1.0	0.0	0.0	0.0	0.0
online	0.0	0.0	0.0	0.3333333333333333	0.0	0.6666666666666666	0.0	0.0	0.0	0.0
planning	0.0	0.0	0.0	0.0	0.0	0.5	0.0	0.0	0.5	0.0
plasma	0.14705882352941177	0.0	0.6470588235294118	0.11764705882352941	0.0	0.058823529411764705	0.0	0.029411764705882353	0.0	0.0
csf	0.0	0.0	0.0	0.0	0.0	0.0	0.0	1.0	0.0	0.0
biomarkers	0.0	0.0	0.0	0.0	0.0	0.0	0.5	0.5	0.0	0.0
aging	0.0	0.0	0.0	0.0	0.3333333333333333	0.0	0.3333333333333333	0.3333333333333333	0.0	0.0
cognitive	0.0	0.0	0.0	0.0	0.0	0.3333333333333333	0.0	0.6666666666666666	0.0	0.0
decline	0.0	0.0	0.0	0.0	0.0	0.0	0.0	1.0	0.0	0.0
caribbean	0.0	0.0	0.0	0.0	0.0	0.0	0.0	1.0	0.0	0.0
vervets	0.0	0.0	0.0	0.0	0.0	0.0	0.0	1.0	0.0	0.0
predicting	0.3333333333333333	0.6666666666666666	0.0	0.0	0.0	0.0	0.0	0.0	0.0	0.0
packice	0.0	1.0	0.0	0.0	0.0	0.0	0.0	0.0	0.0	0.0
seal	0.0	1.0	0.0	0.0	0.0	0.0	0.0	0.0	0.0	0.0
occupancy	0.0	1.0	0.0	0.0	0.0	0.0	0.0	0.0	0.0	0.0
ice	0.0	0.7692307692307693	0.0	0.15384615384615385	0.0	0.038461538461538464	0.0	0.0	0.038461538461538464	0.0
floes	0.0	1.0	0.0	0.0	0.0	0.0	0.0	0.0	0.0	0.0
along	0.09090909090909091	0.5454545454545454	0.18181818181818182	0.18181818181818182	0.0	0.0	0.0	0.0	0.0	0.0
peninsula	0.0	1.0	0.0	0.0	0.0	0.0	0.0	0.0	0.0	0.0
stochastic	0.3333333333333333	0.0	0.3333333333333333	0.1111111111111111	0.0	0.1111111111111111	0.0	0.0	0.1111111111111111	0.0
gravitational	0.9230769230769231	0.0	0.0	0.07692307692307693	0.0	0.0	0.0	0.0	0.0	0.0
wave	0.16666666666666666	0.3	0.4	0.1	0.0	0.0	0.0	0.0	0.03333333333333333	0.0
nanograv	1.0	0.0	0.0	0.0	0.0	0.0	0.0	0.0	0.0	0.0
year	1.0	0.0	0.0	0.0	0.0	0.0	0.0	0.0	0.0	0.0
set	0.2222222222222222	0.1111111111111111	0.2222222222222222	0.2222222222222222	0.0	0.1111111111111111	0.0	0.0	0.1111111111111111	0.0
context	1.0	0.0	0.0	0.0	0.0	0.0	0.0	0.0	0.0	0.0
massive	0.8888888888888888	0.0	0.05555555555555555	0.05555555555555555	0.0	0.0	0.0	0.0	0.0	0.0
closer	0.5	0.0	0.5	0.0	0.0	0.0	0.0	0.0	0.0	0.0
look	0.0	0.0	1.0	0.0	0.0	0.0	0.0	0.0	0.0	0.0
smallscale	0.3333333333333333	0.16666666666666666	0.5	0.0	0.0	0.0	0.0	0.0	0.0	0.0
flux	0.125	0.025	0.725	0.075	0.05	0.0	0.0	0.0	0.0	0.0
ropes	0.0	0.0	1.0	0.0	0.0	0.0	0.0	0.0	0.0	0.0
au	0.0	0.0	1.0	0.0	0.0	0.0	0.0	0.0	0.0	0.0
results	0.35294117647058826	0.17647058823529413	0.29411764705882354	0.11764705882352941	0.0	0.058823529411764705	0.0	0.0	0.0	0.0
automated	0.07142857142857142	0.35714285714285715	0.21428571428571427	0.14285714285714285	0.0	0.07142857142857142	0.0	0.0	0.14285714285714285	0.0
erratum	0.5	0.0	0.5	0.0	0.0	0.0	0.0	0.0	0.0	0.0
lowredshift	1.0	0.0	0.0	0.0	0.0	0.0	0.0	0.0	0.0	0.0
lyman	1.0	0.0	0.0	0.0	0.0	0.0	0.0	0.0	0.0	0.0
continuum	0.8888888888888888	0.0	0.1111111111111111	0.0	0.0	0.0	0.0	0.0	0.0	0.0
survey	0.6538461538461539	0.07692307692307693	0.07692307692307693	0.15384615384615385	0.0	0.0	0.0	0.0	0.038461538461538464	0.0
diverse	0.5	0.0	0.5	0.0	0.0	0.0	0.0	0.0	0.0	0.0
emitters	1.0	0.0	0.0	0.0	0.0	0.0	0.0	0.0	0.0	0.0
apjs	0.5	0.0	0.5	0.0	0.0	0.0	0.0	0.0	0.0	0.0
we	0.0	1.0	0.0	0.0	0.0	0.0	0.0	0.0	0.0	0.0
need	0.0	1.0	0.0	0.0	0.0	0.0	0.0	0.0	0.0	0.0
solid	0.0	0.25	0.0	0.25	0.0	0.25	0.25	0.0	0.0	0.0
scientific	0.0	1.0	0.0	0.0	0.0	0.0	0.0	0.0	0.0	0.0
basis	0.0	1.0	0.0	0.0	0.0	0.0	0.0	0.0	0.0	0.0
naturebased	0.0	1.0	0.0	0.0	0.0	0.0	0.0	0.0	0.0	0.0
climate	0.0	0.8888888888888888	0.0	0.1111111111111111	0.0	0.0	0.0	0.0	0.0	0.0
solutions	0.6666666666666666	0.3333333333333333	0.0	0.0	0.0	0.0	0.0	0.0	0.0	0.0
climatology	0.0	0.5	0.5	0.0	0.0	0.0	0.0	0.0	0.0	0.0
dayside	0.0	0.0	0.6	0.4	0.0	0.0	0.0	0.0	0.0	0.0
eregion	0.0	0.0	1.0	0.0	0.0	0.0	0.0	0.0	0.0	0.0
zonal	0.0	0.5	0.5	0.0	0.0	0.0	0.0	0.0	0.0	0.0
neutral	0.0	0.0	0.7777777777777778	0.2222222222222222	0.0	0.0	0.0	0.0	0.0	0.0
shears	0.0	0.0	1.0	0.0	0.0	0.0	0.0	0.0	0.0	0.0
iconmighti	0.0	0.0	1.0	0.0	0.0	0.0	0.0	0.0	0.0	0.0
developing	0.0	0.5	0.5	0.0	0.0	0.0	0.0	0.0	0.0	0.0
general	0.5	0.25	0.25	0.0	0.0	0.0	0.0	0.0	0.0	0.0
daily	0.0	0.5	0.0	0.0	0.0	0.0	0.0	0.5	0.0	0.0
lake	0.0	0.8333333333333334	0.0	0.16666666666666666	0.0	0.0	0.0	0.0	0.0	0.0
evaporation	0.0	0.5	0.0	0.0	0.5	0.0	0.0	0.0	0.0	0.0
demonstrating	0.0	1.0	0.0	0.0	0.0	0.0	0.0	0.0	0.0	0.0
application	0.2	0.4	0.0	0.1	0.0	0.3	0.0	0.0	0.0	0.0
state	0.375	0.375	0.0	0.0	0.0	0.25	0.0	0.0	0.0	0.0
texas	0.0	1.0	0.0	0.0	0.0	0.0	0.0	0.0	0.0	0.0
efficient	0.8181818181818182	0.0	0.0	0.0	0.0	0.18181818181818182	0.0	0.0	0.0	0.0
gravitationalwave	1.0	0.0	0.0	0.0	0.0	0.0	0.0	0.0	0.0	0.0
fullyprecessing	1.0	0.0	0.0	0.0	0.0	0.0	0.0	0.0	0.0	0.0
moderately	1.0	0.0	0.0	0.0	0.0	0.0	0.0	0.0	0.0	0.0
compact	0.8	0.1	0.0	0.1	0.0	0.0	0.0	0.0	0.0	0.0
inspirals	1.0	0.0	0.0	0.0	0.0	0.0	0.0	0.0	0.0	0.0
vegetation	0.0	1.0	0.0	0.0	0.0	0.0	0.0	0.0	0.0	0.0
optimality	0.0	1.0	0.0	0.0	0.0	0.0	0.0	0.0	0.0	0.0
theory	0.25	0.125	0.125	0.375	0.0	0.125	0.0	0.0	0.0	0.0
facultative	0.0	0.0	0.0	1.0	0.0	0.0	0.0	0.0	0.0	0.0
lifestyle	0.0	0.0	0.0	1.0	0.0	0.0	0.0	0.0	0.0	0.0
drives	0.4	0.4	0.0	0.2	0.0	0.0	0.0	0.0	0.0	0.0
diversity	0.0	0.0	0.0	1.0	0.0	0.0	0.0	0.0	0.0	0.0
coral	0.0	0.5	0.0	0.5	0.0	0.0	0.0	0.0	0.0	0.0
algal	0.0	0.0	0.0	1.0	0.0	0.0	0.0	0.0	0.0	0.0
symbionts	0.0	0.0	0.0	1.0	0.0	0.0	0.0	0.0	0.0	0.0
turn	1.0	0.0	0.0	0.0	0.0	0.0	0.0	0.0	0.0	0.0
jets	0.5555555555555556	0.1111111111111111	0.2222222222222222	0.0	0.0	0.1111111111111111	0.0	0.0	0.0	0.0
into	0.24	0.12	0.2	0.32	0.0	0.04	0.0	0.04	0.04	0.0
cylinders	1.0	0.0	0.0	0.0	0.0	0.0	0.0	0.0	0.0	0.0
near	0.35714285714285715	0.14285714285714285	0.2857142857142857	0.21428571428571427	0.0	0.0	0.0	0.0	0.0	0.0
supermassive	1.0	0.0	0.0	0.0	0.0	0.0	0.0	0.0	0.0	0.0
relativistic	0.5384615384615384	0.0	0.46153846153846156	0.0	0.0	0.0	0.0	0.0	0.0	0.0
magnetohydrodynamic	0.3333333333333333	0.0	0.6666666666666666	0.0	0.0	0.0	0.0	0.0	0.0	0.0
fragmentation	0.5	0.0	0.0	0.25	0.25	0.0	0.0	0.0	0.0	0.0
gravitationally	1.0	0.0	0.0	0.0	0.0	0.0	0.0	0.0	0.0	0.0
unstable	1.0	0.0	0.0	0.0	0.0	0.0	0.0	0.0	0.0	0.0
collapsar	1.0	0.0	0.0	0.0	0.0	0.0	0.0	0.0	0.0	0.0
disks	0.9166666666666666	0.0	0.0	0.08333333333333333	0.0	0.0	0.0	0.0	0.0	0.0
subsolar	1.0	0.0	0.0	0.0	0.0	0.0	0.0	0.0	0.0	0.0
neutron	0.8823529411764706	0.058823529411764705	0.0	0.058823529411764705	0.0	0.0	0.0	0.0	0.0	0.0
star	1.0	0.0	0.0	0.0	0.0	0.0	0.0	0.0	0.0	0.0
mergers	1.0	0.0	0.0	0.0	0.0	0.0	0.0	0.0	0.0	0.0
revisiting	1.0	0.0	0.0	0.0	0.0	0.0	0.0	0.0	0.0	0.0
radio	0.6875	0.0625	0.1875	0.0	0.0	0.0625	0.0	0.0	0.0	0.0
blazar	1.0	0.0	0.0	0.0	0.0	0.0	0.0	0.0	0.0	0.0
indirect	0.0	0.0	0.0	0.0	0.0	1.0	0.0	0.0	0.0	0.0
optimal	0.0	0.0	0.0	0.0	0.0	1.0	0.0	0.0	0.0	0.0
techniques	0.5	0.0	0.0	0.25	0.0	0.25	0.0	0.0	0.0	0.0
multimode	0.0	0.0	0.0	0.0	0.0	1.0	0.0	0.0	0.0	0.0
propulsion	0.0	0.0	0.0	0.0	0.0	0.5	0.0	0.0	0.5	0.0
mission	0.16666666666666666	0.08333333333333333	0.16666666666666666	0.16666666666666666	0.0	0.25	0.0	0.0	0.16666666666666666	0.0
design	0.09090909090909091	0.18181818181818182	0.0	0.0	0.0	0.45454545454545453	0.0	0.18181818181818182	0.09090909090909091	0.0
highresolution	0.25	0.65	0.05	0.0	0.0	0.05	0.0	0.0	0.0	0.0
panstarrs	1.0	0.0	0.0	0.0	0.0	0.0	0.0	0.0	0.0	0.0
sma	1.0	0.0	0.0	0.0	0.0	0.0	0.0	0.0	0.0	0.0
iras	1.0	0.0	0.0	0.0	0.0	0.0	0.0	0.0	0.0	0.0
giant	0.7272727272727273	0.09090909090909091	0.0	0.18181818181818182	0.0	0.0	0.0	0.0	0.0	0.0
edgeon	1.0	0.0	0.0	0.0	0.0	0.0	0.0	0.0	0.0	0.0
protoplanetary	0.7777777777777778	0.0	0.0	0.2222222222222222	0.0	0.0	0.0	0.0	0.0	0.0
multifrequency	0.0	0.0	1.0	0.0	0.0	0.0	0.0	0.0	0.0	0.0
superdarn	0.0	0.0	1.0	0.0	0.0	0.0	0.0	0.0	0.0	0.0
hf	0.0	0.0	1.0	0.0	0.0	0.0	0.0	0.0	0.0	0.0
radar	0.0	0.7142857142857143	0.09523809523809523	0.19047619047619047	0.0	0.0	0.0	0.0	0.0	0.0
experimental	0.0	0.3	0.0	0.1	0.1	0.5	0.0	0.0	0.0	0.0
investigations	0.3333333333333333	0.0	0.0	0.3333333333333333	0.3333333333333333	0.0	0.0	0.0	0.0	0.0
flow	0.0	0.08	0.2	0.04	0.24	0.32	0.04	0.0	0.08	0.0
boiling	0.0	0.0	0.0	0.0	0.5555555555555556	0.4444444444444444	0.0	0.0	0.0	0.0
heat	0.0	0.21428571428571427	0.07142857142857142	0.0	0.2857142857142857	0.42857142857142855	0.0	0.0	0.0	0.0
chilldown	0.0	0.0	0.0	0.0	1.0	0.0	0.0	0.0	0.0	0.0
closed	0.0	0.0	0.3333333333333333	0.3333333333333333	0.3333333333333333	0.0	0.0	0.0	0.0	0.0
loop	0.0	0.0	0.0	0.0	1.0	0.0	0.0	0.0	0.0	0.0
test	0.16666666666666666	0.16666666666666666	0.0	0.0	0.16666666666666666	0.5	0.0	0.0	0.0	0.0
section	0.0	0.0	0.0	0.0	1.0	0.0	0.0	0.0	0.0	0.0
calorimetric	1.0	0.0	0.0	0.0	0.0	0.0	0.0	0.0	0.0	0.0
telescope	0.6	0.0	0.4	0.0	0.0	0.0	0.0	0.0	0.0	0.0
calet	1.0	0.0	0.0	0.0	0.0	0.0	0.0	0.0	0.0	0.0
international	0.2	0.0	0.0	0.0	0.8	0.0	0.0	0.0	0.0	0.0
station	0.2	0.0	0.0	0.0	0.8	0.0	0.0	0.0	0.0	0.0
first	0.5	0.041666666666666664	0.16666666666666666	0.125	0.0	0.16666666666666666	0.0	0.0	0.0	0.0
eight	1.0	0.0	0.0	0.0	0.0	0.0	0.0	0.0	0.0	0.0
years	0.25	0.375	0.125	0.25	0.0	0.0	0.0	0.0	0.0	0.0
orbit	0.3333333333333333	0.0	0.3333333333333333	0.3333333333333333	0.0	0.0	0.0	0.0	0.0	0.0
thickness	0.0	0.6666666666666666	0.0	0.0	0.0	0.0	0.0	0.0	0.3333333333333333	0.0
optimization	0.0	0.0	0.0	0.0	0.0	0.3333333333333333	0.0	0.0	0.6666666666666666	0.0
nonmatching	0.0	0.0	0.0	0.0	0.0	0.0	0.0	0.0	1.0	0.0
isogeometric	0.0	0.0	0.0	0.0	0.0	0.0	0.0	0.0	1.0	0.0
shells	0.0	0.0	0.0	0.0	0.0	0.0	0.0	0.0	1.0	0.0
freeform	0.0	0.0	0.0	0.0	0.0	0.0	0.0	0.0	1.0	0.0
deformation	0.0	0.3333333333333333	0.0	0.0	0.0	0.3333333333333333	0.0	0.0	0.3333333333333333	0.0
nustar	1.0	0.0	0.0	0.0	0.0	0.0	0.0	0.0	0.0	0.0
view	0.6666666666666666	0.3333333333333333	0.0	0.0	0.0	0.0	0.0	0.0	0.0	0.0
irasf	1.0	0.0	0.0	0.0	0.0	0.0	0.0	0.0	0.0	0.0
ultra	1.0	0.0	0.0	0.0	0.0	0.0	0.0	0.0	0.0	0.0
fast	0.75	0.0	0.125	0.0	0.0	0.125	0.0	0.0	0.0	0.0
components	0.3333333333333333	0.5	0.0	0.0	0.0	0.16666666666666666	0.0	0.0	0.0	0.0
very	0.3333333333333333	0.3333333333333333	0.3333333333333333	0.0	0.0	0.0	0.0	0.0	0.0	0.0
cold	0.3	0.3	0.1	0.2	0.0	0.1	0.0	0.0	0.0	0.0
corona	0.375	0.0	0.625	0.0	0.0	0.0	0.0	0.0	0.0	0.0
now	0.0	0.0	0.0	0.0	0.0	0.0	0.0	1.0	0.0	0.0
future	0.08333333333333333	0.4166666666666667	0.16666666666666666	0.16666666666666666	0.0	0.08333333333333333	0.0	0.08333333333333333	0.0	0.0
human	0.0	0.0	0.0	0.14285714285714285	0.2857142857142857	0.14285714285714285	0.0	0.42857142857142855	0.0	0.0
biology	0.0	0.0	0.0	0.0	0.0	0.0	0.0	1.0	0.0	0.0
extremes	0.0	0.6666666666666666	0.0	0.0	0.0	0.0	0.0	0.3333333333333333	0.0	0.0
introduction	0.0	0.0	0.0	0.0	0.0	0.0	0.0	1.0	0.0	0.0
special	0.0	0.0	0.0	0.0	0.0	0.0	0.0	1.0	0.0	0.0
issue	0.0	0.0	0.0	0.0	0.0	0.0	0.0	1.0	0.0	0.0
role	0.16666666666666666	0.4444444444444444	0.2222222222222222	0.1111111111111111	0.0	0.05555555555555555	0.0	0.0	0.0	0.0
precursor	0.0	1.0	0.0	0.0	0.0	0.0	0.0	0.0	0.0	0.0
disturbances	0.0	0.3333333333333333	0.6666666666666666	0.0	0.0	0.0	0.0	0.0	0.0	0.0
modulation	0.0	0.3333333333333333	0.0	0.6666666666666666	0.0	0.0	0.0	0.0	0.0	0.0
tropical	0.0	1.0	0.0	0.0	0.0	0.0	0.0	0.0	0.0	0.0
cyclogenesis	0.0	1.0	0.0	0.0	0.0	0.0	0.0	0.0	0.0	0.0
maddenjulian	0.0	1.0	0.0	0.0	0.0	0.0	0.0	0.0	0.0	0.0
oscillation	0.4	0.6	0.0	0.0	0.0	0.0	0.0	0.0	0.0	0.0
fluctuation	0.0	0.0	1.0	0.0	0.0	0.0	0.0	0.0	0.0	0.0
enhancement	0.16666666666666666	0.0	0.6666666666666666	0.0	0.0	0.16666666666666666	0.0	0.0	0.0	0.0
departure	0.0	0.0	1.0	0.0	0.0	0.0	0.0	0.0	0.0	0.0
wkb	0.0	0.0	1.0	0.0	0.0	0.0	0.0	0.0	0.0	0.0
subalfvnic	0.0	0.0	0.6666666666666666	0.3333333333333333	0.0	0.0	0.0	0.0	0.0	0.0
landau	0.0	0.0	1.0	0.0	0.0	0.0	0.0	0.0	0.0	0.0
resonant	0.14285714285714285	0.0	0.5714285714285714	0.2857142857142857	0.0	0.0	0.0	0.0	0.0	0.0
whistler	0.0	0.0	1.0	0.0	0.0	0.0	0.0	0.0	0.0	0.0
electrons	0.1111111111111111	0.0	0.6666666666666666	0.2222222222222222	0.0	0.0	0.0	0.0	0.0	0.0
excitation	0.6666666666666666	0.0	0.3333333333333333	0.0	0.0	0.0	0.0	0.0	0.0	0.0
electronacoustic	0.0	0.0	1.0	0.0	0.0	0.0	0.0	0.0	0.0	0.0
column	0.0	1.0	0.0	0.0	0.0	0.0	0.0	0.0	0.0	0.0
observing	0.0	0.5	0.5	0.0	0.0	0.0	0.0	0.0	0.0	0.0
networks	0.09090909090909091	0.45454545454545453	0.0	0.18181818181818182	0.09090909090909091	0.09090909090909091	0.0	0.0	0.09090909090909091	0.0
ggg	0.0	1.0	0.0	0.0	0.0	0.0	0.0	0.0	0.0	0.0
version	0.0	1.0	0.0	0.0	0.0	0.0	0.0	0.0	0.0	0.0
heating	0.17647058823529413	0.058823529411764705	0.7058823529411765	0.058823529411764705	0.0	0.0	0.0	0.0	0.0	0.0
transrelativistic	0.0	0.0	1.0	0.0	0.0	0.0	0.0	0.0	0.0	0.0
perpendicular	0.0	0.0	1.0	0.0	0.0	0.0	0.0	0.0	0.0	0.0
tilted	0.0	0.0	1.0	0.0	0.0	0.0	0.0	0.0	0.0	0.0
flows	0.18181818181818182	0.09090909090909091	0.45454545454545453	0.0	0.0	0.09090909090909091	0.0	0.0	0.18181818181818182	0.0
jwst	0.9130434782608695	0.0	0.0	0.043478260869565216	0.0	0.043478260869565216	0.0	0.0	0.0	0.0
captures	1.0	0.0	0.0	0.0	0.0	0.0	0.0	0.0	0.0	0.0
sudden	0.25	0.25	0.25	0.25	0.0	0.0	0.0	0.0	0.0	0.0
stellar	0.8333333333333334	0.0	0.08333333333333333	0.0625	0.0	0.020833333333333332	0.0	0.0	0.0	0.0
outburst	0.5	0.0	0.0	0.5	0.0	0.0	0.0	0.0	0.0	0.0
inner	0.25	0.0	0.375	0.3125	0.0	0.0625	0.0	0.0	0.0	0.0
destruction	0.5	0.5	0.0	0.0	0.0	0.0	0.0	0.0	0.0	0.0
particle	0.11538461538461539	0.0	0.5384615384615384	0.19230769230769232	0.0	0.11538461538461539	0.0	0.038461538461538464	0.0	0.0
scattering	0.35714285714285715	0.0	0.5714285714285714	0.0	0.0	0.07142857142857142	0.0	0.0	0.0	0.0
presence	0.0	0.0	0.5	0.5	0.0	0.0	0.0	0.0	0.0	0.0
moderate	0.0	0.0	1.0	0.0	0.0	0.0	0.0	0.0	0.0	0.0
strong	0.375	0.125	0.25	0.25	0.0	0.0	0.0	0.0	0.0	0.0
adiabatic	0.0	0.0	1.0	0.0	0.0	0.0	0.0	0.0	0.0	0.0
focusing	0.0	0.0	1.0	0.0	0.0	0.0	0.0	0.0	0.0	0.0
ttdeathstartt	0.0	0.0	0.0	1.0	0.0	0.0	0.0	0.0	0.0	0.0
system	0.1282051282051282	0.3076923076923077	0.10256410256410256	0.2564102564102564	0.02564102564102564	0.10256410256410256	0.0	0.05128205128205128	0.02564102564102564	0.0
confirming	0.5	0.0	0.0	0.5	0.0	0.0	0.0	0.0	0.0	0.0
planets	0.6428571428571429	0.0	0.0	0.35714285714285715	0.0	0.0	0.0	0.0	0.0	0.0
identifying	0.2857142857142857	0.14285714285714285	0.0	0.42857142857142855	0.0	0.14285714285714285	0.0	0.0	0.0	0.0
falsepositive	0.0	0.0	0.0	1.0	0.0	0.0	0.0	0.0	0.0	0.0
signals	0.3333333333333333	0.5	0.0	0.16666666666666666	0.0	0.0	0.0	0.0	0.0	0.0
itessi	0.0	0.0	0.0	1.0	0.0	0.0	0.0	0.0	0.0	0.0
groundbased	0.3333333333333333	0.0	0.0	0.3333333333333333	0.0	0.3333333333333333	0.0	0.0	0.0	0.0
timedomain	0.0	0.0	0.0	1.0	0.0	0.0	0.0	0.0	0.0	0.0
surveys	0.75	0.0	0.0	0.25	0.0	0.0	0.0	0.0	0.0	0.0
hysteresis	0.0	1.0	0.0	0.0	0.0	0.0	0.0	0.0	0.0	0.0
idealized	0.3333333333333333	0.6666666666666666	0.0	0.0	0.0	0.0	0.0	0.0	0.0	0.0
instabilityprone	0.0	1.0	0.0	0.0	0.0	0.0	0.0	0.0	0.0	0.0
outlet	0.0	1.0	0.0	0.0	0.0	0.0	0.0	0.0	0.0	0.0
glaciers	0.0	1.0	0.0	0.0	0.0	0.0	0.0	0.0	0.0	0.0
pinningpoint	0.0	1.0	0.0	0.0	0.0	0.0	0.0	0.0	0.0	0.0
buttressing	0.0	1.0	0.0	0.0	0.0	0.0	0.0	0.0	0.0	0.0
variation	0.2222222222222222	0.4444444444444444	0.3333333333333333	0.0	0.0	0.0	0.0	0.0	0.0	0.0
reflective	1.0	0.0	0.0	0.0	0.0	0.0	0.0	0.0	0.0	0.0
coatings	1.0	0.0	0.0	0.0	0.0	0.0	0.0	0.0	0.0	0.0
made	0.5	0.5	0.0	0.0	0.0	0.0	0.0	0.0	0.0	0.0
pt	1.0	0.0	0.0	0.0	0.0	0.0	0.0	0.0	0.0	0.0
alsubsubosubsubpt	1.0	0.0	0.0	0.0	0.0	0.0	0.0	0.0	0.0	0.0
alsubsubosubsubnipt	1.0	0.0	0.0	0.0	0.0	0.0	0.0	0.0	0.0	0.0
produced	1.0	0.0	0.0	0.0	0.0	0.0	0.0	0.0	0.0	0.0
atomic	0.4	0.4	0.0	0.2	0.0	0.0	0.0	0.0	0.0	0.0
microgravity	0.0	0.0	0.0	0.0	0.5714285714285714	0.2857142857142857	0.14285714285714285	0.0	0.0	0.0
vortex	0.25	0.0	0.5	0.0	0.0	0.25	0.0	0.0	0.0	0.0
phase	0.2	0.3333333333333333	0.13333333333333333	0.13333333333333333	0.0	0.13333333333333333	0.06666666666666667	0.0	0.0	0.0
separator	0.0	0.0	0.5	0.0	0.0	0.5	0.0	0.0	0.0	0.0
spacecraft	0.0	0.0	0.5714285714285714	0.2857142857142857	0.0	0.14285714285714285	0.0	0.0	0.0	0.0
liquid	0.0	0.2	0.0	0.2	0.0	0.5	0.0	0.0	0.1	0.0
amine	0.0	0.0	0.0	0.0	0.0	1.0	0.0	0.0	0.0	0.0
removal	0.0	0.25	0.25	0.0	0.0	0.25	0.0	0.25	0.0	0.0
comprehensive	0.125	0.25	0.375	0.125	0.125	0.0	0.0	0.0	0.0	0.0
gammaray	0.75	0.0	0.0	0.0	0.0	0.25	0.0	0.0	0.0	0.0
burst	0.3333333333333333	0.0	0.3333333333333333	0.0	0.0	0.3333333333333333	0.0	0.0	0.0	0.0
afterglows	1.0	0.0	0.0	0.0	0.0	0.0	0.0	0.0	0.0	0.0
detected	0.3333333333333333	0.0	0.3333333333333333	0.16666666666666666	0.16666666666666666	0.0	0.0	0.0	0.0	0.0
tess	1.0	0.0	0.0	0.0	0.0	0.0	0.0	0.0	0.0	0.0
excess	0.6666666666666666	0.3333333333333333	0.0	0.0	0.0	0.0	0.0	0.0	0.0	0.0
profiles	0.1111111111111111	0.4444444444444444	0.0	0.3333333333333333	0.0	0.0	0.1111111111111111	0.0	0.0	0.0
continuous	0.16666666666666666	0.16666666666666666	0.0	0.16666666666666666	0.0	0.3333333333333333	0.0	0.0	0.16666666666666666	0.0
permafrost	0.0	1.0	0.0	0.0	0.0	0.0	0.0	0.0	0.0	0.0
mapped	0.0	1.0	0.0	0.0	0.0	0.0	0.0	0.0	0.0	0.0
insar	0.0	1.0	0.0	0.0	0.0	0.0	0.0	0.0	0.0	0.0
subsidence	0.0	1.0	0.0	0.0	0.0	0.0	0.0	0.0	0.0	0.0
ultraviolet	0.36363636363636365	0.36363636363636365	0.2727272727272727	0.0	0.0	0.0	0.0	0.0	0.0	0.0
slopes	1.0	0.0	0.0	0.0	0.0	0.0	0.0	0.0	0.0	0.0
evidence	0.391304347826087	0.17391304347826086	0.17391304347826086	0.21739130434782608	0.0	0.0	0.0	0.043478260869565216	0.0	0.0
emergence	0.5	0.0	0.3333333333333333	0.16666666666666666	0.0	0.0	0.0	0.0	0.0	0.0
dustfree	1.0	0.0	0.0	0.0	0.0	0.0	0.0	0.0	0.0	0.0
populations	0.6153846153846154	0.07692307692307693	0.07692307692307693	0.23076923076923078	0.0	0.0	0.0	0.0	0.0	0.0
izi	1.0	0.0	0.0	0.0	0.0	0.0	0.0	0.0	0.0	0.0
ampgt	1.0	0.0	0.0	0.0	0.0	0.0	0.0	0.0	0.0	0.0
haro	1.0	0.0	0.0	0.0	0.0	0.0	0.0	0.0	0.0	0.0
spatially	0.75	0.0	0.0	0.0	0.0	0.0	0.0	0.0	0.25	0.0
resolved	0.6	0.2	0.0	0.2	0.0	0.0	0.0	0.0	0.0	0.0
photometry	0.75	0.0	0.0	0.25	0.0	0.0	0.0	0.0	0.0	0.0
didymos	0.0	0.0	0.0	1.0	0.0	0.0	0.0	0.0	0.0	0.0
dart	0.2	0.0	0.0	0.6	0.0	0.2	0.0	0.0	0.0	0.0
impact	0.11764705882352941	0.4117647058823529	0.14705882352941177	0.14705882352941177	0.058823529411764705	0.11764705882352941	0.0	0.0	0.0	0.0
apparition	0.0	0.0	0.0	1.0	0.0	0.0	0.0	0.0	0.0	0.0
bone	0.0	0.0	0.0	0.0	1.0	0.0	0.0	0.0	0.0	0.0
marrow	0.0	0.0	0.0	0.0	1.0	0.0	0.0	0.0	0.0	0.0
adipose	0.0	0.0	0.0	0.0	1.0	0.0	0.0	0.0	0.0	0.0
tissue	0.0	0.0	0.0	0.0	1.0	0.0	0.0	0.0	0.0	0.0
is	0.36363636363636365	0.18181818181818182	0.09090909090909091	0.2727272727272727	0.09090909090909091	0.0	0.0	0.0	0.0	0.0
required	0.0	0.0	0.0	0.0	1.0	0.0	0.0	0.0	0.0	0.0
reconstitution	0.0	0.0	0.0	0.0	1.0	0.0	0.0	0.0	0.0	0.0
immune	0.0	0.0	0.0	0.0	1.0	0.0	0.0	0.0	0.0	0.0
following	0.25	0.25	0.0	0.25	0.25	0.0	0.0	0.0	0.0	0.0
irradiation	0.25	0.0	0.0	0.25	0.25	0.0	0.0	0.25	0.0	0.0
male	0.0	0.0	0.0	0.0	1.0	0.0	0.0	0.0	0.0	0.0
mice	0.0	0.0	0.0	0.0	0.25	0.0	0.25	0.5	0.0	0.0
bioenergetics	0.0	0.0	0.0	1.0	0.0	0.0	0.0	0.0	0.0	0.0
iron	0.23076923076923078	0.23076923076923078	0.0	0.5384615384615384	0.0	0.0	0.0	0.0	0.0	0.0
snow	0.0	0.9333333333333333	0.0	0.06666666666666667	0.0	0.0	0.0	0.0	0.0	0.0
fueling	0.0	0.0	0.0	1.0	0.0	0.0	0.0	0.0	0.0	0.0
life	0.0	0.25	0.0	0.75	0.0	0.0	0.0	0.0	0.0	0.0
europa	0.0	0.0	0.3333333333333333	0.6666666666666666	0.0	0.0	0.0	0.0	0.0	0.0
perspective	0.0	0.3333333333333333	0.0	0.3333333333333333	0.0	0.3333333333333333	0.0	0.0	0.0	0.0
integrated	0.0	0.4444444444444444	0.1111111111111111	0.0	0.0	0.2222222222222222	0.0	0.0	0.2222222222222222	0.0
photonic	0.0	0.0	0.0	0.0	0.0	1.0	0.0	0.0	0.0	0.0
devices	0.0	0.0	0.0	0.0	0.0	1.0	0.0	0.0	0.0	0.0
transparent	0.5	0.0	0.0	0.0	0.0	0.5	0.0	0.0	0.0	0.0
conductive	0.0	0.0	0.0	0.0	0.0	1.0	0.0	0.0	0.0	0.0
oxides	0.0	0.25	0.0	0.5	0.0	0.25	0.0	0.0	0.0	0.0
opportunities	0.0	0.5	0.0	0.25	0.0	0.25	0.0	0.0	0.0	0.0
rising	0.0	1.0	0.0	0.0	0.0	0.0	0.0	0.0	0.0	0.0
perfluorocyclobutane	0.0	1.0	0.0	0.0	0.0	0.0	0.0	0.0	0.0	0.0
pfc	0.0	1.0	0.0	0.0	0.0	0.0	0.0	0.0	0.0	0.0
icicsubsubfsubsub	0.0	1.0	0.0	0.0	0.0	0.0	0.0	0.0	0.0	0.0
emissions	0.07692307692307693	0.8461538461538461	0.07692307692307693	0.0	0.0	0.0	0.0	0.0	0.0	0.0
china	0.0	1.0	0.0	0.0	0.0	0.0	0.0	0.0	0.0	0.0
inferred	0.2	0.5	0.0	0.3	0.0	0.0	0.0	0.0	0.0	0.0
skin	0.0	0.0	0.0	0.0	0.6666666666666666	0.0	0.0	0.3333333333333333	0.0	0.0
microbiome	0.0	0.0	0.0	0.0	1.0	0.0	0.0	0.0	0.0	0.0
icaenorhabditis	0.0	0.0	0.0	0.0	1.0	0.0	0.0	0.0	0.0	0.0
elegansi	0.0	0.0	0.0	0.0	1.0	0.0	0.0	0.0	0.0	0.0
suggests	0.0	0.0	0.0	0.0	1.0	0.0	0.0	0.0	0.0	0.0
environmental	0.1111111111111111	0.7777777777777778	0.0	0.0	0.1111111111111111	0.0	0.0	0.0	0.0	0.0
microbes	0.0	0.0	0.0	0.0	1.0	0.0	0.0	0.0	0.0	0.0
confer	0.0	0.0	0.0	0.0	1.0	0.0	0.0	0.0	0.0	0.0
cuticle	0.0	0.0	0.0	0.0	1.0	0.0	0.0	0.0	0.0	0.0
protection	0.0	0.0	0.0	0.0	1.0	0.0	0.0	0.0	0.0	0.0
untethered	0.0	0.0	0.0	0.0	0.0	1.0	0.0	0.0	0.0	0.0
dynamic	0.1	0.4	0.1	0.1	0.1	0.2	0.0	0.0	0.0	0.0
robotic	0.0	0.0	0.0	0.5	0.0	0.5	0.0	0.0	0.0	0.0
fabrics	0.0	0.0	0.0	0.0	0.0	1.0	0.0	0.0	0.0	0.0
enabled	0.0	0.0	0.3333333333333333	0.0	0.0	0.6666666666666666	0.0	0.0	0.0	0.0
activelyrigid	0.0	0.0	0.0	0.0	0.0	1.0	0.0	0.0	0.0	0.0
variable	0.2	0.2	0.0	0.2	0.0	0.4	0.0	0.0	0.0	0.0
stiffness	0.0	0.0	0.0	0.0	0.0	1.0	0.0	0.0	0.0	0.0
fibers	0.0	0.0	0.0	0.0	0.0	1.0	0.0	0.0	0.0	0.0
simulated	0.1111111111111111	0.3333333333333333	0.1111111111111111	0.0	0.0	0.0	0.2222222222222222	0.2222222222222222	0.0	0.0
galactic	0.8148148148148148	0.0	0.07407407407407407	0.037037037037037035	0.0	0.0	0.037037037037037035	0.037037037037037035	0.0	0.0
exposureinduced	0.0	0.0	0.0	0.0	0.0	0.0	1.0	0.0	0.0	0.0
mammary	0.0	0.0	0.0	0.0	0.0	0.0	1.0	0.0	0.0	0.0
tumorigenesis	0.0	0.0	0.0	0.0	0.0	0.0	1.0	0.0	0.0	0.0
apcmin	0.0	0.0	0.0	0.0	0.0	0.0	1.0	0.0	0.0	0.0
coincides	0.0	0.0	0.0	0.0	0.0	0.0	1.0	0.0	0.0	0.0
activation	0.0	0.0	0.0	0.0	0.0	0.0	1.0	0.0	0.0	0.0
ererrspp	0.0	0.0	0.0	0.0	0.0	0.0	1.0	0.0	0.0	0.0
signaling	0.0	0.0	0.0	0.0	0.5	0.0	0.5	0.0	0.0	0.0
axis	0.0	0.0	0.5	0.0	0.0	0.0	0.5	0.0	0.0	0.0
active	0.34782608695652173	0.17391304347826086	0.30434782608695654	0.08695652173913043	0.043478260869565216	0.043478260869565216	0.0	0.0	0.0	0.0
northern	0.0	0.8333333333333334	0.08333333333333333	0.08333333333333333	0.0	0.0	0.0	0.0	0.0	0.0
alaska	0.0	1.0	0.0	0.0	0.0	0.0	0.0	0.0	0.0	0.0
upscaling	0.0	1.0	0.0	0.0	0.0	0.0	0.0	0.0	0.0	0.0
pband	0.0	1.0	0.0	0.0	0.0	0.0	0.0	0.0	0.0	0.0
polarimetric	0.0	1.0	0.0	0.0	0.0	0.0	0.0	0.0	0.0	0.0
synthetic	0.1111111111111111	0.5555555555555556	0.0	0.1111111111111111	0.0	0.2222222222222222	0.0	0.0	0.0	0.0
aperture	0.0	0.625	0.375	0.0	0.0	0.0	0.0	0.0	0.0	0.0
retrievals	0.0	0.9	0.0	0.1	0.0	0.0	0.0	0.0	0.0	0.0
sheetbased	0.0	0.0	0.0	0.0	0.0	1.0	0.0	0.0	0.0	0.0
fluidic	0.0	0.0	0.0	0.0	0.0	1.0	0.0	0.0	0.0	0.0
diodes	0.0	0.5	0.0	0.0	0.0	0.5	0.0	0.0	0.0	0.0
embedded	0.2	0.0	0.4	0.2	0.0	0.2	0.0	0.0	0.0	0.0
circuitry	0.0	0.0	0.0	0.0	0.0	1.0	0.0	0.0	0.0	0.0
soft	0.0	0.0	0.0	0.5	0.0	0.5	0.0	0.0	0.0	0.0
transitioning	0.0	0.5	0.0	0.0	0.0	0.0	0.0	0.5	0.0	0.0
modis	0.0	1.0	0.0	0.0	0.0	0.0	0.0	0.0	0.0	0.0
viirs	0.0	1.0	0.0	0.0	0.0	0.0	0.0	0.0	0.0	0.0
water	0.0	0.8048780487804879	0.0	0.12195121951219512	0.024390243902439025	0.024390243902439025	0.0	0.024390243902439025	0.0	0.0
reservoir	0.0	1.0	0.0	0.0	0.0	0.0	0.0	0.0	0.0	0.0
product	0.0	1.0	0.0	0.0	0.0	0.0	0.0	0.0	0.0	0.0
cellular	0.0	0.0	0.0	1.0	0.0	0.0	0.0	0.0	0.0	0.0
organization	0.0	0.0	0.0	1.0	0.0	0.0	0.0	0.0	0.0	0.0
branches	0.0	0.0	0.0	1.0	0.0	0.0	0.0	0.0	0.0	0.0
tree	0.0	0.75	0.0	0.25	0.0	0.0	0.0	0.0	0.0	0.0
cloudtop	0.0	1.0	0.0	0.0	0.0	0.0	0.0	0.0	0.0	0.0
extratropical	0.0	1.0	0.0	0.0	0.0	0.0	0.0	0.0	0.0	0.0
cyclones	0.0	1.0	0.0	0.0	0.0	0.0	0.0	0.0	0.0	0.0
northeast	0.0	1.0	0.0	0.0	0.0	0.0	0.0	0.0	0.0	0.0
midwest	0.0	1.0	0.0	0.0	0.0	0.0	0.0	0.0	0.0	0.0
training	0.0	0.0	0.25	0.5	0.0	0.0	0.0	0.25	0.0	0.0
convolutional	0.0	0.0	0.0	0.5	0.0	0.5	0.0	0.0	0.0	0.0
neural	0.2857142857142857	0.14285714285714285	0.0	0.14285714285714285	0.14285714285714285	0.14285714285714285	0.0	0.14285714285714285	0.0	0.0
network	0.375	0.25	0.125	0.125	0.0	0.0	0.0	0.125	0.0	0.0
realbogus	0.0	0.0	0.0	1.0	0.0	0.0	0.0	0.0	0.0	0.0
classification	0.21428571428571427	0.5714285714285714	0.07142857142857142	0.07142857142857142	0.0	0.0	0.0	0.07142857142857142	0.0	0.0
atlas	0.0	0.0	0.0	1.0	0.0	0.0	0.0	0.0	0.0	0.0
numerical	0.3333333333333333	0.16666666666666666	0.16666666666666666	0.08333333333333333	0.0	0.25	0.0	0.0	0.0	0.0
suggest	0.0	0.0	0.0	1.0	0.0	0.0	0.0	0.0	0.0	0.0
asteroids	0.0	0.0	0.0	1.0	0.0	0.0	0.0	0.0	0.0	0.0
bennu	0.0	0.0	0.0	1.0	0.0	0.0	0.0	0.0	0.0	0.0
ryugu	0.0	0.0	0.0	1.0	0.0	0.0	0.0	0.0	0.0	0.0
likely	0.3333333333333333	0.0	0.0	0.6666666666666666	0.0	0.0	0.0	0.0	0.0	0.0
second	0.75	0.0	0.0	0.25	0.0	0.0	0.0	0.0	0.0	0.0
later	0.0	0.0	0.0	1.0	0.0	0.0	0.0	0.0	0.0	0.0
rubble	0.0	0.0	0.0	1.0	0.0	0.0	0.0	0.0	0.0	0.0
piles	0.0	0.0	0.0	1.0	0.0	0.0	0.0	0.0	0.0	0.0
wetlands	0.0	1.0	0.0	0.0	0.0	0.0	0.0	0.0	0.0	0.0
level	0.0	0.8	0.0	0.0	0.1	0.1	0.0	0.0	0.0	0.0
measurements	0.15789473684210525	0.3684210526315789	0.23684210526315788	0.13157894736842105	0.0	0.07894736842105263	0.0	0.0	0.02631578947368421	0.0
altimeters	0.0	1.0	0.0	0.0	0.0	0.0	0.0	0.0	0.0	0.0
systematic	0.5	0.5	0.0	0.0	0.0	0.0	0.0	0.0	0.0	0.0
spatialtemporal	0.0	1.0	0.0	0.0	0.0	0.0	0.0	0.0	0.0	0.0
evaluation	0.06666666666666667	0.6666666666666666	0.0	0.06666666666666667	0.0	0.13333333333333333	0.0	0.0	0.06666666666666667	0.0
icesat	0.0	1.0	0.0	0.0	0.0	0.0	0.0	0.0	0.0	0.0
gedi	0.0	1.0	0.0	0.0	0.0	0.0	0.0	0.0	0.0	0.0
missions	0.0	0.3333333333333333	0.3333333333333333	0.0	0.0	0.3333333333333333	0.0	0.0	0.0	0.0
florida	0.0	1.0	0.0	0.0	0.0	0.0	0.0	0.0	0.0	0.0
everglades	0.0	1.0	0.0	0.0	0.0	0.0	0.0	0.0	0.0	0.0
scptrinityscp	1.0	0.0	0.0	0.0	0.0	0.0	0.0	0.0	0.0	0.0
iii	0.7142857142857143	0.0	0.0	0.14285714285714285	0.0	0.14285714285714285	0.0	0.0	0.0	0.0
quasar	1.0	0.0	0.0	0.0	0.0	0.0	0.0	0.0	0.0	0.0
luminosity	1.0	0.0	0.0	0.0	0.0	0.0	0.0	0.0	0.0	0.0
functions	0.4	0.4	0.2	0.0	0.0	0.0	0.0	0.0	0.0	0.0
decomposed	1.0	0.0	0.0	0.0	0.0	0.0	0.0	0.0	0.0	0.0
halo	1.0	0.0	0.0	0.0	0.0	0.0	0.0	0.0	0.0	0.0
galaxy	1.0	0.0	0.0	0.0	0.0	0.0	0.0	0.0	0.0	0.0
masses	0.8	0.0	0.0	0.1	0.0	0.1	0.0	0.0	0.0	0.0
as	0.2857142857142857	0.16666666666666666	0.19047619047619047	0.3333333333333333	0.0	0.0	0.0	0.023809523809523808	0.0	0.0
eddington	1.0	0.0	0.0	0.0	0.0	0.0	0.0	0.0	0.0	0.0
tattoolike	0.0	0.0	0.0	0.0	1.0	0.0	0.0	0.0	0.0	0.0
flexible	0.0	0.0	0.0	0.0	0.5	0.5	0.0	0.0	0.0	0.0
ethylene	0.0	0.0	0.0	0.0	0.5	0.0	0.5	0.0	0.0	0.0
sensor	0.0	0.2	0.0	0.0	0.2	0.4	0.0	0.0	0.2	0.0
plant	0.0	0.3333333333333333	0.0	0.0	0.16666666666666666	0.3333333333333333	0.0	0.16666666666666666	0.0	0.0
monitoring	0.14285714285714285	0.5714285714285714	0.0	0.0	0.14285714285714285	0.0	0.0	0.14285714285714285	0.0	0.0
realtime	0.0	0.3333333333333333	0.2222222222222222	0.0	0.1111111111111111	0.1111111111111111	0.0	0.0	0.2222222222222222	0.0
nitrogen	0.2	0.2	0.0	0.3	0.0	0.1	0.0	0.2	0.0	0.0
inventory	0.0	0.0	0.0	1.0	0.0	0.0	0.0	0.0	0.0	0.0
meteorite	0.0	0.0	0.0	1.0	0.0	0.0	0.0	0.0	0.0	0.0
parent	0.0	0.0	0.0	1.0	0.0	0.0	0.0	0.0	0.0	0.0
bodies	0.2	0.0	0.0	0.8	0.0	0.0	0.0	0.0	0.0	0.0
partitioning	0.0	0.6	0.0	0.4	0.0	0.0	0.0	0.0	0.0	0.0
ferich	0.0	0.0	0.0	1.0	0.0	0.0	0.0	0.0	0.0	0.0
alloys	0.0	0.25	0.0	0.25	0.0	0.0	0.0	0.0	0.5	0.0
minidisks	1.0	0.0	0.0	0.0	0.0	0.0	0.0	0.0	0.0	0.0
accreting	1.0	0.0	0.0	0.0	0.0	0.0	0.0	0.0	0.0	0.0
rprocess	1.0	0.0	0.0	0.0	0.0	0.0	0.0	0.0	0.0	0.0
alliance	1.0	0.0	0.0	0.0	0.0	0.0	0.0	0.0	0.0	0.0
mass	0.625	0.075	0.2	0.1	0.0	0.0	0.0	0.0	0.0	0.0
j	1.0	0.0	0.0	0.0	0.0	0.0	0.0	0.0	0.0	0.0
highestknown	1.0	0.0	0.0	0.0	0.0	0.0	0.0	0.0	0.0	0.0
eufe	1.0	0.0	0.0	0.0	0.0	0.0	0.0	0.0	0.0	0.0
downstream	0.0	0.0	1.0	0.0	0.0	0.0	0.0	0.0	0.0	0.0
collisionless	0.42857142857142855	0.0	0.5714285714285714	0.0	0.0	0.0	0.0	0.0	0.0	0.0
recent	0.3333333333333333	0.0	0.3333333333333333	0.3333333333333333	0.0	0.0	0.0	0.0	0.0	0.0
discoveries	0.0	0.0	1.0	0.0	0.0	0.0	0.0	0.0	0.0	0.0
prototype	0.0	0.0	1.0	0.0	0.0	0.0	0.0	0.0	0.0	0.0
tesseract	0.0	0.0	1.0	0.0	0.0	0.0	0.0	0.0	0.0	0.0
fluxgate	0.0	0.0	1.0	0.0	0.0	0.0	0.0	0.0	0.0	0.0
magnetometer	0.0	0.0	1.0	0.0	0.0	0.0	0.0	0.0	0.0	0.0
acesiilow	0.0	0.0	1.0	0.0	0.0	0.0	0.0	0.0	0.0	0.0
sounding	0.0	0.0	1.0	0.0	0.0	0.0	0.0	0.0	0.0	0.0
rocket	0.0	0.0	0.4	0.0	0.0	0.6	0.0	0.0	0.0	0.0
spectroscopic	0.6666666666666666	0.0	0.16666666666666666	0.0	0.0	0.16666666666666666	0.0	0.0	0.0	0.0
august	0.0	0.3333333333333333	0.6666666666666666	0.0	0.0	0.0	0.0	0.0	0.0	0.0
spectral	0.2	0.36	0.12	0.32	0.0	0.0	0.0	0.0	0.0	0.0
line	0.2857142857142857	0.2857142857142857	0.35714285714285715	0.07142857142857142	0.0	0.0	0.0	0.0	0.0	0.0
widths	0.5	0.0	0.5	0.0	0.0	0.0	0.0	0.0	0.0	0.0
doppler	0.3333333333333333	0.0	0.6666666666666666	0.0	0.0	0.0	0.0	0.0	0.0	0.0
shifts	0.0	0.6666666666666666	0.3333333333333333	0.0	0.0	0.0	0.0	0.0	0.0	0.0
open	0.16666666666666666	0.0	0.6666666666666666	0.0	0.16666666666666666	0.0	0.0	0.0	0.0	0.0
structures	0.25	0.16666666666666666	0.4166666666666667	0.0	0.0	0.0	0.0	0.0	0.16666666666666666	0.0
collision	0.6	0.0	0.0	0.2	0.0	0.0	0.0	0.0	0.2	0.0
crosssection	0.0	0.0	0.0	1.0	0.0	0.0	0.0	0.0	0.0	0.0
small	0.42857142857142855	0.0	0.0	0.2857142857142857	0.0	0.2857142857142857	0.0	0.0	0.0	0.0
molecules	0.5	0.0	0.0	0.5	0.0	0.0	0.0	0.0	0.0	0.0
via	0.1111111111111111	0.05555555555555555	0.16666666666666666	0.2222222222222222	0.05555555555555555	0.2777777777777778	0.0	0.05555555555555555	0.05555555555555555	0.0
transient	0.5	0.0	0.0	0.375	0.0	0.125	0.0	0.0	0.0	0.0
decay	0.5	0.0	0.25	0.25	0.0	0.0	0.0	0.0	0.0	0.0
orbitrap	0.0	0.0	0.0	1.0	0.0	0.0	0.0	0.0	0.0	0.0
analyzers	0.0	0.0	0.0	1.0	0.0	0.0	0.0	0.0	0.0	0.0
machine	0.25	0.20833333333333334	0.16666666666666666	0.08333333333333333	0.0	0.16666666666666666	0.041666666666666664	0.041666666666666664	0.041666666666666664	0.0
learning	0.16216216216216217	0.43243243243243246	0.10810810810810811	0.02702702702702703	0.0	0.1891891891891892	0.0	0.02702702702702703	0.05405405405405406	0.0
approach	0.05263157894736842	0.2631578947368421	0.3157894736842105	0.05263157894736842	0.0	0.15789473684210525	0.0	0.05263157894736842	0.10526315789473684	0.0
understanding	0.0625	0.5	0.1875	0.1875	0.0	0.0	0.0	0.0625	0.0	0.0
estimate	0.4	0.4	0.0	0.2	0.0	0.0	0.0	0.0	0.0	0.0
fraction	0.8	0.0	0.0	0.0	0.2	0.0	0.0	0.0	0.0	0.0
among	0.5	0.25	0.0	0.25	0.0	0.0	0.0	0.0	0.0	0.0
young	0.6666666666666666	0.0	0.16666666666666666	0.16666666666666666	0.0	0.0	0.0	0.0	0.0	0.0
stars	0.8709677419354839	0.0	0.03225806451612903	0.03225806451612903	0.0	0.06451612903225806	0.0	0.0	0.0	0.0
center	1.0	0.0	0.0	0.0	0.0	0.0	0.0	0.0	0.0	0.0
possible	0.6	0.0	0.2	0.2	0.0	0.0	0.0	0.0	0.0	0.0
radial	1.0	0.0	0.0	0.0	0.0	0.0	0.0	0.0	0.0	0.0
dependence	0.5	0.0	0.0	0.25	0.0	0.25	0.0	0.0	0.0	0.0
implementation	0.0	0.0	1.0	0.0	0.0	0.0	0.0	0.0	0.0	0.0
asymmetric	0.6666666666666666	0.0	0.3333333333333333	0.0	0.0	0.0	0.0	0.0	0.0	0.0
magnetosphereionosphere	0.0	0.0	1.0	0.0	0.0	0.0	0.0	0.0	0.0	0.0
cimi	0.0	0.0	1.0	0.0	0.0	0.0	0.0	0.0	0.0	0.0
beatprofiler	0.0	0.0	0.0	0.0	0.0	0.0	0.0	1.0	0.0	0.0
multimodal	0.5	0.0	0.0	0.0	0.0	0.0	0.0	0.5	0.0	0.0
vitro	0.0	0.0	0.0	0.0	0.0	0.0	0.0	1.0	0.0	0.0
cardiac	0.0	0.0	0.0	0.0	0.0	0.0	0.0	1.0	0.0	0.0
function	0.42857142857142855	0.0	0.14285714285714285	0.2857142857142857	0.0	0.0	0.0	0.14285714285714285	0.0	0.0
enables	0.0	0.0	0.0	0.0	0.0	0.0	0.0	1.0	0.0	0.0
diseases	0.0	0.0	0.0	0.0	0.0	0.0	0.0	1.0	0.0	0.0
drugs	0.0	0.0	0.0	0.0	0.0	0.0	0.0	1.0	0.0	0.0
absolute	0.5	0.5	0.0	0.0	0.0	0.0	0.0	0.0	0.0	0.0
calibration	0.8	0.2	0.0	0.0	0.0	0.0	0.0	0.0	0.0	0.0
iv	1.0	0.0	0.0	0.0	0.0	0.0	0.0	0.0	0.0	0.0
use	0.2	0.8	0.0	0.0	0.0	0.0	0.0	0.0	0.0	0.0
gtype	1.0	0.0	0.0	0.0	0.0	0.0	0.0	0.0	0.0	0.0
primary	0.16666666666666666	0.3333333333333333	0.16666666666666666	0.16666666666666666	0.16666666666666666	0.0	0.0	0.0	0.0	0.0
calibrators	1.0	0.0	0.0	0.0	0.0	0.0	0.0	0.0	0.0	0.0
spin	0.75	0.0	0.0	0.0	0.0	0.0	0.0	0.0	0.25	0.0
doctors	1.0	0.0	0.0	0.0	0.0	0.0	0.0	0.0	0.0	0.0
diagnose	1.0	0.0	0.0	0.0	0.0	0.0	0.0	0.0	0.0	0.0
hierarchical	0.5	0.5	0.0	0.0	0.0	0.0	0.0	0.0	0.0	0.0
merger	1.0	0.0	0.0	0.0	0.0	0.0	0.0	0.0	0.0	0.0
peroxyacyl	0.0	1.0	0.0	0.0	0.0	0.0	0.0	0.0	0.0	0.0
nitrates	0.0	1.0	0.0	0.0	0.0	0.0	0.0	0.0	0.0	0.0
pans	0.0	1.0	0.0	0.0	0.0	0.0	0.0	0.0	0.0	0.0
megacities	0.0	1.0	0.0	0.0	0.0	0.0	0.0	0.0	0.0	0.0
covid	0.0	0.6666666666666666	0.0	0.0	0.3333333333333333	0.0	0.0	0.0	0.0	0.0
tropospheric	0.0	1.0	0.0	0.0	0.0	0.0	0.0	0.0	0.0	0.0
nosubsub	0.0	1.0	0.0	0.0	0.0	0.0	0.0	0.0	0.0	0.0
reductions	0.0	1.0	0.0	0.0	0.0	0.0	0.0	0.0	0.0	0.0
crosstrack	0.0	1.0	0.0	0.0	0.0	0.0	0.0	0.0	0.0	0.0
infrared	0.26666666666666666	0.4666666666666667	0.13333333333333333	0.06666666666666667	0.0	0.06666666666666667	0.0	0.0	0.0	0.0
sounder	0.0	1.0	0.0	0.0	0.0	0.0	0.0	0.0	0.0	0.0
cris	0.0	1.0	0.0	0.0	0.0	0.0	0.0	0.0	0.0	0.0
effects	0.10204081632653061	0.2857142857142857	0.24489795918367346	0.10204081632653061	0.02040816326530612	0.12244897959183673	0.02040816326530612	0.04081632653061224	0.061224489795918366	0.0
helium	0.2	0.0	0.4	0.0	0.0	0.4	0.0	0.0	0.0	0.0
singlephoton	0.0	0.0	0.0	0.0	0.0	1.0	0.0	0.0	0.0	0.0
sensitivity	0.0	0.5384615384615384	0.0	0.0	0.0	0.15384615384615385	0.0	0.07692307692307693	0.23076923076923078	0.0
mgb	0.0	0.0	0.0	0.0	0.0	1.0	0.0	0.0	0.0	0.0
nbn	0.0	0.0	0.0	0.0	0.0	1.0	0.0	0.0	0.0	0.0
detectors	0.0	0.0	0.5	0.0	0.0	0.5	0.0	0.0	0.0	0.0
ultrabroadband	1.0	0.0	0.0	0.0	0.0	0.0	0.0	0.0	0.0	0.0
lowresolution	1.0	0.0	0.0	0.0	0.0	0.0	0.0	0.0	0.0	0.0
astrophotonic	1.0	0.0	0.0	0.0	0.0	0.0	0.0	0.0	0.0	0.0
spectrographs	1.0	0.0	0.0	0.0	0.0	0.0	0.0	0.0	0.0	0.0
high	0.17857142857142858	0.39285714285714285	0.14285714285714285	0.10714285714285714	0.0	0.07142857142857142	0.0	0.0	0.10714285714285714	0.0
angular	1.0	0.0	0.0	0.0	0.0	0.0	0.0	0.0	0.0	0.0
momentum	0.6	0.2	0.0	0.0	0.0	0.2	0.0	0.0	0.0	0.0
differentially	1.0	0.0	0.0	0.0	0.0	0.0	0.0	0.0	0.0	0.0
rotating	0.375	0.0	0.0	0.125	0.125	0.125	0.0	0.0	0.25	0.0
equilibrium	0.75	0.0	0.25	0.0	0.0	0.0	0.0	0.0	0.0	0.0
evolutions	1.0	0.0	0.0	0.0	0.0	0.0	0.0	0.0	0.0	0.0
conformally	1.0	0.0	0.0	0.0	0.0	0.0	0.0	0.0	0.0	0.0
flat	0.5	0.0	0.0	0.0	0.0	0.0	0.5	0.0	0.0	0.0
spacetime	1.0	0.0	0.0	0.0	0.0	0.0	0.0	0.0	0.0	0.0
rates	0.3333333333333333	0.2	0.26666666666666666	0.13333333333333333	0.0	0.06666666666666667	0.0	0.0	0.0	0.0
ne	1.0	0.0	0.0	0.0	0.0	0.0	0.0	0.0	0.0	0.0
v	0.7777777777777778	0.0	0.0	0.1111111111111111	0.0	0.0	0.0	0.0	0.1111111111111111	0.0
selected	1.0	0.0	0.0	0.0	0.0	0.0	0.0	0.0	0.0	0.0
nuclei	0.7777777777777778	0.0	0.0	0.1111111111111111	0.0	0.0	0.1111111111111111	0.0	0.0	0.0
decrease	1.0	0.0	0.0	0.0	0.0	0.0	0.0	0.0	0.0	0.0
main	0.5714285714285714	0.14285714285714285	0.14285714285714285	0.14285714285714285	0.0	0.0	0.0	0.0	0.0	0.0
sequence	0.6666666666666666	0.0	0.0	0.16666666666666666	0.16666666666666666	0.0	0.0	0.0	0.0	0.0
bioreactor	0.0	0.0	0.0	0.0	1.0	0.0	0.0	0.0	0.0	0.0
skeletal	0.0	0.0	0.0	0.0	1.0	0.0	0.0	0.0	0.0	0.0
muscle	0.0	0.0	0.0	0.0	1.0	0.0	0.0	0.0	0.0	0.0
hypertrophy	0.0	0.0	0.0	0.0	1.0	0.0	0.0	0.0	0.0	0.0
atrophy	0.0	0.0	0.0	0.0	1.0	0.0	0.0	0.0	0.0	0.0
manipulating	0.0	0.0	0.0	0.0	0.5	0.5	0.0	0.0	0.0	0.0
uniaxial	0.0	0.0	0.0	0.0	1.0	0.0	0.0	0.0	0.0	0.0
cyclic	0.0	0.0	0.0	0.0	1.0	0.0	0.0	0.0	0.0	0.0
strain	0.0	0.0	0.0	0.0	1.0	0.0	0.0	0.0	0.0	0.0
proof	0.0	0.0	0.0	0.0	1.0	0.0	0.0	0.0	0.0	0.0
concept	0.0	0.0	0.0	0.0	0.5	0.5	0.0	0.0	0.0	0.0
energetic	0.038461538461538464	0.0	0.6153846153846154	0.2692307692307692	0.0	0.07692307692307693	0.0	0.0	0.0	0.0
subauroral	0.0	0.0	1.0	0.0	0.0	0.0	0.0	0.0	0.0	0.0
streams	0.2222222222222222	0.1111111111111111	0.6666666666666666	0.0	0.0	0.0	0.0	0.0	0.0	0.0
improving	0.0	0.3333333333333333	0.0	0.3333333333333333	0.0	0.0	0.0	0.3333333333333333	0.0	0.0
estimates	0.07692307692307693	0.8461538461538461	0.07692307692307693	0.0	0.0	0.0	0.0	0.0	0.0	0.0
dissolved	0.0	1.0	0.0	0.0	0.0	0.0	0.0	0.0	0.0	0.0
doc	0.0	1.0	0.0	0.0	0.0	0.0	0.0	0.0	0.0	0.0
concentration	0.0	0.6666666666666666	0.0	0.3333333333333333	0.0	0.0	0.0	0.0	0.0	0.0
fluorescence	0.0	1.0	0.0	0.0	0.0	0.0	0.0	0.0	0.0	0.0
estuaries	0.0	1.0	0.0	0.0	0.0	0.0	0.0	0.0	0.0	0.0
coastal	0.0	0.8333333333333334	0.0	0.16666666666666666	0.0	0.0	0.0	0.0	0.0	0.0
whistlermode	0.0	0.0	0.6	0.4	0.0	0.0	0.0	0.0	0.0	0.0
amplitudes	0.0	0.0	0.0	1.0	0.0	0.0	0.0	0.0	0.0	0.0
frequency	0.0	0.25	0.25	0.25	0.0	0.25	0.0	0.0	0.0	0.0
jupiters	0.2857142857142857	0.0	0.2857142857142857	0.42857142857142855	0.0	0.0	0.0	0.0	0.0	0.0
magnetosphere	0.0	0.0	0.7777777777777778	0.2222222222222222	0.0	0.0	0.0	0.0	0.0	0.0
inferring	0.2	0.2	0.6	0.0	0.0	0.0	0.0	0.0	0.0	0.0
interstellar	0.5	0.0	0.5	0.0	0.0	0.0	0.0	0.0	0.0	0.0
direction	0.0	0.0	1.0	0.0	0.0	0.0	0.0	0.0	0.0	0.0
atom	0.0	0.3333333333333333	0.3333333333333333	0.0	0.0	0.0	0.0	0.0	0.3333333333333333	0.0
heliotail	0.0	0.0	1.0	0.0	0.0	0.0	0.0	0.0	0.0	0.0
perturbations	0.6	0.0	0.4	0.0	0.0	0.0	0.0	0.0	0.0	0.0
spinning	1.0	0.0	0.0	0.0	0.0	0.0	0.0	0.0	0.0	0.0
dynamical	0.5555555555555556	0.0	0.0	0.2222222222222222	0.0	0.1111111111111111	0.0	0.1111111111111111	0.0	0.0
chernsimons	1.0	0.0	0.0	0.0	0.0	0.0	0.0	0.0	0.0	0.0
slow	0.25	0.0	0.75	0.0	0.0	0.0	0.0	0.0	0.0	0.0
equations	0.5	0.0	0.0	0.0	0.0	0.0	0.0	0.0	0.5	0.0
farview	0.0	0.0	0.0	0.0	0.0	1.0	0.0	0.0	0.0	0.0
insitu	0.0	0.0	0.5	0.0	0.0	0.5	0.0	0.0	0.0	0.0
manufactured	0.0	0.0	0.5	0.0	0.0	0.5	0.0	0.0	0.0	0.0
lunar	0.0	0.0	0.04878048780487805	0.6341463414634146	0.0	0.2682926829268293	0.0	0.04878048780487805	0.0	0.0
far	0.0	0.0	0.0	0.0	0.0	1.0	0.0	0.0	0.0	0.0
side	0.5	0.0	0.0	0.0	0.0	0.25	0.0	0.0	0.25	0.0
array	0.0	0.0	0.0	0.0	0.0	1.0	0.0	0.0	0.0	0.0
cm	0.3333333333333333	0.3333333333333333	0.0	0.0	0.0	0.3333333333333333	0.0	0.0	0.0	0.0
dark	0.8	0.0	0.0	0.1	0.0	0.1	0.0	0.0	0.0	0.0
ages	0.0	0.0	0.0	0.0	0.0	1.0	0.0	0.0	0.0	0.0
cosmology	0.5	0.0	0.0	0.0	0.0	0.5	0.0	0.0	0.0	0.0
biophysical	0.0	1.0	0.0	0.0	0.0	0.0	0.0	0.0	0.0	0.0
parameterization	0.2	0.6	0.0	0.2	0.0	0.0	0.0	0.0	0.0	0.0
ocean	0.0	0.926829268292683	0.0	0.07317073170731707	0.0	0.0	0.0	0.0	0.0	0.0
radiant	0.0	1.0	0.0	0.0	0.0	0.0	0.0	0.0	0.0	0.0
conditions	0.14285714285714285	0.21428571428571427	0.21428571428571427	0.2857142857142857	0.0	0.0	0.0	0.0	0.14285714285714285	0.0
nearsurface	0.0	1.0	0.0	0.0	0.0	0.0	0.0	0.0	0.0	0.0
stratification	0.0	1.0	0.0	0.0	0.0	0.0	0.0	0.0	0.0	0.0
igwas	0.0	0.0	0.0	0.0	0.0	0.0	0.0	1.0	0.0	0.0
imagebased	0.0	0.0	0.0	0.0	0.0	0.5	0.0	0.5	0.0	0.0
genomewide	0.0	0.0	0.0	0.0	0.0	0.0	0.0	1.0	0.0	0.0
association	0.3333333333333333	0.0	0.0	0.3333333333333333	0.0	0.0	0.0	0.3333333333333333	0.0	0.0
selfsupervised	0.0	0.0	0.0	0.0	0.0	0.0	0.0	1.0	0.0	0.0
deep	0.03571428571428571	0.5714285714285714	0.14285714285714285	0.07142857142857142	0.0	0.07142857142857142	0.03571428571428571	0.03571428571428571	0.03571428571428571	0.0
phenotyping	0.0	0.0	0.0	0.0	0.0	0.0	0.0	1.0	0.0	0.0
retina	0.0	0.0	0.0	0.0	0.0	0.0	0.0	1.0	0.0	0.0
fundus	0.0	0.0	0.0	0.0	0.0	0.0	0.0	1.0	0.0	0.0
images	0.0	0.3333333333333333	0.0	0.0	0.0	0.0	0.3333333333333333	0.3333333333333333	0.0	0.0
controlled	0.0	0.0	0.0	0.0	0.0	1.0	0.0	0.0	0.0	0.0
midinfrared	0.2	0.0	0.2	0.2	0.0	0.4	0.0	0.0	0.0	0.0
quantum	0.6666666666666666	0.0	0.0	0.0	0.0	0.3333333333333333	0.0	0.0	0.0	0.0
cascade	0.5	0.25	0.0	0.0	0.0	0.25	0.0	0.0	0.0	0.0
combs	0.0	0.0	0.0	0.0	0.0	1.0	0.0	0.0	0.0	0.0
external	0.2	0.2	0.0	0.0	0.0	0.4	0.0	0.2	0.0	0.0
cavity	0.0	0.0	0.3333333333333333	0.0	0.0	0.6666666666666666	0.0	0.0	0.0	0.0
feedback	0.36363636363636365	0.36363636363636365	0.0	0.0	0.0	0.18181818181818182	0.0	0.09090909090909091	0.0	0.0
virgo	1.0	0.0	0.0	0.0	0.0	0.0	0.0	0.0	0.0	0.0
filaments	0.5	0.0	0.5	0.0	0.0	0.0	0.0	0.0	0.0	0.0
wise	1.0	0.0	0.0	0.0	0.0	0.0	0.0	0.0	0.0	0.0
measure	1.0	0.0	0.0	0.0	0.0	0.0	0.0	0.0	0.0	0.0
modification	0.5	0.5	0.0	0.0	0.0	0.0	0.0	0.0	0.0	0.0
starforming	1.0	0.0	0.0	0.0	0.0	0.0	0.0	0.0	0.0	0.0
extended	0.5714285714285714	0.0	0.14285714285714285	0.14285714285714285	0.0	0.14285714285714285	0.0	0.0	0.0	0.0
regions	0.058823529411764705	0.17647058823529413	0.5294117647058824	0.23529411764705882	0.0	0.0	0.0	0.0	0.0	0.0
around	0.8333333333333334	0.0	0.0	0.16666666666666666	0.0	0.0	0.0	0.0	0.0	0.0
cluster	1.0	0.0	0.0	0.0	0.0	0.0	0.0	0.0	0.0	0.0
dimensionality	0.0	0.0	0.0	0.0	0.0	0.6666666666666666	0.0	0.0	0.3333333333333333	0.0
reduction	0.0	0.42857142857142855	0.0	0.42857142857142855	0.0	0.14285714285714285	0.0	0.0	0.0	0.0
onboard	0.0	0.2	0.2	0.0	0.4	0.2	0.0	0.0	0.0	0.0
uncertain	0.0	0.0	0.0	0.0	0.0	1.0	0.0	0.0	0.0	0.0
atmospheres	0.16666666666666666	0.0	0.3333333333333333	0.3333333333333333	0.0	0.16666666666666666	0.0	0.0	0.0	0.0
capturing	0.0	0.5	0.0	0.0	0.0	0.0	0.0	0.0	0.5	0.0
spatiotemporal	0.0	1.0	0.0	0.0	0.0	0.0	0.0	0.0	0.0	0.0
salt	0.0	0.3333333333333333	0.0	0.6666666666666666	0.0	0.0	0.0	0.0	0.0	0.0
marsh	0.0	1.0	0.0	0.0	0.0	0.0	0.0	0.0	0.0	0.0
belowground	0.0	1.0	0.0	0.0	0.0	0.0	0.0	0.0	0.0	0.0
biomass	0.0	1.0	0.0	0.0	0.0	0.0	0.0	0.0	0.0	0.0
key	0.16666666666666666	0.3333333333333333	0.5	0.0	0.0	0.0	0.0	0.0	0.0	0.0
resilience	0.0	0.75	0.0	0.25	0.0	0.0	0.0	0.0	0.0	0.0
metric	0.0	0.6666666666666666	0.0	0.0	0.0	0.3333333333333333	0.0	0.0	0.0	0.0
through	0.20833333333333334	0.2916666666666667	0.16666666666666666	0.20833333333333334	0.041666666666666664	0.041666666666666664	0.0	0.0	0.041666666666666664	0.0
geoinformatics	0.0	1.0	0.0	0.0	0.0	0.0	0.0	0.0	0.0	0.0
nonthermodynamic	0.0	0.0	0.0	1.0	0.0	0.0	0.0	0.0	0.0	0.0
factors	0.0	0.4	0.4	0.2	0.0	0.0	0.0	0.0	0.0	0.0
competition	0.0	0.0	0.0	1.0	0.0	0.0	0.0	0.0	0.0	0.0
thermophilic	0.0	0.0	0.0	1.0	0.0	0.0	0.0	0.0	0.0	0.0
chemolithoautotrophs	0.0	0.0	0.0	1.0	0.0	0.0	0.0	0.0	0.0	0.0
deepsea	0.0	0.0	0.0	1.0	0.0	0.0	0.0	0.0	0.0	0.0
hydrothermal	0.0	0.0	0.0	1.0	0.0	0.0	0.0	0.0	0.0	0.0
vents	0.0	0.0	0.0	1.0	0.0	0.0	0.0	0.0	0.0	0.0
magnetogenesis	1.0	0.0	0.0	0.0	0.0	0.0	0.0	0.0	0.0	0.0
weibel	1.0	0.0	0.0	0.0	0.0	0.0	0.0	0.0	0.0	0.0
turbulent	0.21428571428571427	0.21428571428571427	0.2857142857142857	0.0	0.0	0.0	0.0	0.0	0.2857142857142857	0.0
dynamo	0.2857142857142857	0.0	0.5714285714285714	0.14285714285714285	0.0	0.0	0.0	0.0	0.0	0.0
separating	1.0	0.0	0.0	0.0	0.0	0.0	0.0	0.0	0.0	0.0
oscillations	0.5	0.125	0.375	0.0	0.0	0.0	0.0	0.0	0.0	0.0
astrophysics	0.8	0.0	0.2	0.0	0.0	0.0	0.0	0.0	0.0	0.0
dawn	1.0	0.0	0.0	0.0	0.0	0.0	0.0	0.0	0.0	0.0
evaluating	0.0	0.5	0.25	0.25	0.0	0.0	0.0	0.0	0.0	0.0
novel	0.125	0.25	0.0625	0.25	0.0	0.25	0.0	0.0	0.0625	0.0
detect	0.0	1.0	0.0	0.0	0.0	0.0	0.0	0.0	0.0	0.0
vertical	0.25	0.5	0.16666666666666666	0.08333333333333333	0.0	0.0	0.0	0.0	0.0	0.0
insect	0.0	1.0	0.0	0.0	0.0	0.0	0.0	0.0	0.0	0.0
damage	0.0	0.5	0.0	0.0	0.0	0.5	0.0	0.0	0.0	0.0
trees	0.0	1.0	0.0	0.0	0.0	0.0	0.0	0.0	0.0	0.0
multispectral	0.0	1.0	0.0	0.0	0.0	0.0	0.0	0.0	0.0	0.0
threedimensional	0.14285714285714285	0.2857142857142857	0.2857142857142857	0.14285714285714285	0.0	0.14285714285714285	0.0	0.0	0.0	0.0
drone	0.0	1.0	0.0	0.0	0.0	0.0	0.0	0.0	0.0	0.0
imagery	0.0	1.0	0.0	0.0	0.0	0.0	0.0	0.0	0.0	0.0
rocky	0.0	0.5	0.0	0.5	0.0	0.0	0.0	0.0	0.0	0.0
mountains	0.0	1.0	0.0	0.0	0.0	0.0	0.0	0.0	0.0	0.0
determines	1.0	0.0	0.0	0.0	0.0	0.0	0.0	0.0	0.0	0.0
kinematics	1.0	0.0	0.0	0.0	0.0	0.0	0.0	0.0	0.0	0.0
shear	0.4	0.4	0.0	0.2	0.0	0.0	0.0	0.0	0.0	0.0
irradiated	1.0	0.0	0.0	0.0	0.0	0.0	0.0	0.0	0.0	0.0
geodetic	0.0	1.0	0.0	0.0	0.0	0.0	0.0	0.0	0.0	0.0
distributed	0.0	0.3333333333333333	0.0	0.3333333333333333	0.0	0.0	0.0	0.0	0.3333333333333333	0.0
below	0.25	0.25	0.25	0.0	0.0	0.25	0.0	0.0	0.0	0.0
brittle	0.0	1.0	0.0	0.0	0.0	0.0	0.0	0.0	0.0	0.0
crust	0.0	0.5	0.0	0.5	0.0	0.0	0.0	0.0	0.0	0.0
walker	0.0	1.0	0.0	0.0	0.0	0.0	0.0	0.0	0.0	0.0
lane	0.0	1.0	0.0	0.0	0.0	0.0	0.0	0.0	0.0	0.0
geologic	0.0	0.0	0.0	1.0	0.0	0.0	0.0	0.0	0.0	0.0
saturns	0.0	0.0	0.0	1.0	0.0	0.0	0.0	0.0	0.0	0.0
midsized	0.0	0.5	0.0	0.5	0.0	0.0	0.0	0.0	0.0	0.0
moons	0.0	0.0	0.0	1.0	0.0	0.0	0.0	0.0	0.0	0.0
geodesy	0.0	1.0	0.0	0.0	0.0	0.0	0.0	0.0	0.0	0.0
uncovers	0.0	1.0	0.0	0.0	0.0	0.0	0.0	0.0	0.0	0.0
m	0.6923076923076923	0.07692307692307693	0.0	0.23076923076923078	0.0	0.0	0.0	0.0	0.0	0.0
slip	0.0	0.5	0.0	0.0	0.0	0.5	0.0	0.0	0.0	0.0
detachment	0.0	1.0	0.0	0.0	0.0	0.0	0.0	0.0	0.0	0.0
fault	0.0	0.5	0.0	0.25	0.0	0.0	0.0	0.0	0.25	0.0
prior	0.0	0.5	0.5	0.0	0.0	0.0	0.0	0.0	0.0	0.0
collapse	0.0	1.0	0.0	0.0	0.0	0.0	0.0	0.0	0.0	0.0
anak	0.0	1.0	0.0	0.0	0.0	0.0	0.0	0.0	0.0	0.0
krakatau	0.0	1.0	0.0	0.0	0.0	0.0	0.0	0.0	0.0	0.0
indonesia	0.0	1.0	0.0	0.0	0.0	0.0	0.0	0.0	0.0	0.0
calcium	0.0	0.0	0.0	0.3333333333333333	0.3333333333333333	0.3333333333333333	0.0	0.0	0.0	0.0
ecology	0.0	0.6666666666666666	0.0	0.3333333333333333	0.0	0.0	0.0	0.0	0.0	0.0
photosynthesis	0.0	0.6666666666666666	0.0	0.3333333333333333	0.0	0.0	0.0	0.0	0.0	0.0
purple	0.0	0.0	0.0	1.0	0.0	0.0	0.0	0.0	0.0	0.0
sulfur	0.4	0.0	0.0	0.6	0.0	0.0	0.0	0.0	0.0	0.0
bacteria	0.0	0.0	0.0	1.0	0.0	0.0	0.0	0.0	0.0	0.0
representation	0.25	0.5	0.25	0.0	0.0	0.0	0.0	0.0	0.0	0.0
soil	0.0	0.8666666666666667	0.0	0.0	0.0	0.13333333333333333	0.0	0.0	0.0	0.0
moisture	0.0	0.9166666666666666	0.08333333333333333	0.0	0.0	0.0	0.0	0.0	0.0	0.0
coupling	0.0	0.7142857142857143	0.14285714285714285	0.0	0.0	0.14285714285714285	0.0	0.0	0.0	0.0
enhances	0.0	0.5	0.0	0.0	0.0	0.5	0.0	0.0	0.0	0.0
waterlimited	0.0	1.0	0.0	0.0	0.0	0.0	0.0	0.0	0.0	0.0
regimes	0.0	0.5	0.0	0.0	0.0	0.5	0.0	0.0	0.0	0.0
case	0.2857142857142857	0.5714285714285714	0.0	0.07142857142857142	0.0	0.07142857142857142	0.0	0.0	0.0	0.0
study	0.19230769230769232	0.38461538461538464	0.15384615384615385	0.11538461538461539	0.0	0.11538461538461539	0.0	0.038461538461538464	0.0	0.0
offnominal	0.0	0.0	1.0	0.0	0.0	0.0	0.0	0.0	0.0	0.0
nasas	0.0	0.5	0.5	0.0	0.0	0.0	0.0	0.0	0.0	0.0
cruiser	0.0	0.0	1.0	0.0	0.0	0.0	0.0	0.0	0.0	0.0
progress	0.0	0.6666666666666666	0.3333333333333333	0.0	0.0	0.0	0.0	0.0	0.0	0.0
gaps	0.5	0.5	0.0	0.0	0.0	0.0	0.0	0.0	0.0	0.0
us	0.05263157894736842	0.9473684210526315	0.0	0.0	0.0	0.0	0.0	0.0	0.0	0.0
adaptation	0.0	0.5	0.0	0.25	0.0	0.25	0.0	0.0	0.0	0.0
policy	0.0	1.0	0.0	0.0	0.0	0.0	0.0	0.0	0.0	0.0
exvivo	0.0	0.0	0.0	0.0	1.0	0.0	0.0	0.0	0.0	0.0
twophoton	0.0	0.0	0.0	0.0	1.0	0.0	0.0	0.0	0.0	0.0
imaging	0.2777777777777778	0.2777777777777778	0.16666666666666666	0.16666666666666666	0.05555555555555555	0.05555555555555555	0.0	0.0	0.0	0.0
wholemount	0.0	0.0	0.0	0.0	1.0	0.0	0.0	0.0	0.0	0.0
muscles	0.0	0.0	0.0	0.0	1.0	0.0	0.0	0.0	0.0	0.0
visualize	0.0	0.0	0.0	0.0	1.0	0.0	0.0	0.0	0.0	0.0
stem	0.0	0.0	0.0	0.0	1.0	0.0	0.0	0.0	0.0	0.0
cell	0.0	0.42857142857142855	0.0	0.0	0.2857142857142857	0.14285714285714285	0.0	0.14285714285714285	0.0	0.0
behavior	0.5	0.0	0.0	0.25	0.25	0.0	0.0	0.0	0.0	0.0
accelerated	0.0	0.0	1.0	0.0	0.0	0.0	0.0	0.0	0.0	0.0
trapped	0.0	0.0	1.0	0.0	0.0	0.0	0.0	0.0	0.0	0.0
bottle	0.0	0.0	1.0	0.0	0.0	0.0	0.0	0.0	0.0	0.0
above	0.16666666666666666	0.6666666666666666	0.16666666666666666	0.0	0.0	0.0	0.0	0.0	0.0	0.0
flare	0.3076923076923077	0.0	0.6923076923076923	0.0	0.0	0.0	0.0	0.0	0.0	0.0
arcade	0.0	0.0	1.0	0.0	0.0	0.0	0.0	0.0	0.0	0.0
quasinormal	1.0	0.0	0.0	0.0	0.0	0.0	0.0	0.0	0.0	0.0
mode	0.2857142857142857	0.2857142857142857	0.2857142857142857	0.0	0.0	0.0	0.0	0.0	0.14285714285714285	0.0
frequencies	0.3333333333333333	0.3333333333333333	0.0	0.0	0.0	0.0	0.3333333333333333	0.0	0.0	0.0
any	1.0	0.0	0.0	0.0	0.0	0.0	0.0	0.0	0.0	0.0
subextremal	1.0	0.0	0.0	0.0	0.0	0.0	0.0	0.0	0.0	0.0
modified	1.0	0.0	0.0	0.0	0.0	0.0	0.0	0.0	0.0	0.0
scalargaussbonnet	1.0	0.0	0.0	0.0	0.0	0.0	0.0	0.0	0.0	0.0
highly	0.4	0.1	0.0	0.3	0.0	0.0	0.0	0.0	0.2	0.0
massloaded	1.0	0.0	0.0	0.0	0.0	0.0	0.0	0.0	0.0	0.0
winds	0.6666666666666666	0.2222222222222222	0.1111111111111111	0.0	0.0	0.0	0.0	0.0	0.0	0.0
cool	0.8	0.0	0.0	0.0	0.0	0.0	0.2	0.0	0.0	0.0
filament	1.0	0.0	0.0	0.0	0.0	0.0	0.0	0.0	0.0	0.0
atocn	1.0	0.0	0.0	0.0	0.0	0.0	0.0	0.0	0.0	0.0
early	0.5714285714285714	0.07142857142857142	0.0	0.2857142857142857	0.0	0.07142857142857142	0.0	0.0	0.0	0.0
time	0.16666666666666666	0.3333333333333333	0.3333333333333333	0.1111111111111111	0.0	0.0	0.0	0.0	0.05555555555555555	0.0
flares	1.0	0.0	0.0	0.0	0.0	0.0	0.0	0.0	0.0	0.0
caused	0.5	0.0	0.5	0.0	0.0	0.0	0.0	0.0	0.0	0.0
alignment	1.0	0.0	0.0	0.0	0.0	0.0	0.0	0.0	0.0	0.0
reveals	0.125	0.5	0.0	0.125	0.125	0.0	0.0	0.125	0.0	0.0
predictability	0.0	1.0	0.0	0.0	0.0	0.0	0.0	0.0	0.0	0.0
source	0.13333333333333333	0.4	0.26666666666666666	0.2	0.0	0.0	0.0	0.0	0.0	0.0
mjo	0.0	0.5	0.5	0.0	0.0	0.0	0.0	0.0	0.0	0.0
yttriastabilized	0.0	0.0	0.0	0.0	0.0	1.0	0.0	0.0	0.0	0.0
zirconia	0.0	0.0	0.0	0.0	0.0	1.0	0.0	0.0	0.0	0.0
aerogels	0.0	0.0	0.0	0.0	0.0	1.0	0.0	0.0	0.0	0.0
accelerating	0.0	0.5	0.0	0.0	0.0	0.0	0.0	0.0	0.5	0.0
evaluations	0.0	0.0	0.0	0.0	0.0	0.0	0.0	0.0	1.0	0.0
uncertainty	0.1	0.7	0.0	0.0	0.0	0.1	0.0	0.0	0.1	0.0
propagation	0.07142857142857142	0.14285714285714285	0.6428571428571429	0.0	0.0	0.0	0.0	0.0	0.14285714285714285	0.0
tensor	0.0	0.0	0.0	0.0	0.0	0.0	0.0	0.0	1.0	0.0
computational	0.0	0.0	0.0	0.0	0.0	0.5	0.0	0.0	0.5	0.0
graph	0.3333333333333333	0.0	0.0	0.0	0.0	0.0	0.0	0.0	0.6666666666666666	0.0
transformations	0.0	0.0	0.0	0.0	0.0	0.0	0.0	0.0	1.0	0.0
interannual	0.0	0.8	0.2	0.0	0.0	0.0	0.0	0.0	0.0	0.0
mean	0.6	0.4	0.0	0.0	0.0	0.0	0.0	0.0	0.0	0.0
temperature	0.1	0.65	0.05	0.05	0.0	0.1	0.0	0.0	0.05	0.0
vapor	0.0	0.8571428571428571	0.0	0.14285714285714285	0.0	0.0	0.0	0.0	0.0	0.0
tropopause	0.0	0.6666666666666666	0.3333333333333333	0.0	0.0	0.0	0.0	0.0	0.0	0.0
matterproton	1.0	0.0	0.0	0.0	0.0	0.0	0.0	0.0	0.0	0.0
cloud	0.18518518518518517	0.5555555555555556	0.1111111111111111	0.14814814814814814	0.0	0.0	0.0	0.0	0.0	0.0
proper	0.5	0.0	0.0	0.0	0.0	0.5	0.0	0.0	0.0	0.0
orthogonal	0.0	0.0	0.0	0.0	0.0	1.0	0.0	0.0	0.0	0.0
decomposition	0.0	0.6666666666666666	0.0	0.0	0.0	0.3333333333333333	0.0	0.0	0.0	0.0
assisted	0.0	0.0	0.0	0.0	0.0	1.0	0.0	0.0	0.0	0.0
eigendeformationbased	0.0	0.0	0.0	0.0	0.0	1.0	0.0	0.0	0.0	0.0
mathematical	0.0	0.5	0.0	0.0	0.0	0.5	0.0	0.0	0.0	0.0
homogenization	0.0	0.0	0.0	0.0	0.0	1.0	0.0	0.0	0.0	0.0
cracks	0.0	0.0	0.0	0.0	0.0	1.0	0.0	0.0	0.0	0.0
polycrystalline	0.0	0.0	0.0	0.0	0.0	1.0	0.0	0.0	0.0	0.0
microstructures	0.0	0.0	0.0	0.0	0.0	1.0	0.0	0.0	0.0	0.0
correlation	0.8333333333333334	0.16666666666666666	0.0	0.0	0.0	0.0	0.0	0.0	0.0	0.0
mrs	1.0	0.0	0.0	0.0	0.0	0.0	0.0	0.0	0.0	0.0
cmb	1.0	0.0	0.0	0.0	0.0	0.0	0.0	0.0	0.0	0.0
indicate	0.5	0.0	0.0	0.5	0.0	0.0	0.0	0.0	0.0	0.0
unmodeled	1.0	0.0	0.0	0.0	0.0	0.0	0.0	0.0	0.0	0.0
foreground	1.0	0.0	0.0	0.0	0.0	0.0	0.0	0.0	0.0	0.0
transients	0.0	0.0	0.0	0.5	0.0	0.0	0.0	0.0	0.5	0.0
jcontrolled	0.0	0.0	0.0	0.0	0.0	0.0	0.0	0.0	1.0	0.0
fatigue	0.0	0.0	0.0	0.0	0.0	0.3333333333333333	0.0	0.0	0.6666666666666666	0.0
adhesives	0.0	0.0	0.0	0.0	0.0	0.0	0.0	0.0	1.0	0.0
tesskeck	1.0	0.0	0.0	0.0	0.0	0.0	0.0	0.0	0.0	0.0
xxii	1.0	0.0	0.0	0.0	0.0	0.0	0.0	0.0	0.0	0.0
subneptune	1.0	0.0	0.0	0.0	0.0	0.0	0.0	0.0	0.0	0.0
orbiting	0.6	0.2	0.0	0.0	0.0	0.2	0.0	0.0	0.0	0.0
toi	1.0	0.0	0.0	0.0	0.0	0.0	0.0	0.0	0.0	0.0
preferential	0.25	0.25	0.5	0.0	0.0	0.0	0.0	0.0	0.0	0.0
acceleration	0.16666666666666666	0.0	0.6666666666666666	0.16666666666666666	0.0	0.0	0.0	0.0	0.0	0.0
heavy	0.0	0.3333333333333333	0.3333333333333333	0.3333333333333333	0.0	0.0	0.0	0.0	0.0	0.0
ions	0.0	0.0	0.8	0.0	0.0	0.0	0.0	0.2	0.0	0.0
reconnection	0.16	0.0	0.8	0.04	0.0	0.0	0.0	0.0	0.0	0.0
hybridkinetic	0.0	0.0	1.0	0.0	0.0	0.0	0.0	0.0	0.0	0.0
inertia	0.0	0.0	0.5	0.5	0.0	0.0	0.0	0.0	0.0	0.0
processes	0.2	0.4	0.1	0.3	0.0	0.0	0.0	0.0	0.0	0.0
contribution	0.16666666666666666	0.5	0.16666666666666666	0.16666666666666666	0.0	0.0	0.0	0.0	0.0	0.0
meridional	0.2	0.4	0.4	0.0	0.0	0.0	0.0	0.0	0.0	0.0
prospects	0.5	0.5	0.0	0.0	0.0	0.0	0.0	0.0	0.0	0.0
highthroughput	0.0	0.3333333333333333	0.0	0.0	0.0	0.6666666666666666	0.0	0.0	0.0	0.0
photosynthetic	0.0	0.6666666666666666	0.0	0.3333333333333333	0.0	0.0	0.0	0.0	0.0	0.0
meteor	0.0	0.0	0.0	1.0	0.0	0.0	0.0	0.0	0.0	0.0
shower	0.0	0.0	0.0	1.0	0.0	0.0	0.0	0.0	0.0	0.0
comet	0.0	0.0	0.0	1.0	0.0	0.0	0.0	0.0	0.0	0.0
pwirtanen	0.0	0.0	0.0	1.0	0.0	0.0	0.0	0.0	0.0	0.0
disentangling	1.0	0.0	0.0	0.0	0.0	0.0	0.0	0.0	0.0	0.0
explanatory	1.0	0.0	0.0	0.0	0.0	0.0	0.0	0.0	0.0	0.0
machinelearning	0.75	0.0	0.25	0.0	0.0	0.0	0.0	0.0	0.0	0.0
landscape	0.0	1.0	0.0	0.0	0.0	0.0	0.0	0.0	0.0	0.0
heterogeneity	0.0	1.0	0.0	0.0	0.0	0.0	0.0	0.0	0.0	0.0
buffers	0.0	1.0	0.0	0.0	0.0	0.0	0.0	0.0	0.0	0.0
extreme	0.21428571428571427	0.2857142857142857	0.35714285714285715	0.14285714285714285	0.0	0.0	0.0	0.0	0.0	0.0
weather	0.0	1.0	0.0	0.0	0.0	0.0	0.0	0.0	0.0	0.0
wildlife	0.0	1.0	0.0	0.0	0.0	0.0	0.0	0.0	0.0	0.0
artificial	0.0	0.2	0.2	0.2	0.2	0.0	0.0	0.2	0.0	0.0
partially	0.5	0.0	0.0	0.0	0.0	0.0	0.0	0.5	0.0	0.0
mitigates	0.0	0.0	0.0	0.0	0.0	0.0	0.0	1.0	0.0	0.0
vestibular	0.0	0.0	0.0	0.0	0.0	0.5	0.0	0.5	0.0	0.0
processing	0.2	0.2	0.0	0.0	0.0	0.4	0.0	0.2	0.0	0.0
headdown	0.0	0.0	0.0	0.0	0.0	0.0	0.0	1.0	0.0	0.0
tilt	0.0	0.0	0.0	0.0	0.0	0.0	0.0	0.5	0.5	0.0
bedrest	0.0	0.0	0.0	0.0	0.0	0.0	0.0	1.0	0.0	0.0
detectionprognostics	0.0	0.0	0.0	0.0	0.0	1.0	0.0	0.0	0.0	0.0
intermittent	0.3333333333333333	0.0	0.3333333333333333	0.0	0.0	0.3333333333333333	0.0	0.0	0.0	0.0
faults	0.0	0.0	0.0	0.3333333333333333	0.0	0.3333333333333333	0.0	0.0	0.3333333333333333	0.0
chexmate	1.0	0.0	0.0	0.0	0.0	0.0	0.0	0.0	0.0	0.0
multiprobes	1.0	0.0	0.0	0.0	0.0	0.0	0.0	0.0	0.0	0.0
three	0.2857142857142857	0.42857142857142855	0.0	0.14285714285714285	0.0	0.0	0.0	0.0	0.14285714285714285	0.0
dimensions	0.5	0.0	0.0	0.0	0.0	0.0	0.0	0.5	0.0	0.0
clumpd	1.0	0.0	0.0	0.0	0.0	0.0	0.0	0.0	0.0	0.0
inertial	0.0	0.0	0.75	0.0	0.0	0.25	0.0	0.0	0.0	0.0
suns	0.0	0.0	1.0	0.0	0.0	0.0	0.0	0.0	0.0	0.0
convection	0.18181818181818182	0.45454545454545453	0.36363636363636365	0.0	0.0	0.0	0.0	0.0	0.0	0.0
zone	0.16666666666666666	0.3333333333333333	0.3333333333333333	0.08333333333333333	0.0	0.0	0.0	0.08333333333333333	0.0	0.0
radiative	0.23809523809523808	0.42857142857142855	0.14285714285714285	0.0	0.0	0.14285714285714285	0.047619047619047616	0.0	0.0	0.0
interior	0.0	0.2	0.4	0.4	0.0	0.0	0.0	0.0	0.0	0.0
combining	0.5	0.5	0.0	0.0	0.0	0.0	0.0	0.0	0.0	0.0
igaiai	1.0	0.0	0.0	0.0	0.0	0.0	0.0	0.0	0.0	0.0
characterising	1.0	0.0	0.0	0.0	0.0	0.0	0.0	0.0	0.0	0.0
five	1.0	0.0	0.0	0.0	0.0	0.0	0.0	0.0	0.0	0.0
directly	1.0	0.0	0.0	0.0	0.0	0.0	0.0	0.0	0.0	0.0
substellar	1.0	0.0	0.0	0.0	0.0	0.0	0.0	0.0	0.0	0.0
contact	0.0	0.0	0.0	0.0	0.0	1.0	0.0	0.0	0.0	0.0
hbnencapsulated	0.0	0.0	0.0	0.0	0.0	1.0	0.0	0.0	0.0	0.0
airsensitive	0.0	0.0	0.0	0.0	0.0	1.0	0.0	0.0	0.0	0.0
atomically	0.0	0.0	0.0	0.0	0.0	1.0	0.0	0.0	0.0	0.0
semiconductors	0.0	0.0	0.0	0.0	0.0	1.0	0.0	0.0	0.0	0.0
coronal	0.058823529411764705	0.0	0.8823529411764706	0.058823529411764705	0.0	0.0	0.0	0.0	0.0	0.0
ejections	0.0	0.0	1.0	0.0	0.0	0.0	0.0	0.0	0.0	0.0
mercurys	0.0	0.0	0.25	0.75	0.0	0.0	0.0	0.0	0.0	0.0
bepicolombo	0.0	0.0	1.0	0.0	0.0	0.0	0.0	0.0	0.0	0.0
parker	0.0	0.0	1.0	0.0	0.0	0.0	0.0	0.0	0.0	0.0
probe	0.07692307692307693	0.0	0.7692307692307693	0.07692307692307693	0.0	0.0	0.0	0.0	0.07692307692307693	0.0
moisturecloudprecipitation	0.0	1.0	0.0	0.0	0.0	0.0	0.0	0.0	0.0	0.0
lower	0.14285714285714285	0.5714285714285714	0.14285714285714285	0.14285714285714285	0.0	0.0	0.0	0.0	0.0	0.0
atmosphere	0.2222222222222222	0.2222222222222222	0.1111111111111111	0.4444444444444444	0.0	0.0	0.0	0.0	0.0	0.0
functional	0.0	1.0	0.0	0.0	0.0	0.0	0.0	0.0	0.0	0.0
hydrodynamics	0.0	0.0	0.0	0.0	1.0	0.0	0.0	0.0	0.0	0.0
bubble	0.0	0.0	0.5	0.0	0.5	0.0	0.0	0.0	0.0	0.0
porous	0.0	0.0	0.0	0.0	0.25	0.75	0.0	0.0	0.0	0.0
medium	0.875	0.0	0.0	0.0	0.125	0.0	0.0	0.0	0.0	0.0
applications	0.0625	0.3125	0.0625	0.1875	0.0625	0.1875	0.0	0.0625	0.0625	0.0
packed	0.0	0.0	0.0	0.0	1.0	0.0	0.0	0.0	0.0	0.0
bed	0.0	0.0	0.0	0.0	0.25	0.5	0.0	0.0	0.25	0.0
reactors	0.0	0.0	0.0	0.0	1.0	0.0	0.0	0.0	0.0	0.0
inefficient	1.0	0.0	0.0	0.0	0.0	0.0	0.0	0.0	0.0	0.0
quasargalaxy	1.0	0.0	0.0	0.0	0.0	0.0	0.0	0.0	0.0	0.0
nirspec	1.0	0.0	0.0	0.0	0.0	0.0	0.0	0.0	0.0	0.0
turbocharging	1.0	0.0	0.0	0.0	0.0	0.0	0.0	0.0	0.0	0.0
matter	0.7333333333333333	0.26666666666666666	0.0	0.0	0.0	0.0	0.0	0.0	0.0	0.0
substructure	1.0	0.0	0.0	0.0	0.0	0.0	0.0	0.0	0.0	0.0
synthesis	0.16666666666666666	0.16666666666666666	0.0	0.16666666666666666	0.0	0.16666666666666666	0.0	0.16666666666666666	0.16666666666666666	0.0
lensing	1.0	0.0	0.0	0.0	0.0	0.0	0.0	0.0	0.0	0.0
lensed	1.0	0.0	0.0	0.0	0.0	0.0	0.0	0.0	0.0	0.0
arcs	0.5	0.0	0.5	0.0	0.0	0.0	0.0	0.0	0.0	0.0
photoionization	0.0	0.0	0.0	1.0	0.0	0.0	0.0	0.0	0.0	0.0
sodium	0.0	0.0	0.0	1.0	0.0	0.0	0.0	0.0	0.0	0.0
threshold	0.0	0.5	0.0	0.5	0.0	0.0	0.0	0.0	0.0	0.0
oxygen	0.2222222222222222	0.2222222222222222	0.1111111111111111	0.3333333333333333	0.1111111111111111	0.0	0.0	0.0	0.0	0.0
production	0.06666666666666667	0.5333333333333333	0.0	0.26666666666666666	0.0	0.13333333333333333	0.0	0.0	0.0	0.0
dissociation	0.0	0.0	0.0	1.0	0.0	0.0	0.0	0.0	0.0	0.0
europas	0.0	0.0	0.0	1.0	0.0	0.0	0.0	0.0	0.0	0.0
waterice	0.0	0.0	0.0	1.0	0.0	0.0	0.0	0.0	0.0	0.0
surface	0.10344827586206896	0.5344827586206896	0.017241379310344827	0.27586206896551724	0.034482758620689655	0.034482758620689655	0.0	0.0	0.0	0.0
frame	0.0	1.0	0.0	0.0	0.0	0.0	0.0	0.0	0.0	0.0
dependent	0.0	0.6666666666666666	0.0	0.3333333333333333	0.0	0.0	0.0	0.0	0.0	0.0
variables	0.3333333333333333	0.6666666666666666	0.0	0.0	0.0	0.0	0.0	0.0	0.0	0.0
equidistant	0.0	1.0	0.0	0.0	0.0	0.0	0.0	0.0	0.0	0.0
fisheye	0.0	1.0	0.0	0.0	0.0	0.0	0.0	0.0	0.0	0.0
lens	0.3333333333333333	0.3333333333333333	0.0	0.0	0.0	0.0	0.0	0.0	0.3333333333333333	0.0
projections	0.0	1.0	0.0	0.0	0.0	0.0	0.0	0.0	0.0	0.0
calibrate	0.5	0.0	0.5	0.0	0.0	0.0	0.0	0.0	0.0	0.0
semianalytic	1.0	0.0	0.0	0.0	0.0	0.0	0.0	0.0	0.0	0.0
renaissance	0.5	0.5	0.0	0.0	0.0	0.0	0.0	0.0	0.0	0.0
resolving	0.5	0.5	0.0	0.0	0.0	0.0	0.0	0.0	0.0	0.0
volatile	0.3333333333333333	0.3333333333333333	0.0	0.3333333333333333	0.0	0.0	0.0	0.0	0.0	0.0
abundance	0.42857142857142855	0.0	0.2857142857142857	0.14285714285714285	0.0	0.0	0.0	0.14285714285714285	0.0	0.0
hd	0.8	0.0	0.0	0.2	0.0	0.0	0.0	0.0	0.0	0.0
disc	0.8333333333333334	0.0	0.0	0.16666666666666666	0.0	0.0	0.0	0.0	0.0	0.0
longwave	0.0	0.3333333333333333	0.6666666666666666	0.0	0.0	0.0	0.0	0.0	0.0	0.0
cloudradiative	0.0	1.0	0.0	0.0	0.0	0.0	0.0	0.0	0.0	0.0
derived	0.0	0.7142857142857143	0.0	0.2857142857142857	0.0	0.0	0.0	0.0	0.0	0.0
different	0.0	0.3333333333333333	0.3333333333333333	0.0	0.0	0.0	0.0	0.0	0.3333333333333333	0.0
sets	0.0	0.5	0.0	0.5	0.0	0.0	0.0	0.0	0.0	0.0
climatic	0.0	0.5	0.0	0.5	0.0	0.0	0.0	0.0	0.0	0.0
salinity	0.0	0.8571428571428571	0.0	0.14285714285714285	0.0	0.0	0.0	0.0	0.0	0.0
exoplanets	0.42857142857142855	0.0	0.14285714285714285	0.42857142857142855	0.0	0.0	0.0	0.0	0.0	0.0
review	0.16666666666666666	0.3333333333333333	0.08333333333333333	0.08333333333333333	0.08333333333333333	0.16666666666666666	0.0	0.0	0.08333333333333333	0.0
conducting	0.5	0.5	0.0	0.0	0.0	0.0	0.0	0.0	0.0	0.0
films	0.5	0.0	0.0	0.0	0.0	0.5	0.0	0.0	0.0	0.0
tcfs	1.0	0.0	0.0	0.0	0.0	0.0	0.0	0.0	0.0	0.0
prospective	1.0	0.0	0.0	0.0	0.0	0.0	0.0	0.0	0.0	0.0
ito	1.0	0.0	0.0	0.0	0.0	0.0	0.0	0.0	0.0	0.0
azo	1.0	0.0	0.0	0.0	0.0	0.0	0.0	0.0	0.0	0.0
methods	0.2727272727272727	0.45454545454545453	0.09090909090909091	0.0	0.0	0.09090909090909091	0.0	0.0	0.09090909090909091	0.0
kinetic	0.0	0.0	0.5555555555555556	0.2222222222222222	0.0	0.2222222222222222	0.0	0.0	0.0	0.0
underestimate	0.0	0.5	0.5	0.0	0.0	0.0	0.0	0.0	0.0	0.0
seasonal	0.0	0.6666666666666666	0.25	0.08333333333333333	0.0	0.0	0.0	0.0	0.0	0.0
timing	0.2727272727272727	0.2727272727272727	0.18181818181818182	0.09090909090909091	0.0	0.18181818181818182	0.0	0.0	0.0	0.0
yields	0.3333333333333333	0.6666666666666666	0.0	0.0	0.0	0.0	0.0	0.0	0.0	0.0
needle	0.0	1.0	0.0	0.0	0.0	0.0	0.0	0.0	0.0	0.0
canopy	0.0	1.0	0.0	0.0	0.0	0.0	0.0	0.0	0.0	0.0
scales	0.08333333333333333	0.3333333333333333	0.4166666666666667	0.08333333333333333	0.0	0.0	0.0	0.0	0.08333333333333333	0.0
evergreen	0.0	1.0	0.0	0.0	0.0	0.0	0.0	0.0	0.0	0.0
needleleaf	0.0	1.0	0.0	0.0	0.0	0.0	0.0	0.0	0.0	0.0
forests	0.0	1.0	0.0	0.0	0.0	0.0	0.0	0.0	0.0	0.0
atacama	0.0	0.0	0.6666666666666666	0.3333333333333333	0.0	0.0	0.0	0.0	0.0	0.0
large	0.2222222222222222	0.16666666666666666	0.2777777777777778	0.05555555555555555	0.0	0.16666666666666666	0.0	0.0	0.1111111111111111	0.0
submillimeter	0.0	0.3333333333333333	0.6666666666666666	0.0	0.0	0.0	0.0	0.0	0.0	0.0
atlast	0.0	0.0	1.0	0.0	0.0	0.0	0.0	0.0	0.0	0.0
anomalous	0.0	0.0	0.6666666666666666	0.0	0.0	0.3333333333333333	0.0	0.0	0.0	0.0
resistivity	0.0	0.0	1.0	0.0	0.0	0.0	0.0	0.0	0.0	0.0
hybrid	0.0	0.14285714285714285	0.5714285714285714	0.14285714285714285	0.0	0.0	0.0	0.0	0.14285714285714285	0.0
drift	0.25	0.25	0.5	0.0	0.0	0.0	0.0	0.0	0.0	0.0
guide	0.5	0.0	0.5	0.0	0.0	0.0	0.0	0.0	0.0	0.0
critical	0.2	0.0	0.2	0.2	0.4	0.0	0.0	0.0	0.0	0.0
saturated	0.0	0.0	0.0	0.0	0.75	0.25	0.0	0.0	0.0	0.0
twophase	0.0	0.0	0.0	0.0	0.5	0.5	0.0	0.0	0.0	0.0
inlet	0.0	0.0	0.0	0.0	1.0	0.0	0.0	0.0	0.0	0.0
hunting	1.0	0.0	0.0	0.0	0.0	0.0	0.0	0.0	0.0	0.0
polluted	1.0	0.0	0.0	0.0	0.0	0.0	0.0	0.0	0.0	0.0
white	0.6923076923076923	0.07692307692307693	0.07692307692307693	0.07692307692307693	0.0	0.07692307692307693	0.0	0.0	0.0	0.0
dwarfs	0.9	0.0	0.1	0.0	0.0	0.0	0.0	0.0	0.0	0.0
other	0.3333333333333333	0.0	0.0	0.3333333333333333	0.16666666666666666	0.16666666666666666	0.0	0.0	0.0	0.0
treasures	1.0	0.0	0.0	0.0	0.0	0.0	0.0	0.0	0.0	0.0
gaia	1.0	0.0	0.0	0.0	0.0	0.0	0.0	0.0	0.0	0.0
xp	1.0	0.0	0.0	0.0	0.0	0.0	0.0	0.0	0.0	0.0
unsupervised	0.5	0.0	0.0	0.0	0.0	0.5	0.0	0.0	0.0	0.0
influence	0.07692307692307693	0.6923076923076923	0.0	0.23076923076923078	0.0	0.0	0.0	0.0	0.0	0.0
lowertropospheric	0.0	1.0	0.0	0.0	0.0	0.0	0.0	0.0	0.0	0.0
moistureprecipitation	0.0	1.0	0.0	0.0	0.0	0.0	0.0	0.0	0.0	0.0
southern	0.18181818181818182	0.8181818181818182	0.0	0.0	0.0	0.0	0.0	0.0	0.0	0.0
great	0.0	0.75	0.0	0.25	0.0	0.0	0.0	0.0	0.0	0.0
plains	0.0	1.0	0.0	0.0	0.0	0.0	0.0	0.0	0.0	0.0
dryness	0.0	1.0	0.0	0.0	0.0	0.0	0.0	0.0	0.0	0.0
solarinduced	0.0	1.0	0.0	0.0	0.0	0.0	0.0	0.0	0.0	0.0
chlorophyll	0.0	1.0	0.0	0.0	0.0	0.0	0.0	0.0	0.0	0.0
towerbased	0.0	1.0	0.0	0.0	0.0	0.0	0.0	0.0	0.0	0.0
temperate	0.0	1.0	0.0	0.0	0.0	0.0	0.0	0.0	0.0	0.0
forest	0.11764705882352941	0.8823529411764706	0.0	0.0	0.0	0.0	0.0	0.0	0.0	0.0
release	0.25	0.0	0.5	0.25	0.0	0.0	0.0	0.0	0.0	0.0
particles	0.0	0.125	0.5	0.0	0.125	0.25	0.0	0.0	0.0	0.0
shock	0.1111111111111111	0.1111111111111111	0.7777777777777778	0.0	0.0	0.0	0.0	0.0	0.0	0.0
september	0.0	0.3333333333333333	0.6666666666666666	0.0	0.0	0.0	0.0	0.0	0.0	0.0
four	0.0	0.3333333333333333	0.6666666666666666	0.0	0.0	0.0	0.0	0.0	0.0	0.0
melt	0.0	0.3333333333333333	0.0	0.6666666666666666	0.0	0.0	0.0	0.0	0.0	0.0
advanced	0.0	0.3333333333333333	0.16666666666666666	0.3333333333333333	0.0	0.0	0.0	0.0	0.16666666666666666	0.0
microwave	0.16666666666666666	0.5	0.0	0.0	0.0	0.3333333333333333	0.0	0.0	0.0	0.0
scanning	0.0	1.0	0.0	0.0	0.0	0.0	0.0	0.0	0.0	0.0
radiometer	0.0	1.0	0.0	0.0	0.0	0.0	0.0	0.0	0.0	0.0
radiativetransfer	0.0	1.0	0.0	0.0	0.0	0.0	0.0	0.0	0.0	0.0
firn	0.0	0.75	0.0	0.25	0.0	0.0	0.0	0.0	0.0	0.0
assessment	0.0	0.5384615384615384	0.07692307692307693	0.0	0.07692307692307693	0.15384615384615385	0.0	0.15384615384615385	0.0	0.0
oceanographic	0.0	1.0	0.0	0.0	0.0	0.0	0.0	0.0	0.0	0.0
export	0.0	1.0	0.0	0.0	0.0	0.0	0.0	0.0	0.0	0.0
remote	0.0	1.0	0.0	0.0	0.0	0.0	0.0	0.0	0.0	0.0
sensing	0.0	0.8571428571428571	0.0	0.07142857142857142	0.07142857142857142	0.0	0.0	0.0	0.0	0.0
exports	0.0	1.0	0.0	0.0	0.0	0.0	0.0	0.0	0.0	0.0
campaign	0.1	0.7	0.1	0.1	0.0	0.0	0.0	0.0	0.0	0.0
hphase	0.0	0.0	0.0	0.0	0.0	0.0	0.0	0.0	1.0	0.0
precipitates	0.0	0.0	0.0	0.0	0.0	0.0	0.0	0.0	1.0	0.0
nitihf	0.0	0.0	0.0	0.0	0.0	0.0	0.0	0.0	1.0	0.0
memory	0.0	0.0	0.0	0.0	0.0	0.0	0.0	0.0	1.0	0.0
tomography	0.3333333333333333	0.0	0.0	0.0	0.0	0.3333333333333333	0.0	0.0	0.3333333333333333	0.0
mev	0.0	1.0	0.0	0.0	0.0	0.0	0.0	0.0	0.0	0.0
proton	0.3333333333333333	0.16666666666666666	0.3333333333333333	0.16666666666666666	0.0	0.0	0.0	0.0	0.0	0.0
deepultraviolet	0.0	1.0	0.0	0.0	0.0	0.0	0.0	0.0	0.0	0.0
lightemitting	0.0	1.0	0.0	0.0	0.0	0.0	0.0	0.0	0.0	0.0
multiscale	0.14285714285714285	0.7142857142857143	0.0	0.14285714285714285	0.0	0.0	0.0	0.0	0.0	0.0
differential	0.2	0.4	0.2	0.0	0.0	0.0	0.0	0.0	0.2	0.0
geometry	0.25	0.5	0.0	0.0	0.0	0.25	0.0	0.0	0.0	0.0
singlecell	0.0	0.6666666666666666	0.0	0.3333333333333333	0.0	0.0	0.0	0.0	0.0	0.0
rna	0.0	0.42857142857142855	0.0	0.42857142857142855	0.14285714285714285	0.0	0.0	0.0	0.0	0.0
sequencing	0.0	1.0	0.0	0.0	0.0	0.0	0.0	0.0	0.0	0.0
farinfrared	1.0	0.0	0.0	0.0	0.0	0.0	0.0	0.0	0.0	0.0
bursts	0.8333333333333334	0.0	0.16666666666666666	0.0	0.0	0.0	0.0	0.0	0.0	0.0
trace	0.3333333333333333	0.3333333333333333	0.0	0.3333333333333333	0.0	0.0	0.0	0.0	0.0	0.0
onto	1.0	0.0	0.0	0.0	0.0	0.0	0.0	0.0	0.0	0.0
protostars	1.0	0.0	0.0	0.0	0.0	0.0	0.0	0.0	0.0	0.0
hydroponics	0.0	0.0	0.0	0.0	0.0	1.0	0.0	0.0	0.0	0.0
cultivation	0.0	0.5	0.0	0.0	0.0	0.5	0.0	0.0	0.0	0.0
paper	0.3333333333333333	0.0	0.0	0.0	0.0	0.6666666666666666	0.0	0.0	0.0	0.0
spaceflight	0.0	0.0	0.0	0.0	0.36363636363636365	0.09090909090909091	0.18181818181818182	0.36363636363636365	0.0	0.0
xyloglucan	0.0	0.0	0.0	0.0	0.0	0.0	0.0	1.0	0.0	0.0
oligosaccharide	0.0	0.0	0.0	0.0	0.0	0.0	0.0	1.0	0.0	0.0
arabidopsis	0.0	0.0	0.0	0.0	0.0	0.0	0.0	1.0	0.0	0.0
thaliana	0.0	0.0	0.0	0.0	0.0	0.0	0.0	1.0	0.0	0.0
root	0.0	0.0	0.0	0.0	0.0	0.0	0.0	1.0	0.0	0.0
walls	0.0	0.0	0.0	0.0	0.0	0.0	0.0	1.0	0.0	0.0
mainsequence	1.0	0.0	0.0	0.0	0.0	0.0	0.0	0.0	0.0	0.0
btype	1.0	0.0	0.0	0.0	0.0	0.0	0.0	0.0	0.0	0.0
pulsators	1.0	0.0	0.0	0.0	0.0	0.0	0.0	0.0	0.0	0.0
goalsjwst	1.0	0.0	0.0	0.0	0.0	0.0	0.0	0.0	0.0	0.0
ngc	1.0	0.0	0.0	0.0	0.0	0.0	0.0	0.0	0.0	0.0
revealed	0.36363636363636365	0.18181818181818182	0.18181818181818182	0.2727272727272727	0.0	0.0	0.0	0.0	0.0	0.0
nonphytoplankton	0.0	1.0	0.0	0.0	0.0	0.0	0.0	0.0	0.0	0.0
absorption	0.3333333333333333	0.6666666666666666	0.0	0.0	0.0	0.0	0.0	0.0	0.0	0.0
coefficient	0.0	0.6	0.2	0.0	0.0	0.2	0.0	0.0	0.0	0.0
seawater	0.0	1.0	0.0	0.0	0.0	0.0	0.0	0.0	0.0	0.0
visible	0.0	0.6666666666666666	0.0	0.16666666666666666	0.0	0.16666666666666666	0.0	0.0	0.0	0.0
range	0.0	0.6	0.2	0.2	0.0	0.0	0.0	0.0	0.0	0.0
contributions	0.0	0.6666666666666666	0.16666666666666666	0.16666666666666666	0.0	0.0	0.0	0.0	0.0	0.0
nonalgal	0.0	1.0	0.0	0.0	0.0	0.0	0.0	0.0	0.0	0.0
particulate	0.0	1.0	0.0	0.0	0.0	0.0	0.0	0.0	0.0	0.0
hydrodynamic	0.5	0.25	0.25	0.0	0.0	0.0	0.0	0.0	0.0	0.0
igm	1.0	0.0	0.0	0.0	0.0	0.0	0.0	0.0	0.0	0.0
fluctuations	0.3333333333333333	0.0	0.6666666666666666	0.0	0.0	0.0	0.0	0.0	0.0	0.0
that	0.6666666666666666	0.0	0.0	0.0	0.16666666666666666	0.0	0.0	0.0	0.16666666666666666	0.0
persist	1.0	0.0	0.0	0.0	0.0	0.0	0.0	0.0	0.0	0.0
unraveling	0.6666666666666666	0.0	0.3333333333333333	0.0	0.0	0.0	0.0	0.0	0.0	0.0
origins	0.0	0.0	0.6666666666666666	0.3333333333333333	0.0	0.0	0.0	0.0	0.0	0.0
eruptive	0.0	0.0	1.0	0.0	0.0	0.0	0.0	0.0	0.0	0.0
hard	0.5	0.25	0.25	0.0	0.0	0.0	0.0	0.0	0.0	0.0
spectroscopy	0.6666666666666666	0.14285714285714285	0.047619047619047616	0.09523809523809523	0.0	0.047619047619047616	0.0	0.0	0.0	0.0
neutrino	1.0	0.0	0.0	0.0	0.0	0.0	0.0	0.0	0.0	0.0
flavor	1.0	0.0	0.0	0.0	0.0	0.0	0.0	0.0	0.0	0.0
moments	1.0	0.0	0.0	0.0	0.0	0.0	0.0	0.0	0.0	0.0
robust	0.0	0.0	0.0	0.5	0.0	0.0	0.0	0.0	0.5	0.0
parametervarying	0.0	0.0	0.0	0.0	0.0	0.0	0.0	0.0	1.0	0.0
unmatched	0.0	0.0	0.0	0.0	0.0	0.0	0.0	0.0	1.0	0.0
uncertainties	0.2	0.4	0.0	0.0	0.0	0.0	0.0	0.0	0.4	0.0
grossitebearing	0.0	0.0	0.0	1.0	0.0	0.0	0.0	0.0	0.0	0.0
refractory	0.3333333333333333	0.0	0.0	0.6666666666666666	0.0	0.0	0.0	0.0	0.0	0.0
inclusions	0.0	0.0	0.0	1.0	0.0	0.0	0.0	0.0	0.0	0.0
reduced	0.0	0.14285714285714285	0.14285714285714285	0.14285714285714285	0.14285714285714285	0.2857142857142857	0.0	0.0	0.14285714285714285	0.0
cv	0.0	0.0	0.0	1.0	0.0	0.0	0.0	0.0	0.0	0.0
chondrites	0.0	0.0	0.0	1.0	0.0	0.0	0.0	0.0	0.0	0.0
mineralogical	0.0	0.3333333333333333	0.0	0.6666666666666666	0.0	0.0	0.0	0.0	0.0	0.0
isotopic	0.2857142857142857	0.0	0.0	0.7142857142857143	0.0	0.0	0.0	0.0	0.0	0.0
body	0.0	0.0	0.0	0.25	0.0	0.25	0.0	0.25	0.25	0.0
alteration	0.0	0.0	0.0	1.0	0.0	0.0	0.0	0.0	0.0	0.0
history	0.25	0.25	0.0	0.5	0.0	0.0	0.0	0.0	0.0	0.0
urban	0.0	0.8235294117647058	0.0	0.0	0.0	0.0	0.0	0.0	0.17647058823529413	0.0
postclassification	0.0	1.0	0.0	0.0	0.0	0.0	0.0	0.0	0.0	0.0
correction	0.14285714285714285	0.5714285714285714	0.0	0.14285714285714285	0.0	0.14285714285714285	0.0	0.0	0.0	0.0
performance	0.0	0.125	0.375	0.0	0.0	0.375	0.0	0.0	0.125	0.0
airborne	0.0	1.0	0.0	0.0	0.0	0.0	0.0	0.0	0.0	0.0
spaceborne	0.0	0.6	0.4	0.0	0.0	0.0	0.0	0.0	0.0	0.0
lidar	0.0	1.0	0.0	0.0	0.0	0.0	0.0	0.0	0.0	0.0
largest	0.0	1.0	0.0	0.0	0.0	0.0	0.0	0.0	0.0	0.0
dry	0.0	1.0	0.0	0.0	0.0	0.0	0.0	0.0	0.0	0.0
woodland	0.0	1.0	0.0	0.0	0.0	0.0	0.0	0.0	0.0	0.0
ecosystem	0.0	1.0	0.0	0.0	0.0	0.0	0.0	0.0	0.0	0.0
magnetosheath	0.0	0.0	0.6	0.4	0.0	0.0	0.0	0.0	0.0	0.0
impulsive	0.0	0.0	0.5	0.5	0.0	0.0	0.0	0.0	0.0	0.0
penetration	0.0	0.0	0.5	0.5	0.0	0.0	0.0	0.0	0.0	0.0
magnetopause	0.0	0.0	0.7777777777777778	0.2222222222222222	0.0	0.0	0.0	0.0	0.0	0.0
mms	0.0	0.0	0.6666666666666666	0.3333333333333333	0.0	0.0	0.0	0.0	0.0	0.0
equation	0.75	0.25	0.0	0.0	0.0	0.0	0.0	0.0	0.0	0.0
latitude	0.0	0.3333333333333333	0.6666666666666666	0.0	0.0	0.0	0.0	0.0	0.0	0.0
graticule	0.0	1.0	0.0	0.0	0.0	0.0	0.0	0.0	0.0	0.0
distance	0.4	0.6	0.0	0.0	0.0	0.0	0.0	0.0	0.0	0.0
coordinates	0.0	0.5	0.0	0.5	0.0	0.0	0.0	0.0	0.0	0.0
host	0.9090909090909091	0.0	0.0	0.0	0.09090909090909091	0.0	0.0	0.0	0.0	0.0
found	1.0	0.0	0.0	0.0	0.0	0.0	0.0	0.0	0.0	0.0
pulsar	1.0	0.0	0.0	0.0	0.0	0.0	0.0	0.0	0.0	0.0
arrays	0.5	0.0	0.0	0.0	0.0	0.25	0.0	0.0	0.25	0.0
current	0.16666666666666666	0.16666666666666666	0.4166666666666667	0.0	0.0	0.25	0.0	0.0	0.0	0.0
status	1.0	0.0	0.0	0.0	0.0	0.0	0.0	0.0	0.0	0.0
desired	1.0	0.0	0.0	0.0	0.0	0.0	0.0	0.0	0.0	0.0
precision	0.6	0.0	0.0	0.0	0.0	0.4	0.0	0.0	0.0	0.0
cross	0.5	0.0	0.5	0.0	0.0	0.0	0.0	0.0	0.0	0.0
sectionsrelevant	1.0	0.0	0.0	0.0	0.0	0.0	0.0	0.0	0.0	0.0
rays	0.3333333333333333	0.0	0.6666666666666666	0.0	0.0	0.0	0.0	0.0	0.0	0.0
fluorine	1.0	0.0	0.0	0.0	0.0	0.0	0.0	0.0	0.0	0.0
updated	0.8333333333333334	0.0	0.0	0.16666666666666666	0.0	0.0	0.0	0.0	0.0	0.0
li	0.5	0.0	0.0	0.0	0.0	0.5	0.0	0.0	0.0	0.0
managementinduced	0.0	1.0	0.0	0.0	0.0	0.0	0.0	0.0	0.0	0.0
productivity	0.0	1.0	0.0	0.0	0.0	0.0	0.0	0.0	0.0	0.0
change	0.0	0.7692307692307693	0.0	0.15384615384615385	0.0	0.07692307692307693	0.0	0.0	0.0	0.0
finite	0.8	0.0	0.0	0.0	0.0	0.0	0.0	0.2	0.0	0.0
difference	0.75	0.0	0.25	0.0	0.0	0.0	0.0	0.0	0.0	0.0
weno	1.0	0.0	0.0	0.0	0.0	0.0	0.0	0.0	0.0	0.0
scheme	1.0	0.0	0.0	0.0	0.0	0.0	0.0	0.0	0.0	0.0
hyperbolic	1.0	0.0	0.0	0.0	0.0	0.0	0.0	0.0	0.0	0.0
nonconservative	1.0	0.0	0.0	0.0	0.0	0.0	0.0	0.0	0.0	0.0
products	0.25	0.5	0.0	0.0	0.0	0.125	0.0	0.125	0.0	0.0
decentralized	0.0	0.0	0.0	0.0	0.0	0.0	0.0	0.0	1.0	0.0
graphbased	0.0	0.0	0.0	0.0	0.0	0.0	0.0	0.0	1.0	0.0
multiagent	0.0	0.0	0.0	0.0	0.0	0.0	0.0	0.0	1.0	0.0
reinforcement	0.0	0.0	0.0	0.0	0.0	0.5	0.0	0.0	0.5	0.0
reward	0.0	0.0	0.0	0.0	0.0	0.0	0.0	0.5	0.5	0.0
machines	0.0	0.0	0.0	0.0	0.0	0.5	0.0	0.0	0.5	0.0
volatiles	0.0	0.0	0.0	1.0	0.0	0.0	0.0	0.0	0.0	0.0
mare	0.0	0.0	0.0	0.75	0.0	0.25	0.0	0.0	0.0	0.0
basalts	0.0	0.0	0.0	1.0	0.0	0.0	0.0	0.0	0.0	0.0
bridging	0.0	0.3333333333333333	0.0	0.3333333333333333	0.0	0.3333333333333333	0.0	0.0	0.0	0.0
gap	0.4	0.0	0.0	0.4	0.0	0.2	0.0	0.0	0.0	0.0
hoce	0.0	0.0	0.0	1.0	0.0	0.0	0.0	0.0	0.0	0.0
ratio	0.7777777777777778	0.1111111111111111	0.0	0.1111111111111111	0.0	0.0	0.0	0.0	0.0	0.0
pyroclastic	0.0	0.0	0.0	1.0	0.0	0.0	0.0	0.0	0.0	0.0
sample	0.46153846153846156	0.0	0.0	0.46153846153846156	0.0	0.07692307692307693	0.0	0.0	0.0	0.0
samples	0.0	0.0	0.0	0.6666666666666666	0.0	0.3333333333333333	0.0	0.0	0.0	0.0
exploring	0.375	0.125	0.25	0.125	0.0	0.125	0.0	0.0	0.0	0.0
mechanisms	0.0	0.5714285714285714	0.14285714285714285	0.2857142857142857	0.0	0.0	0.0	0.0	0.0	0.0
moistureair	0.0	1.0	0.0	0.0	0.0	0.0	0.0	0.0	0.0	0.0
hypersensitive	0.0	1.0	0.0	0.0	0.0	0.0	0.0	0.0	0.0	0.0
regime	0.25	0.5	0.25	0.0	0.0	0.0	0.0	0.0	0.0	0.0
estimating	0.0	0.8571428571428571	0.0	0.0	0.0	0.0	0.0	0.0	0.14285714285714285	0.0
extent	0.0	1.0	0.0	0.0	0.0	0.0	0.0	0.0	0.0	0.0
mexico	0.0	1.0	0.0	0.0	0.0	0.0	0.0	0.0	0.0	0.0
metalpoor	1.0	0.0	0.0	0.0	0.0	0.0	0.0	0.0	0.0	0.0
insight	0.5	0.0	0.0	0.5	0.0	0.0	0.0	0.0	0.0	0.0
fields	0.6363636363636364	0.09090909090909091	0.09090909090909091	0.09090909090909091	0.0	0.09090909090909091	0.0	0.0	0.0	0.0
enrichment	1.0	0.0	0.0	0.0	0.0	0.0	0.0	0.0	0.0	0.0
pc	1.0	0.0	0.0	0.0	0.0	0.0	0.0	0.0	0.0	0.0
timedelay	1.0	0.0	0.0	0.0	0.0	0.0	0.0	0.0	0.0	0.0
cosmography	1.0	0.0	0.0	0.0	0.0	0.0	0.0	0.0	0.0	0.0
hubble	1.0	0.0	0.0	0.0	0.0	0.0	0.0	0.0	0.0	0.0
constant	1.0	0.0	0.0	0.0	0.0	0.0	0.0	0.0	0.0	0.0
intrinsic	0.3333333333333333	0.16666666666666666	0.16666666666666666	0.0	0.0	0.3333333333333333	0.0	0.0	0.0	0.0
euv	0.0	0.0	1.0	0.0	0.0	0.0	0.0	0.0	0.0	0.0
lymanalpha	0.0	0.0	1.0	0.0	0.0	0.0	0.0	0.0	0.0	0.0
fluxes	0.1	0.6	0.3	0.0	0.0	0.0	0.0	0.0	0.0	0.0
their	0.22727272727272727	0.2727272727272727	0.36363636363636365	0.09090909090909091	0.0	0.0	0.0	0.045454545454545456	0.0	0.0
exoplanet	0.5	0.0	0.25	0.25	0.0	0.0	0.0	0.0	0.0	0.0
agora	1.0	0.0	0.0	0.0	0.0	0.0	0.0	0.0	0.0	0.0
vi	1.0	0.0	0.0	0.0	0.0	0.0	0.0	0.0	0.0	0.0
similarities	1.0	0.0	0.0	0.0	0.0	0.0	0.0	0.0	0.0	0.0
differences	0.3333333333333333	0.6666666666666666	0.0	0.0	0.0	0.0	0.0	0.0	0.0	0.0
circumgalactic	1.0	0.0	0.0	0.0	0.0	0.0	0.0	0.0	0.0	0.0
cosmicray	0.6666666666666666	0.0	0.16666666666666666	0.16666666666666666	0.0	0.0	0.0	0.0	0.0	0.0
due	0.08333333333333333	0.16666666666666666	0.5	0.25	0.0	0.0	0.0	0.0	0.0	0.0
relics	1.0	0.0	0.0	0.0	0.0	0.0	0.0	0.0	0.0	0.0
tngcluster	1.0	0.0	0.0	0.0	0.0	0.0	0.0	0.0	0.0	0.0
mascon	0.0	0.0	0.0	0.0	0.0	0.0	0.0	1.0	0.0	0.0
pseudomonas	0.0	0.0	0.0	0.0	1.0	0.0	0.0	0.0	0.0	0.0
aeruginosa	0.0	0.0	0.0	0.0	1.0	0.0	0.0	0.0	0.0	0.0
size	0.16666666666666666	0.16666666666666666	0.08333333333333333	0.3333333333333333	0.08333333333333333	0.08333333333333333	0.0	0.08333333333333333	0.0	0.0
planktonic	0.0	0.0	0.0	0.0	1.0	0.0	0.0	0.0	0.0	0.0
cultures	0.0	0.0	0.0	0.0	1.0	0.0	0.0	0.0	0.0	0.0
grown	0.0	0.2	0.0	0.0	0.4	0.2	0.2	0.0	0.0	0.0
nearstorm	0.0	1.0	0.0	0.0	0.0	0.0	0.0	0.0	0.0	0.0
relationships	0.16666666666666666	0.6666666666666666	0.0	0.16666666666666666	0.0	0.0	0.0	0.0	0.0	0.0
oceanic	0.0	1.0	0.0	0.0	0.0	0.0	0.0	0.0	0.0	0.0
convective	0.2857142857142857	0.7142857142857143	0.0	0.0	0.0	0.0	0.0	0.0	0.0	0.0
nasa	0.0	1.0	0.0	0.0	0.0	0.0	0.0	0.0	0.0	0.0
cpex	0.0	1.0	0.0	0.0	0.0	0.0	0.0	0.0	0.0	0.0
cpexaw	0.0	1.0	0.0	0.0	0.0	0.0	0.0	0.0	0.0	0.0
material	0.0	0.25	0.0	0.25	0.0	0.5	0.0	0.0	0.0	0.0
crevasse	0.0	1.0	0.0	0.0	0.0	0.0	0.0	0.0	0.0	0.0
shelves	0.0	1.0	0.0	0.0	0.0	0.0	0.0	0.0	0.0	0.0
cscpiiscp	1.0	0.0	0.0	0.0	0.0	0.0	0.0	0.0	0.0	0.0
indicator	0.5	0.0	0.0	0.5	0.0	0.0	0.0	0.0	0.0	0.0
think	0.5	0.0	0.0	0.0	0.0	0.0	0.0	0.5	0.0	0.0
like	0.0	0.0	0.0	0.0	0.0	0.0	0.0	1.0	0.0	0.0
team	0.0	0.0	0.0	0.0	0.0	0.0	0.0	1.0	0.0	0.0
shared	0.0	0.0	0.0	0.0	0.0	0.0	0.0	1.0	0.0	0.0
mental	0.0	0.0	0.0	0.0	0.0	0.0	0.0	1.0	0.0	0.0
predict	0.0	0.16666666666666666	0.16666666666666666	0.16666666666666666	0.3333333333333333	0.0	0.0	0.16666666666666666	0.0	0.0
creativity	0.0	0.0	0.0	0.0	0.0	0.0	0.0	1.0	0.0	0.0
problemsolving	0.0	0.0	0.0	0.0	0.0	0.0	0.0	1.0	0.0	0.0
analogs	0.0	0.0	0.0	0.5	0.0	0.0	0.0	0.5	0.0	0.0
mechanism	0.3333333333333333	0.0	0.0	0.6666666666666666	0.0	0.0	0.0	0.0	0.0	0.0
glacial	0.0	0.0	0.0	1.0	0.0	0.0	0.0	0.0	0.0	0.0
low	0.35714285714285715	0.07142857142857142	0.2857142857142857	0.21428571428571427	0.0	0.0	0.0	0.07142857142857142	0.0	0.0
electric	0.14285714285714285	0.0	0.42857142857142855	0.0	0.0	0.2857142857142857	0.0	0.0	0.14285714285714285	0.0
zerotemperature	1.0	0.0	0.0	0.0	0.0	0.0	0.0	0.0	0.0	0.0
twolevelsystem	1.0	0.0	0.0	0.0	0.0	0.0	0.0	0.0	0.0	0.0
hydrogenated	0.5	0.5	0.0	0.0	0.0	0.0	0.0	0.0	0.0	0.0
amorphous	1.0	0.0	0.0	0.0	0.0	0.0	0.0	0.0	0.0	0.0
susceptibility	0.0	0.5	0.0	0.5	0.0	0.0	0.0	0.0	0.0	0.0
extremophiles	0.0	0.0	0.0	1.0	0.0	0.0	0.0	0.0	0.0	0.0
faruvc	0.0	0.0	0.0	1.0	0.0	0.0	0.0	0.0	0.0	0.0
light	0.2222222222222222	0.2222222222222222	0.1111111111111111	0.3333333333333333	0.0	0.1111111111111111	0.0	0.0	0.0	0.0
bioburden	0.0	0.0	0.0	1.0	0.0	0.0	0.0	0.0	0.0	0.0
assembly	0.25	0.0	0.0	0.75	0.0	0.0	0.0	0.0	0.0	0.0
facilities	0.25	0.0	0.0	0.25	0.0	0.5	0.0	0.0	0.0	0.0
crater	0.0	0.0	0.0	1.0	0.0	0.0	0.0	0.0	0.0	0.0
saturnian	0.0	0.0	0.3333333333333333	0.6666666666666666	0.0	0.0	0.0	0.0	0.0	0.0
satellites	0.16666666666666666	0.3333333333333333	0.16666666666666666	0.3333333333333333	0.0	0.0	0.0	0.0	0.0	0.0
mimas	0.0	0.0	0.0	1.0	0.0	0.0	0.0	0.0	0.0	0.0
rhea	0.0	0.0	0.0	1.0	0.0	0.0	0.0	0.0	0.0	0.0
iapetus	0.0	0.0	0.0	1.0	0.0	0.0	0.0	0.0	0.0	0.0
property	1.0	0.0	0.0	0.0	0.0	0.0	0.0	0.0	0.0	0.0
covariance	0.5	0.0	0.0	0.5	0.0	0.0	0.0	0.0	0.0	0.0
weak	1.0	0.0	0.0	0.0	0.0	0.0	0.0	0.0	0.0	0.0
scaling	0.4	0.2	0.4	0.0	0.0	0.0	0.0	0.0	0.0	0.0
relations	1.0	0.0	0.0	0.0	0.0	0.0	0.0	0.0	0.0	0.0
emergent	0.0	0.5	0.0	0.5	0.0	0.0	0.0	0.0	0.0	0.0
ribozyme	0.0	0.0	0.0	1.0	0.0	0.0	0.0	0.0	0.0	0.0
behaviors	0.0	0.0	0.0	0.5	0.0	0.0	0.0	0.5	0.0	0.0
oxychlorine	0.0	0.0	0.0	1.0	0.0	0.0	0.0	0.0	0.0	0.0
unique	0.0	0.4	0.0	0.6	0.0	0.0	0.0	0.0	0.0	0.0
niche	0.0	0.0	0.0	1.0	0.0	0.0	0.0	0.0	0.0	0.0
mars	0.125	0.0	0.0	0.875	0.0	0.0	0.0	0.0	0.0	0.0
up	1.0	0.0	0.0	0.0	0.0	0.0	0.0	0.0	0.0	0.0
days	1.0	0.0	0.0	0.0	0.0	0.0	0.0	0.0	0.0	0.0
viewing	1.0	0.0	0.0	0.0	0.0	0.0	0.0	0.0	0.0	0.0
characterizing	0.3	0.4	0.1	0.1	0.0	0.0	0.0	0.0	0.1	0.0
ordinary	1.0	0.0	0.0	0.0	0.0	0.0	0.0	0.0	0.0	0.0
broadline	1.0	0.0	0.0	0.0	0.0	0.0	0.0	0.0	0.0	0.0
type	0.6	0.13333333333333333	0.13333333333333333	0.13333333333333333	0.0	0.0	0.0	0.0	0.0	0.0
ic	1.0	0.0	0.0	0.0	0.0	0.0	0.0	0.0	0.0	0.0
sn	0.875	0.0	0.0	0.125	0.0	0.0	0.0	0.0	0.0	0.0
pel	1.0	0.0	0.0	0.0	0.0	0.0	0.0	0.0	0.0	0.0
grb	1.0	0.0	0.0	0.0	0.0	0.0	0.0	0.0	0.0	0.0
shifted	0.0	0.0	0.5	0.0	0.0	0.5	0.0	0.0	0.0	0.0
auroral	0.0	0.0	0.8888888888888888	0.1111111111111111	0.0	0.0	0.0	0.0	0.0	0.0
dmspssusi	0.0	0.0	1.0	0.0	0.0	0.0	0.0	0.0	0.0	0.0
secular	0.3333333333333333	0.0	0.0	0.6666666666666666	0.0	0.0	0.0	0.0	0.0	0.0
proxima	0.0	0.0	0.0	1.0	0.0	0.0	0.0	0.0	0.0	0.0
centauri	0.0	0.0	0.0	1.0	0.0	0.0	0.0	0.0	0.0	0.0
planetary	0.25	0.0	0.0625	0.625	0.0	0.0625	0.0	0.0	0.0	0.0
effect	0.14285714285714285	0.2857142857142857	0.07142857142857142	0.07142857142857142	0.0	0.21428571428571427	0.07142857142857142	0.14285714285714285	0.0	0.0
regolith	0.0	0.0	0.0	0.625	0.0	0.375	0.0	0.0	0.0	0.0
simulant	0.0	0.0	0.0	0.5	0.0	0.5	0.0	0.0	0.0	0.0
angle	0.0	0.0	0.4	0.4	0.0	0.2	0.0	0.0	0.0	0.0
repose	0.0	0.0	0.0	1.0	0.0	0.0	0.0	0.0	0.0	0.0
priorities	0.0	0.0	0.0	1.0	0.0	0.0	0.0	0.0	0.0	0.0
integrating	0.0	0.6666666666666666	0.16666666666666666	0.16666666666666666	0.0	0.0	0.0	0.0	0.0	0.0
microorganisms	0.0	0.0	0.0	1.0	0.0	0.0	0.0	0.0	0.0	0.0
earth	0.0	0.4375	0.0625	0.375	0.0625	0.0625	0.0	0.0	0.0	0.0
prediction	0.0	0.45454545454545453	0.0	0.09090909090909091	0.09090909090909091	0.2727272727272727	0.0	0.0	0.09090909090909091	0.0
protosolar	1.0	0.0	0.0	0.0	0.0	0.0	0.0	0.0	0.0	0.0
dtoh	1.0	0.0	0.0	0.0	0.0	0.0	0.0	0.0	0.0	0.0
one	1.0	0.0	0.0	0.0	0.0	0.0	0.0	0.0	0.0	0.0
part	0.25	0.0	0.0	0.0	0.25	0.5	0.0	0.0	0.0	0.0
per	1.0	0.0	0.0	0.0	0.0	0.0	0.0	0.0	0.0	0.0
billion	1.0	0.0	0.0	0.0	0.0	0.0	0.0	0.0	0.0	0.0
phsubsub	1.0	0.0	0.0	0.0	0.0	0.0	0.0	0.0	0.0	0.0
coldest	1.0	0.0	0.0	0.0	0.0	0.0	0.0	0.0	0.0	0.0
brown	1.0	0.0	0.0	0.0	0.0	0.0	0.0	0.0	0.0	0.0
signature	0.2	0.2	0.2	0.4	0.0	0.0	0.0	0.0	0.0	0.0
radiatively	1.0	0.0	0.0	0.0	0.0	0.0	0.0	0.0	0.0	0.0
cooled	1.0	0.0	0.0	0.0	0.0	0.0	0.0	0.0	0.0	0.0
experiments	0.25	0.0	0.25	0.25	0.0	0.25	0.0	0.0	0.0	0.0
driven	0.26666666666666666	0.06666666666666667	0.4666666666666667	0.13333333333333333	0.03333333333333333	0.03333333333333333	0.0	0.0	0.0	0.0
pulsed	1.0	0.0	0.0	0.0	0.0	0.0	0.0	0.0	0.0	0.0
dependable	1.0	0.0	0.0	0.0	0.0	0.0	0.0	0.0	0.0	0.0
estimator	1.0	0.0	0.0	0.0	0.0	0.0	0.0	0.0	0.0	0.0
lowmass	1.0	0.0	0.0	0.0	0.0	0.0	0.0	0.0	0.0	0.0
decaps	1.0	0.0	0.0	0.0	0.0	0.0	0.0	0.0	0.0	0.0
discovery	0.5555555555555556	0.1111111111111111	0.0	0.2222222222222222	0.0	0.1111111111111111	0.0	0.0	0.0	0.0
inclined	1.0	0.0	0.0	0.0	0.0	0.0	0.0	0.0	0.0	0.0
class	1.0	0.0	0.0	0.0	0.0	0.0	0.0	0.0	0.0	0.0
object	0.6	0.2	0.0	0.2	0.0	0.0	0.0	0.0	0.0	0.0
flip	1.0	0.0	0.0	0.0	0.0	0.0	0.0	0.0	0.0	0.0
loading	0.5	0.5	0.0	0.0	0.0	0.0	0.0	0.0	0.0	0.0
nearunity	0.0	0.0	0.0	0.0	0.0	1.0	0.0	0.0	0.0	0.0
lightmatter	0.0	0.0	0.0	0.0	0.0	1.0	0.0	0.0	0.0	0.0
van	0.0	0.0	0.5	0.0	0.0	0.5	0.0	0.0	0.0	0.0
der	0.0	0.0	0.0	0.0	0.0	1.0	0.0	0.0	0.0	0.0
waals	0.0	0.0	0.0	0.0	0.0	1.0	0.0	0.0	0.0	0.0
metasurfaces	0.0	0.5	0.0	0.0	0.0	0.5	0.0	0.0	0.0	0.0
nationwide	0.0	0.0	0.0	0.0	0.0	0.0	0.0	0.0	1.0	0.0
demand	0.0	0.0	0.0	0.0	0.0	0.0	0.0	0.0	1.0	0.0
air	0.0	0.5384615384615384	0.0	0.07692307692307693	0.0	0.07692307692307693	0.0	0.0	0.3076923076923077	0.0
mobility	0.0	0.0	0.0	0.2	0.0	0.0	0.0	0.0	0.8	0.0
commuting	0.0	0.0	0.0	0.0	0.0	0.0	0.0	0.0	1.0	0.0
thz	1.0	0.0	0.0	0.0	0.0	0.0	0.0	0.0	0.0	0.0
focus	1.0	0.0	0.0	0.0	0.0	0.0	0.0	0.0	0.0	0.0
ford	1.0	0.0	0.0	0.0	0.0	0.0	0.0	0.0	0.0	0.0
st	0.0	0.6666666666666666	0.3333333333333333	0.0	0.0	0.0	0.0	0.0	0.0	0.0
centurya	0.0	1.0	0.0	0.0	0.0	0.0	0.0	0.0	0.0	0.0
based	0.21428571428571427	0.07142857142857142	0.2857142857142857	0.14285714285714285	0.0	0.21428571428571427	0.0	0.0	0.07142857142857142	0.0
search	0.75	0.125	0.0	0.125	0.0	0.0	0.0	0.0	0.0	0.0
directcollapse	1.0	0.0	0.0	0.0	0.0	0.0	0.0	0.0	0.0	0.0
candidates	0.8	0.0	0.0	0.2	0.0	0.0	0.0	0.0	0.0	0.0
pearls	1.0	0.0	0.0	0.0	0.0	0.0	0.0	0.0	0.0	0.0
ecliptic	0.5	0.0	0.0	0.5	0.0	0.0	0.0	0.0	0.0	0.0
pole	0.16666666666666666	0.0	0.16666666666666666	0.5	0.0	0.16666666666666666	0.0	0.0	0.0	0.0
ethraid	1.0	0.0	0.0	0.0	0.0	0.0	0.0	0.0	0.0	0.0
simple	0.6666666666666666	0.0	0.0	0.3333333333333333	0.0	0.0	0.0	0.0	0.0	0.0
longperiod	1.0	0.0	0.0	0.0	0.0	0.0	0.0	0.0	0.0	0.0
astrometric	1.0	0.0	0.0	0.0	0.0	0.0	0.0	0.0	0.0	0.0
bow	0.0	0.0	1.0	0.0	0.0	0.0	0.0	0.0	0.0	0.0
responses	0.16666666666666666	0.3333333333333333	0.16666666666666666	0.0	0.3333333333333333	0.0	0.0	0.0	0.0	0.0
resurfacing	0.0	0.0	0.0	1.0	0.0	0.0	0.0	0.0	0.0	0.0
coupled	0.07142857142857142	0.35714285714285715	0.21428571428571427	0.14285714285714285	0.0	0.21428571428571427	0.0	0.0	0.0	0.0
gardening	0.0	0.0	0.0	1.0	0.0	0.0	0.0	0.0	0.0	0.0
capture	0.6666666666666666	0.0	0.0	0.3333333333333333	0.0	0.0	0.0	0.0	0.0	0.0
morphology	0.375	0.0	0.25	0.25	0.125	0.0	0.0	0.0	0.0	0.0
milky	1.0	0.0	0.0	0.0	0.0	0.0	0.0	0.0	0.0	0.0
waylike	1.0	0.0	0.0	0.0	0.0	0.0	0.0	0.0	0.0	0.0
tng	1.0	0.0	0.0	0.0	0.0	0.0	0.0	0.0	0.0	0.0
twisting	1.0	0.0	0.0	0.0	0.0	0.0	0.0	0.0	0.0	0.0
stretching	1.0	0.0	0.0	0.0	0.0	0.0	0.0	0.0	0.0	0.0
advances	0.0	1.0	0.0	0.0	0.0	0.0	0.0	0.0	0.0	0.0
terrain	0.0	0.6666666666666666	0.0	0.0	0.0	0.0	0.0	0.3333333333333333	0.0	0.0
seasonally	0.0	0.0	0.0	1.0	0.0	0.0	0.0	0.0	0.0	0.0
varying	0.0	0.0	0.0	0.8	0.0	0.0	0.0	0.0	0.2	0.0
outgassing	0.0	0.0	0.0	1.0	0.0	0.0	0.0	0.0	0.0	0.0
explanation	0.0	0.0	0.3333333333333333	0.3333333333333333	0.0	0.0	0.0	0.0	0.3333333333333333	0.0
accelerations	0.0	0.0	0.0	1.0	0.0	0.0	0.0	0.0	0.0	0.0
motion	0.1111111111111111	0.0	0.2222222222222222	0.2222222222222222	0.0	0.3333333333333333	0.0	0.0	0.1111111111111111	0.0
predawn	0.0	0.0	1.0	0.0	0.0	0.0	0.0	0.0	0.0	0.0
equatorial	0.0	0.0	1.0	0.0	0.0	0.0	0.0	0.0	0.0	0.0
bubbles	0.0	0.0	1.0	0.0	0.0	0.0	0.0	0.0	0.0	0.0
oscillating	0.5	0.0	0.5	0.0	0.0	0.0	0.0	0.0	0.0	0.0
conversion	0.3333333333333333	0.0	0.6666666666666666	0.0	0.0	0.0	0.0	0.0	0.0	0.0
vorticity	0.0	0.3333333333333333	0.6666666666666666	0.0	0.0	0.0	0.0	0.0	0.0	0.0
electronscale	0.0	0.0	1.0	0.0	0.0	0.0	0.0	0.0	0.0	0.0
southward	0.0	0.0	1.0	0.0	0.0	0.0	0.0	0.0	0.0	0.0
exhaust	0.0	0.0	0.6666666666666666	0.0	0.3333333333333333	0.0	0.0	0.0	0.0	0.0
geodetically	0.0	1.0	0.0	0.0	0.0	0.0	0.0	0.0	0.0	0.0
height	0.0	0.8333333333333334	0.16666666666666666	0.0	0.0	0.0	0.0	0.0	0.0	0.0
insights	0.25	0.16666666666666666	0.0	0.4166666666666667	0.0	0.0	0.0	0.08333333333333333	0.08333333333333333	0.0
coremantle	0.0	0.0	0.0	1.0	0.0	0.0	0.0	0.0	0.0	0.0
differentiation	0.0	0.0	0.0	1.0	0.0	0.0	0.0	0.0	0.0	0.0
bulk	0.0	0.0	0.6666666666666666	0.3333333333333333	0.0	0.0	0.0	0.0	0.0	0.0
good	0.0	1.0	0.0	0.0	0.0	0.0	0.0	0.0	0.0	0.0
practice	0.0	1.0	0.0	0.0	0.0	0.0	0.0	0.0	0.0	0.0
bayesian	0.0	0.3333333333333333	0.0	0.0	0.0	0.3333333333333333	0.0	0.0	0.3333333333333333	0.0
mmlmath	0.8571428571428571	0.0	0.0	0.0	0.0	0.14285714285714285	0.0	0.0	0.0	0.0
xmlnsmmlhttpwwwworgmathmathml	1.0	0.0	0.0	0.0	0.0	0.0	0.0	0.0	0.0	0.0
displayinlinemmlmrowmmlmicmbmmlmimmlmommlmommlmtextlinemmlmtextmmlmrowmmlmath	1.0	0.0	0.0	0.0	0.0	0.0	0.0	0.0	0.0	0.0
intensity	1.0	0.0	0.0	0.0	0.0	0.0	0.0	0.0	0.0	0.0
mappingnulling	1.0	0.0	0.0	0.0	0.0	0.0	0.0	0.0	0.0	0.0
convergence	0.75	0.0	0.0	0.0	0.0	0.0	0.0	0.0	0.25	0.0
temperaturedensity	1.0	0.0	0.0	0.0	0.0	0.0	0.0	0.0	0.0	0.0
lowdensity	0.6666666666666666	0.0	0.0	0.3333333333333333	0.0	0.0	0.0	0.0	0.0	0.0
intergalactic	1.0	0.0	0.0	0.0	0.0	0.0	0.0	0.0	0.0	0.0
sintering	0.0	0.0	0.0	0.0	0.0	1.0	0.0	0.0	0.0	0.0
kinetics	0.0	0.0	0.0	0.0	0.0	0.5	0.3333333333333333	0.0	0.16666666666666666	0.0
microstructure	0.0	0.0	0.0	0.0	0.0	1.0	0.0	0.0	0.0	0.0
highlands	0.0	0.0	0.0	0.6666666666666666	0.0	0.3333333333333333	0.0	0.0	0.0	0.0
universal	0.0	0.0	1.0	0.0	0.0	0.0	0.0	0.0	0.0	0.0
relaxer	0.0	0.0	1.0	0.0	0.0	0.0	0.0	0.0	0.0	0.0
fluxon	0.0	0.0	1.0	0.0	0.0	0.0	0.0	0.0	0.0	0.0
examining	1.0	0.0	0.0	0.0	0.0	0.0	0.0	0.0	0.0	0.0
spikes	1.0	0.0	0.0	0.0	0.0	0.0	0.0	0.0	0.0	0.0
intermediatemass	1.0	0.0	0.0	0.0	0.0	0.0	0.0	0.0	0.0	0.0
inibody	1.0	0.0	0.0	0.0	0.0	0.0	0.0	0.0	0.0	0.0
microstructural	0.0	0.0	0.0	0.5	0.0	0.0	0.0	0.0	0.5	0.0
agglutinate	0.0	0.0	0.0	1.0	0.0	0.0	0.0	0.0	0.0	0.0
apollo	0.0	0.0	0.0	1.0	0.0	0.0	0.0	0.0	0.0	0.0
cryogenic	0.0	0.0	0.0	0.0	0.0	1.0	0.0	0.0	0.0	0.0
fluid	0.16666666666666666	0.0	0.16666666666666666	0.16666666666666666	0.0	0.3333333333333333	0.16666666666666666	0.0	0.0	0.0
physics	0.3333333333333333	0.0	0.3333333333333333	0.0	0.0	0.3333333333333333	0.0	0.0	0.0	0.0
parallel	0.0	0.0	0.3333333333333333	0.0	0.0	0.3333333333333333	0.3333333333333333	0.0	0.0	0.0
diffusion	0.0	0.0	0.6363636363636364	0.0	0.0	0.18181818181818182	0.18181818181818182	0.0	0.0	0.0
charged	0.0	0.0	1.0	0.0	0.0	0.0	0.0	0.0	0.0	0.0
heliosphere	0.0	0.0	1.0	0.0	0.0	0.0	0.0	0.0	0.0	0.0
measured	0.16666666666666666	0.0	0.8333333333333334	0.0	0.0	0.0	0.0	0.0	0.0	0.0
cdm	1.0	0.0	0.0	0.0	0.0	0.0	0.0	0.0	0.0	0.0
dead	1.0	0.0	0.0	0.0	0.0	0.0	0.0	0.0	0.0	0.0
yet	1.0	0.0	0.0	0.0	0.0	0.0	0.0	0.0	0.0	0.0
highizi	1.0	0.0	0.0	0.0	0.0	0.0	0.0	0.0	0.0	0.0
balmer	1.0	0.0	0.0	0.0	0.0	0.0	0.0	0.0	0.0	0.0
break	1.0	0.0	0.0	0.0	0.0	0.0	0.0	0.0	0.0	0.0
less	1.0	0.0	0.0	0.0	0.0	0.0	0.0	0.0	0.0	0.0
common	0.75	0.0	0.0	0.25	0.0	0.0	0.0	0.0	0.0	0.0
than	0.6	0.4	0.0	0.0	0.0	0.0	0.0	0.0	0.0	0.0
previously	1.0	0.0	0.0	0.0	0.0	0.0	0.0	0.0	0.0	0.0
reported	1.0	0.0	0.0	0.0	0.0	0.0	0.0	0.0	0.0	0.0
depositional	0.0	0.0	0.0	1.0	0.0	0.0	0.0	0.0	0.0	0.0
facies	0.0	0.0	0.0	1.0	0.0	0.0	0.0	0.0	0.0	0.0
stratigraphy	0.0	0.0	0.0	1.0	0.0	0.0	0.0	0.0	0.0	0.0
kodiak	0.0	0.0	0.0	1.0	0.0	0.0	0.0	0.0	0.0	0.0
butte	0.0	0.0	0.0	1.0	0.0	0.0	0.0	0.0	0.0	0.0
delta	0.5	0.0	0.0	0.5	0.0	0.0	0.0	0.0	0.0	0.0
jezero	0.0	0.0	0.0	1.0	0.0	0.0	0.0	0.0	0.0	0.0
dynamically	1.0	0.0	0.0	0.0	0.0	0.0	0.0	0.0	0.0	0.0
assembled	1.0	0.0	0.0	0.0	0.0	0.0	0.0	0.0	0.0	0.0
dense	0.8333333333333334	0.16666666666666666	0.0	0.0	0.0	0.0	0.0	0.0	0.0	0.0
clusters	1.0	0.0	0.0	0.0	0.0	0.0	0.0	0.0	0.0	0.0
catalog	0.8888888888888888	0.0	0.0	0.1111111111111111	0.0	0.0	0.0	0.0	0.0	0.0
af	1.0	0.0	0.0	0.0	0.0	0.0	0.0	0.0	0.0	0.0
scuti	1.0	0.0	0.0	0.0	0.0	0.0	0.0	0.0	0.0	0.0
pulsator	1.0	0.0	0.0	0.0	0.0	0.0	0.0	0.0	0.0	0.0
coiling	0.0	0.0	0.0	0.0	1.0	0.0	0.0	0.0	0.0	0.0
tubes	0.0	0.0	0.0	0.0	0.5	0.5	0.0	0.0	0.0	0.0
formed	0.0	0.0	0.0	0.5	0.5	0.0	0.0	0.0	0.0	0.0
colloidal	0.0	0.0	0.0	0.0	1.0	0.0	0.0	0.0	0.0	0.0
chemical	0.1111111111111111	0.2222222222222222	0.0	0.1111111111111111	0.1111111111111111	0.4444444444444444	0.0	0.0	0.0	0.0
gardens	0.0	0.0	0.0	0.0	1.0	0.0	0.0	0.0	0.0	0.0
mind	1.0	0.0	0.0	0.0	0.0	0.0	0.0	0.0	0.0	0.0
nonlocal	1.0	0.0	0.0	0.0	0.0	0.0	0.0	0.0	0.0	0.0
cascades	1.0	0.0	0.0	0.0	0.0	0.0	0.0	0.0	0.0	0.0
alfvnic	0.16666666666666666	0.0	0.8333333333333334	0.0	0.0	0.0	0.0	0.0	0.0	0.0
turbulence	0.17857142857142858	0.07142857142857142	0.6071428571428571	0.07142857142857142	0.0	0.03571428571428571	0.0	0.0	0.03571428571428571	0.0
uranus	0.0	0.0	0.0	1.0	0.0	0.0	0.0	0.0	0.0	0.0
motivated	0.5	0.0	0.25	0.25	0.0	0.0	0.0	0.0	0.0	0.0
spatial	0.08333333333333333	0.4166666666666667	0.08333333333333333	0.25	0.08333333333333333	0.08333333333333333	0.0	0.0	0.0	0.0
biases	0.0	1.0	0.0	0.0	0.0	0.0	0.0	0.0	0.0	0.0
simulating	0.3	0.4	0.1	0.1	0.0	0.1	0.0	0.0	0.0	0.0
sea	0.0	1.0	0.0	0.0	0.0	0.0	0.0	0.0	0.0	0.0
record	0.25	0.75	0.0	0.0	0.0	0.0	0.0	0.0	0.0	0.0
january	0.0	1.0	0.0	0.0	0.0	0.0	0.0	0.0	0.0	0.0
arctic	0.0	1.0	0.0	0.0	0.0	0.0	0.0	0.0	0.0	0.0
cyclone	0.0	1.0	0.0	0.0	0.0	0.0	0.0	0.0	0.0	0.0
health	0.0	0.8571428571428571	0.0	0.0	0.14285714285714285	0.0	0.0	0.0	0.0	0.0
burdens	0.0	1.0	0.0	0.0	0.0	0.0	0.0	0.0	0.0	0.0
related	0.0	0.5	0.5	0.0	0.0	0.0	0.0	0.0	0.0	0.0
crossprovincial	0.0	1.0	0.0	0.0	0.0	0.0	0.0	0.0	0.0	0.0
pollution	0.0	1.0	0.0	0.0	0.0	0.0	0.0	0.0	0.0	0.0
trends	0.0	0.875	0.125	0.0	0.0	0.0	0.0	0.0	0.0	0.0
sediment	0.0	0.5	0.0	0.5	0.0	0.0	0.0	0.0	0.0	0.0
resuspension	0.0	1.0	0.0	0.0	0.0	0.0	0.0	0.0	0.0	0.0
budget	0.0	0.8333333333333334	0.16666666666666666	0.0	0.0	0.0	0.0	0.0	0.0	0.0
michigan	0.0	1.0	0.0	0.0	0.0	0.0	0.0	0.0	0.0	0.0
under	0.058823529411764705	0.29411764705882354	0.11764705882352941	0.17647058823529413	0.0	0.17647058823529413	0.0	0.0	0.17647058823529413	0.0
changing	0.0	1.0	0.0	0.0	0.0	0.0	0.0	0.0	0.0	0.0
environment	0.21428571428571427	0.07142857142857142	0.42857142857142855	0.14285714285714285	0.0	0.0	0.0	0.07142857142857142	0.07142857142857142	0.0
atmosphereocean	1.0	0.0	0.0	0.0	0.0	0.0	0.0	0.0	0.0	0.0
tests	1.0	0.0	0.0	0.0	0.0	0.0	0.0	0.0	0.0	0.0
disklocking	1.0	0.0	0.0	0.0	0.0	0.0	0.0	0.0	0.0	0.0
tauri	1.0	0.0	0.0	0.0	0.0	0.0	0.0	0.0	0.0	0.0
orion	1.0	0.0	0.0	0.0	0.0	0.0	0.0	0.0	0.0	0.0
nebula	0.6666666666666666	0.0	0.0	0.3333333333333333	0.0	0.0	0.0	0.0	0.0	0.0
blazars	0.6666666666666666	0.0	0.0	0.3333333333333333	0.0	0.0	0.0	0.0	0.0	0.0
compute	0.0	0.0	0.0	1.0	0.0	0.0	0.0	0.0	0.0	0.0
tides	0.0	0.3333333333333333	0.16666666666666666	0.5	0.0	0.0	0.0	0.0	0.0	0.0
laterally	0.0	0.0	0.0	1.0	0.0	0.0	0.0	0.0	0.0	0.0
heterogeneous	0.0	0.2857142857142857	0.0	0.42857142857142855	0.0	0.14285714285714285	0.0	0.14285714285714285	0.0	0.0
investigating	0.4	0.2	0.1	0.2	0.0	0.1	0.0	0.0	0.0	0.0
quantifying	0.16666666666666666	0.5833333333333334	0.08333333333333333	0.16666666666666666	0.0	0.0	0.0	0.0	0.0	0.0
complexity	0.25	0.25	0.0	0.25	0.0	0.0	0.0	0.0	0.25	0.0
connecting	1.0	0.0	0.0	0.0	0.0	0.0	0.0	0.0	0.0	0.0
xrayuv	1.0	0.0	0.0	0.0	0.0	0.0	0.0	0.0	0.0	0.0
fairall	1.0	0.0	0.0	0.0	0.0	0.0	0.0	0.0	0.0	0.0
nicer	1.0	0.0	0.0	0.0	0.0	0.0	0.0	0.0	0.0	0.0
warm	0.3333333333333333	0.1111111111111111	0.2222222222222222	0.1111111111111111	0.0	0.0	0.2222222222222222	0.0	0.0	0.0
living	1.0	0.0	0.0	0.0	0.0	0.0	0.0	0.0	0.0	0.0
red	0.6	0.0	0.2	0.1	0.0	0.1	0.0	0.0	0.0	0.0
uv	1.0	0.0	0.0	0.0	0.0	0.0	0.0	0.0	0.0	0.0
ca	0.6666666666666666	0.0	0.3333333333333333	0.0	0.0	0.0	0.0	0.0	0.0	0.0
activityage	1.0	0.0	0.0	0.0	0.0	0.0	0.0	0.0	0.0	0.0
quantification	0.14285714285714285	0.2857142857142857	0.14285714285714285	0.14285714285714285	0.0	0.14285714285714285	0.14285714285714285	0.0	0.0	0.0
error	0.0	0.0	0.6666666666666666	0.0	0.0	0.0	0.0	0.0	0.3333333333333333	0.0
drifts	0.0	0.0	1.0	0.0	0.0	0.0	0.0	0.0	0.0	0.0
marine	0.0	1.0	0.0	0.0	0.0	0.0	0.0	0.0	0.0	0.0
debris	0.5	0.25	0.0	0.25	0.0	0.0	0.0	0.0	0.0	0.0
facilitates	0.0	1.0	0.0	0.0	0.0	0.0	0.0	0.0	0.0	0.0
longdistance	0.0	1.0	0.0	0.0	0.0	0.0	0.0	0.0	0.0	0.0
dispersal	0.0	1.0	0.0	0.0	0.0	0.0	0.0	0.0	0.0	0.0
fish	0.0	1.0	0.0	0.0	0.0	0.0	0.0	0.0	0.0	0.0
species	0.0	0.7777777777777778	0.0	0.1111111111111111	0.0	0.1111111111111111	0.0	0.0	0.0	0.0
hodge	0.0	1.0	0.0	0.0	0.0	0.0	0.0	0.0	0.0	0.0
velocity	0.5	0.25	0.0	0.25	0.0	0.0	0.0	0.0	0.0	0.0
remaining	0.0	0.0	0.0	0.0	0.0	0.0	0.0	0.0	1.0	0.0
flying	0.0	0.0	0.0	0.0	0.0	0.0	0.0	0.0	1.0	0.0
unmanned	0.0	0.3333333333333333	0.0	0.0	0.0	0.0	0.0	0.0	0.6666666666666666	0.0
aerial	0.0	0.6	0.0	0.0	0.0	0.0	0.0	0.0	0.4	0.0
vehicles	0.0	0.25	0.0	0.0	0.0	0.0	0.0	0.0	0.75	0.0
load	0.0	0.0	0.0	0.0	0.0	0.0	0.0	0.0	1.0	0.0
enhancements	0.0	0.3333333333333333	0.6666666666666666	0.0	0.0	0.0	0.0	0.0	0.0	0.0
manifesting	0.0	0.0	1.0	0.0	0.0	0.0	0.0	0.0	0.0	0.0
uniform	0.0	0.0	1.0	0.0	0.0	0.0	0.0	0.0	0.0	0.0
observation	0.2	0.3	0.3	0.1	0.0	0.1	0.0	0.0	0.0	0.0
composition	0.0	0.5384615384615384	0.07692307692307693	0.3076923076923077	0.0	0.07692307692307693	0.0	0.0	0.0	0.0
acefts	0.0	1.0	0.0	0.0	0.0	0.0	0.0	0.0	0.0	0.0
longlived	0.0	0.0	1.0	0.0	0.0	0.0	0.0	0.0	0.0	0.0
grains	0.25	0.0	0.25	0.5	0.0	0.0	0.0	0.0	0.0	0.0
dominate	0.0	0.0	1.0	0.0	0.0	0.0	0.0	0.0	0.0	0.0
zodiacal	0.0	0.0	0.5	0.5	0.0	0.0	0.0	0.0	0.0	0.0
enhancing	0.0	0.75	0.0	0.0	0.0	0.25	0.0	0.0	0.0	0.0
estimation	0.0	0.5714285714285714	0.0	0.0	0.0	0.14285714285714285	0.0	0.0	0.2857142857142857	0.0
fine	0.0	0.75	0.25	0.0	0.0	0.0	0.0	0.0	0.0	0.0
concentrations	0.0	0.8333333333333334	0.16666666666666666	0.0	0.0	0.0	0.0	0.0	0.0	0.0
including	0.6666666666666666	0.3333333333333333	0.0	0.0	0.0	0.0	0.0	0.0	0.0	0.0
geophysical	0.0	1.0	0.0	0.0	0.0	0.0	0.0	0.0	0.0	0.0
ia	0.8571428571428571	0.14285714285714285	0.0	0.0	0.0	0.0	0.0	0.0	0.0	0.0
priorii	0.0	1.0	0.0	0.0	0.0	0.0	0.0	0.0	0.0	0.0
information	0.0	0.3333333333333333	0.0	0.3333333333333333	0.0	0.3333333333333333	0.0	0.0	0.0	0.0
occultation	0.0	0.6666666666666666	0.3333333333333333	0.0	0.0	0.0	0.0	0.0	0.0	0.0
ro	0.0	0.0	1.0	0.0	0.0	0.0	0.0	0.0	0.0	0.0
constellation	0.0	0.0	1.0	0.0	0.0	0.0	0.0	0.0	0.0	0.0
designs	0.0	0.0	1.0	0.0	0.0	0.0	0.0	0.0	0.0	0.0
osses	0.0	0.0	1.0	0.0	0.0	0.0	0.0	0.0	0.0	0.0
specification	0.0	0.0	1.0	0.0	0.0	0.0	0.0	0.0	0.0	0.0
residential	0.0	1.0	0.0	0.0	0.0	0.0	0.0	0.0	0.0	0.0
segregation	0.0	1.0	0.0	0.0	0.0	0.0	0.0	0.0	0.0	0.0
northeastern	0.0	1.0	0.0	0.0	0.0	0.0	0.0	0.0	0.0	0.0
potential	0.19047619047619047	0.2857142857142857	0.2857142857142857	0.09523809523809523	0.0	0.09523809523809523	0.0	0.047619047619047616	0.0	0.0
implications	0.3333333333333333	0.23809523809523808	0.14285714285714285	0.2857142857142857	0.0	0.0	0.0	0.0	0.0	0.0
burden	0.0	1.0	0.0	0.0	0.0	0.0	0.0	0.0	0.0	0.0
irrigation	0.0	1.0	0.0	0.0	0.0	0.0	0.0	0.0	0.0	0.0
remotely	0.0	1.0	0.0	0.0	0.0	0.0	0.0	0.0	0.0	0.0
sensed	0.0	1.0	0.0	0.0	0.0	0.0	0.0	0.0	0.0	0.0
evapotranspiration	0.0	1.0	0.0	0.0	0.0	0.0	0.0	0.0	0.0	0.0
accuracy	0.3333333333333333	0.3333333333333333	0.0	0.0	0.0	0.3333333333333333	0.0	0.0	0.0	0.0
right	0.0	1.0	0.0	0.0	0.0	0.0	0.0	0.0	0.0	0.0
regional	0.0	0.9090909090909091	0.0	0.0	0.0	0.0	0.0	0.09090909090909091	0.0	0.0
landuselandcover	0.0	1.0	0.0	0.0	0.0	0.0	0.0	0.0	0.0	0.0
work	0.0	1.0	0.0	0.0	0.0	0.0	0.0	0.0	0.0	0.0
classconditional	0.0	1.0	0.0	0.0	0.0	0.0	0.0	0.0	0.0	0.0
conformal	0.0	1.0	0.0	0.0	0.0	0.0	0.0	0.0	0.0	0.0
input	0.0	0.0	0.6666666666666666	0.0	0.0	0.3333333333333333	0.0	0.0	0.0	0.0
reactive	0.0	0.0	0.0	0.0	0.0	1.0	0.0	0.0	0.0	0.0
lammps	0.0	0.0	0.0	0.0	0.0	1.0	0.0	0.0	0.0	0.0
forging	0.0	0.0	0.0	1.0	0.0	0.0	0.0	0.0	0.0	0.0
innerdisk	0.0	0.0	0.0	1.0	0.0	0.0	0.0	0.0	0.0	0.0
alrich	0.0	0.0	0.0	1.0	0.0	0.0	0.0	0.0	0.0	0.0
chondrules	0.0	0.0	0.0	1.0	0.0	0.0	0.0	0.0	0.0	0.0
interactions	0.0	0.42857142857142855	0.21428571428571427	0.21428571428571427	0.0	0.07142857142857142	0.0	0.07142857142857142	0.0	0.0
cailike	0.0	0.0	0.0	1.0	0.0	0.0	0.0	0.0	0.0	0.0
ambient	0.0	0.3333333333333333	0.0	0.3333333333333333	0.0	0.3333333333333333	0.0	0.0	0.0	0.0
phasing	0.0	0.0	0.0	0.0	0.0	1.0	0.0	0.0	0.0	0.0
thermomechanical	0.0	0.0	0.0	0.0	0.0	1.0	0.0	0.0	0.0	0.0
investigated	0.0	0.0	0.0	0.0	0.0	1.0	0.0	0.0	0.0	0.0
crystal	0.0	0.3333333333333333	0.0	0.3333333333333333	0.0	0.3333333333333333	0.0	0.0	0.0	0.0
plasticity	0.0	0.3333333333333333	0.0	0.0	0.0	0.3333333333333333	0.0	0.3333333333333333	0.0	0.0
another	1.0	0.0	0.0	0.0	0.0	0.0	0.0	0.0	0.0	0.0
sunshine	1.0	0.0	0.0	0.0	0.0	0.0	0.0	0.0	0.0	0.0
mystery	1.0	0.0	0.0	0.0	0.0	0.0	0.0	0.0	0.0	0.0
unexpected	0.5	0.0	0.0	0.0	0.0	0.0	0.0	0.5	0.0	0.0
gev	1.0	0.0	0.0	0.0	0.0	0.0	0.0	0.0	0.0	0.0
tenmoment	0.0	0.0	0.0	0.0	0.0	1.0	0.0	0.0	0.0	0.0
lowtemperature	0.0	0.0	0.0	0.5	0.0	0.5	0.0	0.0	0.0	0.0
magnetized	0.4	0.0	0.4	0.0	0.0	0.2	0.0	0.0	0.0	0.0
plasmas	0.6666666666666666	0.0	0.0	0.0	0.0	0.3333333333333333	0.0	0.0	0.0	0.0
highmmlmath	1.0	0.0	0.0	0.0	0.0	0.0	0.0	0.0	0.0	0.0
displayinlinemmlmizmmlmimmlmath	1.0	0.0	0.0	0.0	0.0	0.0	0.0	0.0	0.0	0.0
baryon	1.0	0.0	0.0	0.0	0.0	0.0	0.0	0.0	0.0	0.0
bao	1.0	0.0	0.0	0.0	0.0	0.0	0.0	0.0	0.0	0.0
displayinlinemmlmrowmmlmicmbmmlmimmlmommlmommlmilimmmlmimmlmrowmmlmathnulling	1.0	0.0	0.0	0.0	0.0	0.0	0.0	0.0	0.0	0.0
martian	0.0	0.0	0.0	0.9	0.0	0.0	0.0	0.1	0.0	0.0
zero	1.0	0.0	0.0	0.0	0.0	0.0	0.0	0.0	0.0	0.0
cpu	1.0	0.0	0.0	0.0	0.0	0.0	0.0	0.0	0.0	0.0
hours	1.0	0.0	0.0	0.0	0.0	0.0	0.0	0.0	0.0	0.0
laptop	1.0	0.0	0.0	0.0	0.0	0.0	0.0	0.0	0.0	0.0
lagged	0.0	0.0	1.0	0.0	0.0	0.0	0.0	0.0	0.0	0.0
intraseasonal	0.0	0.0	1.0	0.0	0.0	0.0	0.0	0.0	0.0	0.0
fully	0.2222222222222222	0.1111111111111111	0.1111111111111111	0.1111111111111111	0.0	0.4444444444444444	0.0	0.0	0.0	0.0
computation	0.0	0.0	0.0	0.0	0.0	1.0	0.0	0.0	0.0	0.0
heteroclinic	0.0	0.0	0.0	0.0	0.0	1.0	0.0	0.0	0.0	0.0
connection	0.3333333333333333	0.3333333333333333	0.0	0.0	0.0	0.3333333333333333	0.0	0.0	0.0	0.0
families	0.0	0.0	0.0	0.0	0.0	1.0	0.0	0.0	0.0	0.0
threebody	0.0	0.0	0.0	0.0	0.0	0.6666666666666666	0.0	0.3333333333333333	0.0	0.0
crown	0.0	1.0	0.0	0.0	0.0	0.0	0.0	0.0	0.0	0.0
nutrient	0.0	1.0	0.0	0.0	0.0	0.0	0.0	0.0	0.0	0.0
modulate	0.0	1.0	0.0	0.0	0.0	0.0	0.0	0.0	0.0	0.0
reproduction	0.0	1.0	0.0	0.0	0.0	0.0	0.0	0.0	0.0	0.0
contiguous	0.0	1.0	0.0	0.0	0.0	0.0	0.0	0.0	0.0	0.0
scpunited	0.0	1.0	0.0	0.0	0.0	0.0	0.0	0.0	0.0	0.0
statesscp	0.0	1.0	0.0	0.0	0.0	0.0	0.0	0.0	0.0	0.0
foa	1.0	0.0	0.0	0.0	0.0	0.0	0.0	0.0	0.0	0.0
flipflop	1.0	0.0	0.0	0.0	0.0	0.0	0.0	0.0	0.0	0.0
iinibn	1.0	0.0	0.0	0.0	0.0	0.0	0.0	0.0	0.0	0.0
supernova	0.9375	0.0	0.0	0.0625	0.0	0.0	0.0	0.0	0.0	0.0
analog	0.0	0.0	0.6666666666666666	0.3333333333333333	0.0	0.0	0.0	0.0	0.0	0.0
pressurestrain	0.0	0.0	1.0	0.0	0.0	0.0	0.0	0.0	0.0	0.0
intense	0.0	0.0	1.0	0.0	0.0	0.0	0.0	0.0	0.0	0.0
hband	0.0	0.0	1.0	0.0	0.0	0.0	0.0	0.0	0.0	0.0
quasilinear	0.0	0.0	1.0	0.0	0.0	0.0	0.0	0.0	0.0	0.0
nonresonant	0.0	0.0	0.75	0.25	0.0	0.0	0.0	0.0	0.0	0.0
waveparticle	0.0	0.0	1.0	0.0	0.0	0.0	0.0	0.0	0.0	0.0
uranium	0.0	0.0	0.0	1.0	0.0	0.0	0.0	0.0	0.0	0.0
redox	0.0	0.0	0.0	1.0	0.0	0.0	0.0	0.0	0.0	0.0
transitions	0.6666666666666666	0.0	0.0	0.3333333333333333	0.0	0.0	0.0	0.0	0.0	0.0
deeptime	0.0	0.0	0.0	1.0	0.0	0.0	0.0	0.0	0.0	0.0
geochemical	0.0	0.0	0.0	1.0	0.0	0.0	0.0	0.0	0.0	0.0
mineral	0.0	0.25	0.0	0.5	0.0	0.0	0.0	0.25	0.0	0.0
azimuthal	0.0	0.0	0.5	0.0	0.0	0.5	0.0	0.0	0.0	0.0
axisymmetric	0.0	0.0	0.0	0.0	0.0	1.0	0.0	0.0	0.0	0.0
hall	0.0	0.0	0.0	0.0	0.0	1.0	0.0	0.0	0.0	0.0
thruster	0.0	0.0	0.0	0.0	0.0	1.0	0.0	0.0	0.0	0.0
prescribed	0.0	1.0	0.0	0.0	0.0	0.0	0.0	0.0	0.0	0.0
burn	0.0	1.0	0.0	0.0	0.0	0.0	0.0	0.0	0.0	0.0
research	0.0	0.8	0.0	0.2	0.0	0.0	0.0	0.0	0.0	0.0
spubase	0.0	0.0	0.0	1.0	0.0	0.0	0.0	0.0	0.0	0.0
sputter	0.0	0.0	0.0	1.0	0.0	0.0	0.0	0.0	0.0	0.0
database	0.0	0.0	0.0	0.8	0.0	0.2	0.0	0.0	0.0	0.0
purposes	0.0	0.0	0.0	1.0	0.0	0.0	0.0	0.0	0.0	0.0
bipolar	0.5	0.0	0.0	0.0	0.0	0.0	0.0	0.5	0.0	0.0
fe	1.0	0.0	0.0	0.0	0.0	0.0	0.0	0.0	0.0	0.0
jet	0.5	0.0	0.0	0.25	0.0	0.25	0.0	0.0	0.0	0.0
hsubsub	1.0	0.0	0.0	0.0	0.0	0.0	0.0	0.0	0.0	0.0
tmca	1.0	0.0	0.0	0.0	0.0	0.0	0.0	0.0	0.0	0.0
integral	0.75	0.0	0.25	0.0	0.0	0.0	0.0	0.0	0.0	0.0
unit	1.0	0.0	0.0	0.0	0.0	0.0	0.0	0.0	0.0	0.0
suprathermal	0.0	0.0	1.0	0.0	0.0	0.0	0.0	0.0	0.0	0.0
coulomb	0.0	0.0	1.0	0.0	0.0	0.0	0.0	0.0	0.0	0.0
collisions	0.4	0.2	0.2	0.0	0.0	0.2	0.0	0.0	0.0	0.0
crucial	0.0	0.0	1.0	0.0	0.0	0.0	0.0	0.0	0.0	0.0
directions	0.0	0.0	1.0	0.0	0.0	0.0	0.0	0.0	0.0	0.0
unveiling	0.16666666666666666	0.3333333333333333	0.5	0.0	0.0	0.0	0.0	0.0	0.0	0.0
geospace	0.0	0.0	0.6666666666666666	0.3333333333333333	0.0	0.0	0.0	0.0	0.0	0.0
multicellular	0.0	0.0	0.0	1.0	0.0	0.0	0.0	0.0	0.0	0.0
magnetotactic	0.0	0.0	0.0	1.0	0.0	0.0	0.0	0.0	0.0	0.0
genetically	0.0	0.0	0.0	1.0	0.0	0.0	0.0	0.0	0.0	0.0
consortia	0.0	0.0	0.0	1.0	0.0	0.0	0.0	0.0	0.0	0.0
metabolically	0.0	0.0	0.0	1.0	0.0	0.0	0.0	0.0	0.0	0.0
differentiated	0.0	0.0	0.0	1.0	0.0	0.0	0.0	0.0	0.0	0.0
cells	0.0	0.0	0.2	0.2	0.0	0.6	0.0	0.0	0.0	0.0
straight	0.0	0.0	0.0	1.0	0.0	0.0	0.0	0.0	0.0	0.0
rim	0.0	0.0	0.0	1.0	0.0	0.0	0.0	0.0	0.0	0.0
segments	0.0	0.0	0.0	1.0	0.0	0.0	0.0	0.0	0.0	0.0
mercury	0.0	0.0	0.0	1.0	0.0	0.0	0.0	0.0	0.0	0.0
hz	0.5	0.5	0.0	0.0	0.0	0.0	0.0	0.0	0.0	0.0
swift	1.0	0.0	0.0	0.0	0.0	0.0	0.0	0.0	0.0	0.0
bat	1.0	0.0	0.0	0.0	0.0	0.0	0.0	0.0	0.0	0.0
fermi	1.0	0.0	0.0	0.0	0.0	0.0	0.0	0.0	0.0	0.0
gbm	1.0	0.0	0.0	0.0	0.0	0.0	0.0	0.0	0.0	0.0
west	0.0	1.0	0.0	0.0	0.0	0.0	0.0	0.0	0.0	0.0
teleconnection	0.0	1.0	0.0	0.0	0.0	0.0	0.0	0.0	0.0	0.0
autumn	0.0	1.0	0.0	0.0	0.0	0.0	0.0	0.0	0.0	0.0
after	0.125	0.5	0.0	0.125	0.0	0.0	0.0	0.25	0.0	0.0
desegregation	0.0	1.0	0.0	0.0	0.0	0.0	0.0	0.0	0.0	0.0
affordable	0.0	1.0	0.0	0.0	0.0	0.0	0.0	0.0	0.0	0.0
housing	0.0	1.0	0.0	0.0	0.0	0.0	0.0	0.0	0.0	0.0
connecticut	0.0	1.0	0.0	0.0	0.0	0.0	0.0	0.0	0.0	0.0
zoning	0.0	0.5	0.0	0.5	0.0	0.0	0.0	0.0	0.0	0.0
law	0.6666666666666666	0.3333333333333333	0.0	0.0	0.0	0.0	0.0	0.0	0.0	0.0
ce	0.0	0.0	0.0	1.0	0.0	0.0	0.0	0.0	0.0	0.0
eu	0.0	0.0	0.0	1.0	0.0	0.0	0.0	0.0	0.0	0.0
anomalies	0.25	0.5	0.0	0.25	0.0	0.0	0.0	0.0	0.0	0.0
zircon	0.0	0.0	0.0	1.0	0.0	0.0	0.0	0.0	0.0	0.0
indicators	0.0	0.5	0.0	0.5	0.0	0.0	0.0	0.0	0.0	0.0
fugacity	0.0	0.0	0.0	1.0	0.0	0.0	0.0	0.0	0.0	0.0
subsolidus	0.0	0.0	0.0	1.0	0.0	0.0	0.0	0.0	0.0	0.0
astronaut	0.0	0.0	0.0	1.0	0.0	0.0	0.0	0.0	0.0	0.0
traverses	0.0	0.0	0.0	1.0	0.0	0.0	0.0	0.0	0.0	0.0
minimum	0.0	0.0	0.5	0.5	0.0	0.0	0.0	0.0	0.0	0.0
metabolic	0.0	0.0	0.0	1.0	0.0	0.0	0.0	0.0	0.0	0.0
workload	0.0	0.0	0.0	0.5	0.0	0.0	0.0	0.0	0.5	0.0
accessing	0.0	0.0	0.0	1.0	0.0	0.0	0.0	0.0	0.0	0.0
permanently	0.0	0.0	0.0	1.0	0.0	0.0	0.0	0.0	0.0	0.0
shadowed	0.0	0.0	0.0	1.0	0.0	0.0	0.0	0.0	0.0	0.0
leveraging	0.0	0.6666666666666666	0.0	0.0	0.0	0.3333333333333333	0.0	0.0	0.0	0.0
symmetries	0.0	0.0	0.0	0.0	0.0	1.0	0.0	0.0	0.0	0.0
pick	0.0	0.0	0.0	0.0	0.0	1.0	0.0	0.0	0.0	0.0
place	0.0	0.0	0.0	0.0	0.0	1.0	0.0	0.0	0.0	0.0
landing	0.0	0.0	0.0	0.16666666666666666	0.0	0.6666666666666666	0.0	0.0	0.16666666666666666	0.0
site	0.0	0.0	0.3333333333333333	0.3333333333333333	0.0	0.3333333333333333	0.0	0.0	0.0	0.0
selection	0.3333333333333333	0.5555555555555556	0.0	0.0	0.0	0.1111111111111111	0.0	0.0	0.0	0.0
quadtree	0.0	0.0	0.0	0.0	0.0	1.0	0.0	0.0	0.0	0.0
map	0.0	0.5	0.0	0.25	0.0	0.25	0.0	0.0	0.0	0.0
planar	0.0	0.0	0.0	0.0	0.0	1.0	0.0	0.0	0.0	0.0
elements	0.5	0.0	0.0	0.0	0.0	0.5	0.0	0.0	0.0	0.0
longterm	0.375	0.125	0.0	0.375	0.0	0.0	0.0	0.125	0.0	0.0
cooling	0.2727272727272727	0.36363636363636365	0.0	0.0	0.0	0.18181818181818182	0.0	0.09090909090909091	0.09090909090909091	0.0
gw	1.0	0.0	0.0	0.0	0.0	0.0	0.0	0.0	0.0	0.0
librae	1.0	0.0	0.0	0.0	0.0	0.0	0.0	0.0	0.0	0.0
serpentis	1.0	0.0	0.0	0.0	0.0	0.0	0.0	0.0	0.0	0.0
market	0.0	0.0	0.0	0.0	0.0	0.0	0.0	0.0	1.0	0.0
service	0.0	0.0	0.0	0.0	0.0	0.0	0.0	0.0	1.0	0.0
providers	0.0	0.0	0.0	0.0	0.0	0.0	0.0	0.0	1.0	0.0
convex	0.0	0.0	0.0	0.0	0.0	0.0	0.0	0.0	1.0	0.0
hull	0.0	0.0	0.0	0.0	0.0	0.0	0.0	0.0	1.0	0.0
image	0.0	0.25	0.0	0.25	0.25	0.0	0.0	0.0	0.25	0.0
smooth	0.0	0.0	0.0	0.0	0.0	0.3333333333333333	0.0	0.0	0.6666666666666666	0.0
bounds	0.0	0.0	0.0	0.0	0.0	0.0	0.0	0.0	1.0	0.0
ishtar	0.0	0.0	0.0	1.0	0.0	0.0	0.0	0.0	0.0	0.0
terra	0.0	0.5	0.0	0.25	0.25	0.0	0.0	0.0	0.0	0.0
venus	0.0	0.0	0.0	1.0	0.0	0.0	0.0	0.0	0.0	0.0
raised	0.0	0.0	0.0	1.0	0.0	0.0	0.0	0.0	0.0	0.0
cratonlike	0.0	0.0	0.0	1.0	0.0	0.0	0.0	0.0	0.0	0.0
utilizing	0.5	0.0	0.0	0.0	0.0	0.5	0.0	0.0	0.0	0.0
mitigate	0.5	0.5	0.0	0.0	0.0	0.0	0.0	0.0	0.0	0.0
precise	0.8	0.0	0.2	0.0	0.0	0.0	0.0	0.0	0.0	0.0
velocities	0.75	0.0	0.25	0.0	0.0	0.0	0.0	0.0	0.0	0.0
interhemispheric	0.0	0.0	1.0	0.0	0.0	0.0	0.0	0.0	0.0	0.0
highlatitude	0.0	0.0	1.0	0.0	0.0	0.0	0.0	0.0	0.0	0.0
march	0.0	0.0	1.0	0.0	0.0	0.0	0.0	0.0	0.0	0.0
storm	0.0	0.23529411764705882	0.7647058823529411	0.0	0.0	0.0	0.0	0.0	0.0	0.0
both	0.25	0.25	0.0	0.0	0.25	0.0	0.0	0.25	0.0	0.0
anns	0.0	0.0	0.0	0.0	1.0	0.0	0.0	0.0	0.0	0.0
mhd	0.25	0.0	0.75	0.0	0.0	0.0	0.0	0.0	0.0	0.0
geoeffective	0.0	0.0	1.0	0.0	0.0	0.0	0.0	0.0	0.0	0.0
interplanetary	0.0	0.0	1.0	0.0	0.0	0.0	0.0	0.0	0.0	0.0
ejection	0.2	0.0	0.8	0.0	0.0	0.0	0.0	0.0	0.0	0.0
topology	0.0	0.0	0.5	0.5	0.0	0.0	0.0	0.0	0.0	0.0
informed	0.25	0.0	0.25	0.0	0.0	0.5	0.0	0.0	0.0	0.0
timescale	0.0	1.0	0.0	0.0	0.0	0.0	0.0	0.0	0.0	0.0
traitenvironment	0.0	1.0	0.0	0.0	0.0	0.0	0.0	0.0	0.0	0.0
longitudinal	0.25	0.0	0.0	0.25	0.0	0.0	0.25	0.0	0.25	0.0
ios	0.0	0.0	0.0	1.0	0.0	0.0	0.0	0.0	0.0	0.0
so	0.0	0.0	0.0	1.0	0.0	0.0	0.0	0.0	0.0	0.0
irtftexes	0.0	0.0	0.0	1.0	0.0	0.0	0.0	0.0	0.0	0.0
highcontrast	0.5	0.0	0.0	0.5	0.0	0.0	0.0	0.0	0.0	0.0
pds	0.5	0.0	0.0	0.5	0.0	0.0	0.0	0.0	0.0	0.0
h	0.25	0.0	0.25	0.5	0.0	0.0	0.0	0.0	0.0	0.0
magaox	0.5	0.0	0.0	0.5	0.0	0.0	0.0	0.0	0.0	0.0
protoplanet	0.0	0.0	0.0	1.0	0.0	0.0	0.0	0.0	0.0	0.0
circumplanetary	0.0	0.0	0.0	1.0	0.0	0.0	0.0	0.0	0.0	0.0
cloudsat	0.0	1.0	0.0	0.0	0.0	0.0	0.0	0.0	0.0	0.0
calipsobased	0.0	1.0	0.0	0.0	0.0	0.0	0.0	0.0	0.0	0.0
amazon	0.0	1.0	0.0	0.0	0.0	0.0	0.0	0.0	0.0	0.0
lightning	0.0	1.0	0.0	0.0	0.0	0.0	0.0	0.0	0.0	0.0
groundwater	0.0	1.0	0.0	0.0	0.0	0.0	0.0	0.0	0.0	0.0
arabian	0.0	1.0	0.0	0.0	0.0	0.0	0.0	0.0	0.0	0.0
transboundary	0.0	1.0	0.0	0.0	0.0	0.0	0.0	0.0	0.0	0.0
aquifer	0.0	1.0	0.0	0.0	0.0	0.0	0.0	0.0	0.0	0.0
anthropogenic	0.0	1.0	0.0	0.0	0.0	0.0	0.0	0.0	0.0	0.0
comparative	0.5	0.0	0.0	0.0	0.0	0.0	0.5	0.0	0.0	0.0
outer	0.2222222222222222	0.0	0.5555555555555556	0.2222222222222222	0.0	0.0	0.0	0.0	0.0	0.0
precipitated	1.0	0.0	0.0	0.0	0.0	0.0	0.0	0.0	0.0	0.0
electrosprays	0.0	0.0	0.0	0.0	0.0	1.0	0.0	0.0	0.0	0.0
alphaadrenergic	0.0	0.0	0.0	0.0	0.0	0.0	0.0	1.0	0.0	0.0
agonists	0.0	0.0	0.0	0.0	0.0	0.0	0.0	1.0	0.0	0.0
reduce	0.0	0.0	0.0	0.0	0.0	0.0	0.0	1.0	0.0	0.0
resting	0.0	0.0	0.0	0.0	0.0	0.0	0.0	1.0	0.0	0.0
expenditure	0.0	0.0	0.0	0.0	0.0	0.0	0.0	1.0	0.0	0.0
humans	0.0	0.0	0.0	0.0	0.0	0.0	0.0	1.0	0.0	0.0
river	0.0	1.0	0.0	0.0	0.0	0.0	0.0	0.0	0.0	0.0
width	0.0	0.6666666666666666	0.3333333333333333	0.0	0.0	0.0	0.0	0.0	0.0	0.0
measurement	0.3333333333333333	0.2222222222222222	0.0	0.2222222222222222	0.0	0.2222222222222222	0.0	0.0	0.0	0.0
capability	0.0	1.0	0.0	0.0	0.0	0.0	0.0	0.0	0.0	0.0
borne	0.0	1.0	0.0	0.0	0.0	0.0	0.0	0.0	0.0	0.0
gnssreflectometry	0.0	1.0	0.0	0.0	0.0	0.0	0.0	0.0	0.0	0.0
stable	0.0	0.0	0.0	0.3333333333333333	0.0	0.3333333333333333	0.0	0.0	0.3333333333333333	0.0
dissimilatory	0.0	0.0	0.0	1.0	0.0	0.0	0.0	0.0	0.0	0.0
nitrate	0.0	0.0	0.0	0.6666666666666666	0.0	0.3333333333333333	0.0	0.0	0.0	0.0
against	0.0	0.3333333333333333	0.0	0.3333333333333333	0.0	0.3333333333333333	0.0	0.0	0.0	0.0
enzyme	0.0	0.0	0.0	1.0	0.0	0.0	0.0	0.0	0.0	0.0
mutation	0.0	0.6666666666666666	0.0	0.3333333333333333	0.0	0.0	0.0	0.0	0.0	0.0
mirimedium	1.0	0.0	0.0	0.0	0.0	0.0	0.0	0.0	0.0	0.0
resolution	0.125	0.75	0.125	0.0	0.0	0.0	0.0	0.0	0.0	0.0
spectrograph	0.3333333333333333	0.3333333333333333	0.3333333333333333	0.0	0.0	0.0	0.0	0.0	0.0	0.0
underluminous	1.0	0.0	0.0	0.0	0.0	0.0	0.0	0.0	0.0	0.0
xkq	1.0	0.0	0.0	0.0	0.0	0.0	0.0	0.0	0.0	0.0
vla	1.0	0.0	0.0	0.0	0.0	0.0	0.0	0.0	0.0	0.0
sky	1.0	0.0	0.0	0.0	0.0	0.0	0.0	0.0	0.0	0.0
iherscheliselected	1.0	0.0	0.0	0.0	0.0	0.0	0.0	0.0	0.0	0.0
ihsti	1.0	0.0	0.0	0.0	0.0	0.0	0.0	0.0	0.0	0.0
submmmm	1.0	0.0	0.0	0.0	0.0	0.0	0.0	0.0	0.0	0.0
next	0.25	0.25	0.25	0.25	0.0	0.0	0.0	0.0	0.0	0.0
angsa	0.0	0.0	0.0	1.0	0.0	0.0	0.0	0.0	0.0	0.0
participating	0.0	0.0	0.0	1.0	0.0	0.0	0.0	0.0	0.0	0.0
scientist	0.0	0.0	0.0	1.0	0.0	0.0	0.0	0.0	0.0	0.0
prepare	0.0	0.0	0.0	1.0	0.0	0.0	0.0	0.0	0.0	0.0
community	0.0	0.7142857142857143	0.14285714285714285	0.14285714285714285	0.0	0.0	0.0	0.0	0.0	0.0
artemis	0.0	0.0	0.0	1.0	0.0	0.0	0.0	0.0	0.0	0.0
standing	0.0	0.0	1.0	0.0	0.0	0.0	0.0	0.0	0.0	0.0
reflected	0.0	0.0	1.0	0.0	0.0	0.0	0.0	0.0	0.0	0.0
slowmode	0.0	0.0	1.0	0.0	0.0	0.0	0.0	0.0	0.0	0.0
flaring	0.0	0.0	1.0	0.0	0.0	0.0	0.0	0.0	0.0	0.0
loops	0.0	0.0	1.0	0.0	0.0	0.0	0.0	0.0	0.0	0.0
parametric	0.0	0.0	1.0	0.0	0.0	0.0	0.0	0.0	0.0	0.0
ndvibased	0.0	1.0	0.0	0.0	0.0	0.0	0.0	0.0	0.0	0.0
withinwetland	0.0	1.0	0.0	0.0	0.0	0.0	0.0	0.0	0.0	0.0
improves	0.0	1.0	0.0	0.0	0.0	0.0	0.0	0.0	0.0	0.0
methane	0.0	0.5	0.0	0.5	0.0	0.0	0.0	0.0	0.0	0.0
estimations	0.0	1.0	0.0	0.0	0.0	0.0	0.0	0.0	0.0	0.0
description	0.0	0.3333333333333333	0.3333333333333333	0.3333333333333333	0.0	0.0	0.0	0.0	0.0	0.0
probability	0.0	0.0	1.0	0.0	0.0	0.0	0.0	0.0	0.0	0.0
lowdose	0.0	0.0	0.0	0.0	0.0	0.0	0.0	1.0	0.0	0.0
induces	0.0	0.0	0.0	0.5	0.0	0.0	0.25	0.25	0.0	0.0
countermeasure	0.0	0.0	0.0	0.0	0.0	0.0	0.0	1.0	0.0	0.0
crossscale	0.0	0.0	1.0	0.0	0.0	0.0	0.0	0.0	0.0	0.0
fluidscale	0.0	0.0	1.0	0.0	0.0	0.0	0.0	0.0	0.0	0.0
alfvn	0.0	0.0	0.8333333333333334	0.16666666666666666	0.0	0.0	0.0	0.0	0.0	0.0
kineticscale	0.0	0.0	1.0	0.0	0.0	0.0	0.0	0.0	0.0	0.0
earths	0.0	0.0	0.9333333333333333	0.06666666666666667	0.0	0.0	0.0	0.0	0.0	0.0
gridded	0.0	0.8	0.0	0.0	0.0	0.2	0.0	0.0	0.0	0.0
dataset	0.0	0.8	0.2	0.0	0.0	0.0	0.0	0.0	0.0	0.0
combined	0.3333333333333333	0.16666666666666666	0.3333333333333333	0.16666666666666666	0.0	0.0	0.0	0.0	0.0	0.0
uavmounted	0.0	1.0	0.0	0.0	0.0	0.0	0.0	0.0	0.0	0.0
ultrawideband	0.0	1.0	0.0	0.0	0.0	0.0	0.0	0.0	0.0	0.0
softwaredefined	0.0	1.0	0.0	0.0	0.0	0.0	0.0	0.0	0.0	0.0
target	0.0	0.5	0.5	0.0	0.0	0.0	0.0	0.0	0.0	0.0
nearfield	0.0	0.5	0.0	0.5	0.0	0.0	0.0	0.0	0.0	0.0
mineralogy	0.0	0.0	0.0	1.0	0.0	0.0	0.0	0.0	0.0	0.0
core	0.4	0.0	0.0	0.6	0.0	0.0	0.0	0.0	0.0	0.0
sections	0.0	0.0	0.0	1.0	0.0	0.0	0.0	0.0	0.0	0.0
qemscan	0.0	0.0	0.0	1.0	0.0	0.0	0.0	0.0	0.0	0.0
upper	0.0	0.45454545454545453	0.2727272727272727	0.2727272727272727	0.0	0.0	0.0	0.0	0.0	0.0
troposphere	0.0	1.0	0.0	0.0	0.0	0.0	0.0	0.0	0.0	0.0
stratosphere	0.0	0.5	0.0	0.5	0.0	0.0	0.0	0.0	0.0	0.0
producing	0.0	0.5	0.0	0.5	0.0	0.0	0.0	0.0	0.0	0.0
aboveanvil	0.0	1.0	0.0	0.0	0.0	0.0	0.0	0.0	0.0	0.0
cirrus	0.0	1.0	0.0	0.0	0.0	0.0	0.0	0.0	0.0	0.0
plumes	0.0	0.3333333333333333	0.3333333333333333	0.0	0.0	0.3333333333333333	0.0	0.0	0.0	0.0
fleet	0.0	0.0	0.0	0.0	0.0	0.0	0.0	0.0	1.0	0.0
vertiport	0.0	0.0	0.0	0.0	0.0	0.0	0.0	0.0	1.0	0.0
sizing	0.0	0.0	0.0	0.0	0.0	0.0	0.0	0.0	1.0	0.0
atrain	0.0	1.0	0.0	0.0	0.0	0.0	0.0	0.0	0.0	0.0
nox	0.0	1.0	0.0	0.0	0.0	0.0	0.0	0.0	0.0	0.0
quality	0.0	0.6666666666666666	0.0	0.0	0.2222222222222222	0.1111111111111111	0.0	0.0	0.0	0.0
agricultural	0.0	1.0	0.0	0.0	0.0	0.0	0.0	0.0	0.0	0.0
magnetospheric	0.16666666666666666	0.0	0.8333333333333334	0.0	0.0	0.0	0.0	0.0	0.0	0.0
magnetically	0.6666666666666666	0.0	0.0	0.3333333333333333	0.0	0.0	0.0	0.0	0.0	0.0
disrupted	1.0	0.0	0.0	0.0	0.0	0.0	0.0	0.0	0.0	0.0
discs	0.8571428571428571	0.0	0.0	0.14285714285714285	0.0	0.0	0.0	0.0	0.0	0.0
hydration	0.0	0.6666666666666666	0.0	0.3333333333333333	0.0	0.0	0.0	0.0	0.0	0.0
tropopauseovershooting	0.0	1.0	0.0	0.0	0.0	0.0	0.0	0.0	0.0	0.0
tracertracer	0.0	1.0	0.0	0.0	0.0	0.0	0.0	0.0	0.0	0.0
correlations	0.25	0.5	0.0	0.0	0.0	0.25	0.0	0.0	0.0	0.0
dcotss	0.0	1.0	0.0	0.0	0.0	0.0	0.0	0.0	0.0	0.0
satellitederived	0.0	1.0	0.0	0.0	0.0	0.0	0.0	0.0	0.0	0.0
virtual	0.5	0.0	0.0	0.0	0.0	0.0	0.0	0.5	0.0	0.0
monitor	1.0	0.0	0.0	0.0	0.0	0.0	0.0	0.0	0.0	0.0
gaussian	0.5	0.0	0.0	0.25	0.25	0.0	0.0	0.0	0.0	0.0
significant	0.25	0.25	0.25	0.25	0.0	0.0	0.0	0.0	0.0	0.0
flight	0.25	0.5	0.0	0.0	0.0	0.0	0.0	0.0	0.25	0.0
period	0.25	0.5	0.0	0.25	0.0	0.0	0.0	0.0	0.0	0.0
wheeled	0.0	0.0	0.0	0.0	0.0	1.0	0.0	0.0	0.0	0.0
locomotion	0.0	0.0	0.0	0.0	0.0	1.0	0.0	0.0	0.0	0.0
granular	0.0	0.0	0.0	0.5	0.0	0.5	0.0	0.0	0.0	0.0
media	0.0	0.0	0.0	0.3333333333333333	0.0	0.6666666666666666	0.0	0.0	0.0	0.0
drft	0.0	0.0	0.0	0.0	0.0	1.0	0.0	0.0	0.0	0.0
sand	0.0	0.0	0.0	0.5	0.0	0.5	0.0	0.0	0.0	0.0
depthinvariant	0.0	1.0	0.0	0.0	0.0	0.0	0.0	0.0	0.0	0.0
index	0.0	0.5	0.5	0.0	0.0	0.0	0.0	0.0	0.0	0.0
floating	0.0	1.0	0.0	0.0	0.0	0.0	0.0	0.0	0.0	0.0
algae	0.0	0.6666666666666666	0.0	0.3333333333333333	0.0	0.0	0.0	0.0	0.0	0.0
conceptual	0.0	1.0	0.0	0.0	0.0	0.0	0.0	0.0	0.0	0.0
projected	0.0	1.0	0.0	0.0	0.0	0.0	0.0	0.0	0.0	0.0
diurnal	0.0	0.3333333333333333	0.3333333333333333	0.3333333333333333	0.0	0.0	0.0	0.0	0.0	0.0
india	0.0	1.0	0.0	0.0	0.0	0.0	0.0	0.0	0.0	0.0
oceanatmosphere	0.0	1.0	0.0	0.0	0.0	0.0	0.0	0.0	0.0	0.0
dropletgas	0.0	0.0	0.0	0.0	0.0	1.0	0.0	0.0	0.0	0.0
nanoelectrospray	0.0	0.0	0.0	0.0	0.0	1.0	0.0	0.0	0.0	0.0
multiphase	0.0	0.0	0.0	0.0	0.0	1.0	0.0	0.0	0.0	0.0
multimonth	0.0	1.0	0.0	0.0	0.0	0.0	0.0	0.0	0.0	0.0
heatwaves	0.0	1.0	0.0	0.0	0.0	0.0	0.0	0.0	0.0	0.0
acidification	0.0	1.0	0.0	0.0	0.0	0.0	0.0	0.0	0.0	0.0
ly	1.0	0.0	0.0	0.0	0.0	0.0	0.0	0.0	0.0	0.0
strength	0.2	0.2	0.2	0.4	0.0	0.0	0.0	0.0	0.0	0.0
faint	0.75	0.25	0.0	0.0	0.0	0.0	0.0	0.0	0.0	0.0
amplt	1.0	0.0	0.0	0.0	0.0	0.0	0.0	0.0	0.0	0.0
safe	0.0	0.0	0.0	0.0	0.0	0.0	0.0	0.0	1.0	0.0
scalable	0.0	0.5	0.0	0.0	0.0	0.0	0.0	0.0	0.5	0.0
trajectory	0.0	0.0	0.0	0.0	0.0	0.0	0.0	0.3333333333333333	0.6666666666666666	0.0
pickup	0.0	0.0	0.0	1.0	0.0	0.0	0.0	0.0	0.0	0.0
location	0.3333333333333333	0.3333333333333333	0.0	0.3333333333333333	0.0	0.0	0.0	0.0	0.0	0.0
toward	0.375	0.375	0.0	0.0	0.0	0.125	0.0	0.125	0.0	0.0
phytoplankton	0.0	1.0	0.0	0.0	0.0	0.0	0.0	0.0	0.0	0.0
globalscale	0.0	0.6666666666666666	0.3333333333333333	0.0	0.0	0.0	0.0	0.0	0.0	0.0
beyond	0.5	0.25	0.0	0.25	0.0	0.0	0.0	0.0	0.0	0.0
detecting	0.6666666666666666	0.3333333333333333	0.0	0.0	0.0	0.0	0.0	0.0	0.0	0.0
haumeas	1.0	0.0	0.0	0.0	0.0	0.0	0.0	0.0	0.0	0.0
nonspherical	1.0	0.0	0.0	0.0	0.0	0.0	0.0	0.0	0.0	0.0
dbl	1.0	0.0	0.0	0.0	0.0	0.0	0.0	0.0	0.0	0.0
doublelined	1.0	0.0	0.0	0.0	0.0	0.0	0.0	0.0	0.0	0.0
double	0.7142857142857143	0.0	0.14285714285714285	0.0	0.0	0.14285714285714285	0.0	0.0	0.0	0.0
adjusting	0.0	0.0	1.0	0.0	0.0	0.0	0.0	0.0	0.0	0.0
sband	0.0	1.0	0.0	0.0	0.0	0.0	0.0	0.0	0.0	0.0
opportunity	0.0	1.0	0.0	0.0	0.0	0.0	0.0	0.0	0.0	0.0
reflections	0.0	1.0	0.0	0.0	0.0	0.0	0.0	0.0	0.0	0.0
comparing	0.1111111111111111	0.2222222222222222	0.3333333333333333	0.2222222222222222	0.1111111111111111	0.0	0.0	0.0	0.0	0.0
anisotropy	0.16666666666666666	0.16666666666666666	0.6666666666666666	0.0	0.0	0.0	0.0	0.0	0.0	0.0
discontinuities	0.0	0.0	0.6666666666666666	0.0	0.0	0.0	0.0	0.0	0.3333333333333333	0.0
quantifies	0.0	1.0	0.0	0.0	0.0	0.0	0.0	0.0	0.0	0.0
waterstorage	0.0	1.0	0.0	0.0	0.0	0.0	0.0	0.0	0.0	0.0
gains	0.0	1.0	0.0	0.0	0.0	0.0	0.0	0.0	0.0	0.0
drought	0.0	1.0	0.0	0.0	0.0	0.0	0.0	0.0	0.0	0.0
improvements	0.0	1.0	0.0	0.0	0.0	0.0	0.0	0.0	0.0	0.0
spurred	0.0	1.0	0.0	0.0	0.0	0.0	0.0	0.0	0.0	0.0
rivers	0.0	1.0	0.0	0.0	0.0	0.0	0.0	0.0	0.0	0.0
resolves	1.0	0.0	0.0	0.0	0.0	0.0	0.0	0.0	0.0	0.0
collisioninduced	0.5	0.0	0.0	0.5	0.0	0.0	0.0	0.0	0.0	0.0
features	0.5	0.16666666666666666	0.3333333333333333	0.0	0.0	0.0	0.0	0.0	0.0	0.0
uncover	1.0	0.0	0.0	0.0	0.0	0.0	0.0	0.0	0.0	0.0
kiloparsecscale	1.0	0.0	0.0	0.0	0.0	0.0	0.0	0.0	0.0	0.0
distances	1.0	0.0	0.0	0.0	0.0	0.0	0.0	0.0	0.0	0.0
dental	0.0	0.0	0.0	0.0	0.0	0.0	0.0	1.0	0.0	0.0
problems	0.0	0.0	0.0	0.0	0.0	0.0	0.0	1.0	0.0	0.0
indicative	0.0	0.0	0.0	0.5	0.0	0.0	0.0	0.5	0.0	0.0
clonal	0.0	0.0	0.0	0.0	0.0	0.0	0.0	1.0	0.0	0.0
hematopoiesis	0.0	0.0	0.0	0.0	0.0	0.0	0.0	1.0	0.0	0.0
financialization	0.0	1.0	0.0	0.0	0.0	0.0	0.0	0.0	0.0	0.0
rural	0.0	1.0	0.0	0.0	0.0	0.0	0.0	0.0	0.0	0.0
credit	0.0	1.0	0.0	0.0	0.0	0.0	0.0	0.0	0.0	0.0
thailand	0.0	1.0	0.0	0.0	0.0	0.0	0.0	0.0	0.0	0.0
cambodia	0.0	1.0	0.0	0.0	0.0	0.0	0.0	0.0	0.0	0.0
tracing	1.0	0.0	0.0	0.0	0.0	0.0	0.0	0.0	0.0	0.0
gradient	0.6666666666666666	0.0	0.0	0.0	0.0	0.3333333333333333	0.0	0.0	0.0	0.0
filtering	0.3333333333333333	0.0	0.3333333333333333	0.0	0.0	0.0	0.0	0.0	0.3333333333333333	0.0
interferometers	1.0	0.0	0.0	0.0	0.0	0.0	0.0	0.0	0.0	0.0
callistos	0.0	0.0	0.0	1.0	0.0	0.0	0.0	0.0	0.0	0.0
perturbed	0.0	0.0	0.0	1.0	0.0	0.0	0.0	0.0	0.0	0.0
microbiology	0.0	0.0	0.0	0.0	1.0	0.0	0.0	0.0	0.0	0.0
microbial	0.0	0.4	0.0	0.2	0.2	0.2	0.0	0.0	0.0	0.0
habitat	0.0	0.3333333333333333	0.0	0.0	0.3333333333333333	0.3333333333333333	0.0	0.0	0.0	0.0
sustainability	0.0	0.0	0.0	0.0	1.0	0.0	0.0	0.0	0.0	0.0
vision	0.0	1.0	0.0	0.0	0.0	0.0	0.0	0.0	0.0	0.0
transformer	0.0	1.0	0.0	0.0	0.0	0.0	0.0	0.0	0.0	0.0
architecture	0.25	0.25	0.0	0.0	0.0	0.25	0.0	0.0	0.25	0.0
hyperspectral	0.0	0.8	0.0	0.2	0.0	0.0	0.0	0.0	0.0	0.0
capillary	0.0	0.0	0.0	0.0	0.0	1.0	0.0	0.0	0.0	0.0
electrophoresis	0.0	0.0	0.0	0.0	0.0	1.0	0.0	0.0	0.0	0.0
metabolites	0.0	0.0	0.0	0.0	0.0	1.0	0.0	0.0	0.0	0.0
threeflavor	1.0	0.0	0.0	0.0	0.0	0.0	0.0	0.0	0.0	0.0
full	0.5	0.0	0.5	0.0	0.0	0.0	0.0	0.0	0.0	0.0
anatomy	1.0	0.0	0.0	0.0	0.0	0.0	0.0	0.0	0.0	0.0
protostar	1.0	0.0	0.0	0.0	0.0	0.0	0.0	0.0	0.0	0.0
l	1.0	0.0	0.0	0.0	0.0	0.0	0.0	0.0	0.0	0.0
irs	1.0	0.0	0.0	0.0	0.0	0.0	0.0	0.0	0.0	0.0
noema	1.0	0.0	0.0	0.0	0.0	0.0	0.0	0.0	0.0	0.0
occultations	0.25	0.0	0.0	0.75	0.0	0.0	0.0	0.0	0.0	0.0
revised	0.0	0.0	0.0	1.0	0.0	0.0	0.0	0.0	0.0	0.0
temperatures	0.5	0.0	0.0	0.5	0.0	0.0	0.0	0.0	0.0	0.0
thermosphere	0.0	0.0	0.3333333333333333	0.6666666666666666	0.0	0.0	0.0	0.0	0.0	0.0
jwstnircam	1.0	0.0	0.0	0.0	0.0	0.0	0.0	0.0	0.0	0.0
exterior	0.5	0.0	0.0	0.5	0.0	0.0	0.0	0.0	0.0	0.0
spiral	0.6666666666666666	0.0	0.0	0.3333333333333333	0.0	0.0	0.0	0.0	0.0	0.0
mwc	1.0	0.0	0.0	0.0	0.0	0.0	0.0	0.0	0.0	0.0
watching	0.0	1.0	0.0	0.0	0.0	0.0	0.0	0.0	0.0	0.0
grand	0.0	1.0	0.0	0.0	0.0	0.0	0.0	0.0	0.0	0.0
ethiopian	0.0	1.0	0.0	0.0	0.0	0.0	0.0	0.0	0.0	0.0
dam	0.0	1.0	0.0	0.0	0.0	0.0	0.0	0.0	0.0	0.0
sustainable	0.0	0.5	0.0	0.0	0.0	0.5	0.0	0.0	0.0	0.0
management	0.0	0.8333333333333334	0.0	0.0	0.0	0.16666666666666666	0.0	0.0	0.0	0.0
nile	0.0	1.0	0.0	0.0	0.0	0.0	0.0	0.0	0.0	0.0
motions	0.5	0.0	0.5	0.0	0.0	0.0	0.0	0.0	0.0	0.0
compressive	0.0	0.0	1.0	0.0	0.0	0.0	0.0	0.0	0.0	0.0
energetics	0.0	0.0	0.5	0.5	0.0	0.0	0.0	0.0	0.0	0.0
nonthermal	0.0	0.0	1.0	0.0	0.0	0.0	0.0	0.0	0.0	0.0
leaf	0.0	0.6666666666666666	0.0	0.0	0.0	0.0	0.0	0.3333333333333333	0.0	0.0
mizuna	0.0	0.0	0.0	0.0	0.0	0.0	0.0	1.0	0.0	0.0
cutandcomeagain	0.0	0.0	0.0	0.0	0.0	0.0	0.0	1.0	0.0	0.0
harvest	0.0	0.0	0.0	0.0	0.0	0.0	0.0	1.0	0.0	0.0
substrate	0.0	0.0	0.0	0.5	0.0	0.0	0.0	0.5	0.0	0.0
fertilizer	0.0	0.0	0.0	0.0	0.0	0.0	0.0	1.0	0.0	0.0
formulation	0.0	0.0	0.0	0.3333333333333333	0.0	0.0	0.0	0.3333333333333333	0.3333333333333333	0.0
hsubsubhe	0.0	0.0	0.0	1.0	0.0	0.0	0.0	0.0	0.0	0.0
bath	0.0	0.0	0.0	1.0	0.0	0.0	0.0	0.0	0.0	0.0
selfsimilar	1.0	0.0	0.0	0.0	0.0	0.0	0.0	0.0	0.0	0.0
scalefree	1.0	0.0	0.0	0.0	0.0	0.0	0.0	0.0	0.0	0.0
flame	0.25	0.0	0.0	0.0	0.25	0.0	0.5	0.0	0.0	0.0
extinction	0.5	0.0	0.0	0.0	0.16666666666666666	0.0	0.3333333333333333	0.0	0.0	0.0
flames	0.0	0.0	0.0	0.0	0.0	0.0	1.0	0.0	0.0	0.0
ionic	0.0	0.0	0.0	0.0	0.0	1.0	0.0	0.0	0.0	0.0
conductivity	0.0	0.0	0.0	0.0	0.0	1.0	0.0	0.0	0.0	0.0
modifications	0.0	0.0	0.0	0.0	0.0	1.0	0.0	0.0	0.0	0.0
electrolytes	0.0	0.0	0.0	0.0	0.0	1.0	0.0	0.0	0.0	0.0
binderless	0.0	0.0	0.0	0.0	0.0	1.0	0.0	0.0	0.0	0.0
short	0.6	0.0	0.2	0.2	0.0	0.0	0.0	0.0	0.0	0.0
long	0.5	0.0	0.0	0.0	0.5	0.0	0.0	0.0	0.0	0.0
timescales	0.5	0.0	0.25	0.25	0.0	0.0	0.0	0.0	0.0	0.0
doublepeaked	0.6666666666666666	0.0	0.0	0.3333333333333333	0.0	0.0	0.0	0.0	0.0	0.0
profile	0.8	0.2	0.0	0.0	0.0	0.0	0.0	0.0	0.0	0.0
pictor	1.0	0.0	0.0	0.0	0.0	0.0	0.0	0.0	0.0	0.0
coherent	0.75	0.0	0.25	0.0	0.0	0.0	0.0	0.0	0.0	0.0
quasiperiodic	1.0	0.0	0.0	0.0	0.0	0.0	0.0	0.0	0.0	0.0
heartbeat	1.0	0.0	0.0	0.0	0.0	0.0	0.0	0.0	0.0	0.0
igr	1.0	0.0	0.0	0.0	0.0	0.0	0.0	0.0	0.0	0.0
multibounce	1.0	0.0	0.0	0.0	0.0	0.0	0.0	0.0	0.0	0.0
selfmixing	1.0	0.0	0.0	0.0	0.0	0.0	0.0	0.0	0.0	0.0
terahertz	1.0	0.0	0.0	0.0	0.0	0.0	0.0	0.0	0.0	0.0
metasurface	0.5	0.0	0.0	0.0	0.0	0.5	0.0	0.0	0.0	0.0
externalcavity	1.0	0.0	0.0	0.0	0.0	0.0	0.0	0.0	0.0	0.0
lasers	1.0	0.0	0.0	0.0	0.0	0.0	0.0	0.0	0.0	0.0
shelf	0.0	1.0	0.0	0.0	0.0	0.0	0.0	0.0	0.0	0.0
nova	0.0	1.0	0.0	0.0	0.0	0.0	0.0	0.0	0.0	0.0
bay	0.0	1.0	0.0	0.0	0.0	0.0	0.0	0.0	0.0	0.0
ross	0.0	1.0	0.0	0.0	0.0	0.0	0.0	0.0	0.0	0.0
positiondependent	1.0	0.0	0.0	0.0	0.0	0.0	0.0	0.0	0.0	0.0
runaway	0.5	0.0	0.0	0.5	0.0	0.0	0.0	0.0	0.0	0.0
fossils	1.0	0.0	0.0	0.0	0.0	0.0	0.0	0.0	0.0	0.0
subcluster	1.0	0.0	0.0	0.0	0.0	0.0	0.0	0.0	0.0	0.0
instabilities	0.0	0.3333333333333333	0.6666666666666666	0.0	0.0	0.0	0.0	0.0	0.0	0.0
heliospheric	0.0	0.0	1.0	0.0	0.0	0.0	0.0	0.0	0.0	0.0
regulation	0.0	1.0	0.0	0.0	0.0	0.0	0.0	0.0	0.0	0.0
ijuniperus	0.0	1.0	0.0	0.0	0.0	0.0	0.0	0.0	0.0	0.0
osteospermai	0.0	1.0	0.0	0.0	0.0	0.0	0.0	0.0	0.0	0.0
mediates	0.0	1.0	0.0	0.0	0.0	0.0	0.0	0.0	0.0	0.0
bird	0.0	1.0	0.0	0.0	0.0	0.0	0.0	0.0	0.0	0.0
enforce	0.0	1.0	0.0	0.0	0.0	0.0	0.0	0.0	0.0	0.0
migratory	0.0	1.0	0.0	0.0	0.0	0.0	0.0	0.0	0.0	0.0
treaty	0.0	1.0	0.0	0.0	0.0	0.0	0.0	0.0	0.0	0.0
act	0.0	1.0	0.0	0.0	0.0	0.0	0.0	0.0	0.0	0.0
chimeric	1.0	0.0	0.0	0.0	0.0	0.0	0.0	0.0	0.0	0.0
candidate	1.0	0.0	0.0	0.0	0.0	0.0	0.0	0.0	0.0	0.0
lt	0.8571428571428571	0.0	0.14285714285714285	0.0	0.0	0.0	0.0	0.0	0.0	0.0
alma	1.0	0.0	0.0	0.0	0.0	0.0	0.0	0.0	0.0	0.0
magnetocentrifugally	1.0	0.0	0.0	0.0	0.0	0.0	0.0	0.0	0.0	0.0
reconnecting	1.0	0.0	0.0	0.0	0.0	0.0	0.0	0.0	0.0	0.0
avalanche	0.5	0.5	0.0	0.0	0.0	0.0	0.0	0.0	0.0	0.0
circumstellar	1.0	0.0	0.0	0.0	0.0	0.0	0.0	0.0	0.0	0.0
night	0.3333333333333333	0.3333333333333333	0.0	0.3333333333333333	0.0	0.0	0.0	0.0	0.0	0.0
jupiter	0.5	0.0	0.0	0.5	0.0	0.0	0.0	0.0	0.0	0.0
icassinii	1.0	0.0	0.0	0.0	0.0	0.0	0.0	0.0	0.0	0.0
imbalanced	0.0	0.0	1.0	0.0	0.0	0.0	0.0	0.0	0.0	0.0
alfvnwave	0.0	0.0	1.0	0.0	0.0	0.0	0.0	0.0	0.0	0.0
orbiter	0.0	0.0	1.0	0.0	0.0	0.0	0.0	0.0	0.0	0.0
communicating	0.0	1.0	0.0	0.0	0.0	0.0	0.0	0.0	0.0	0.0
probabilistic	0.0	0.6666666666666666	0.0	0.0	0.0	0.3333333333333333	0.0	0.0	0.0	0.0
wildland	0.0	1.0	0.0	0.0	0.0	0.0	0.0	0.0	0.0	0.0
allaround	0.0	0.0	0.0	1.0	0.0	0.0	0.0	0.0	0.0	0.0
absorber	0.0	0.0	0.0	1.0	0.0	0.0	0.0	0.0	0.0	0.0
nizn	0.0	0.0	0.0	1.0	0.0	0.0	0.0	0.0	0.0	0.0
ferrite	0.0	0.0	0.0	1.0	0.0	0.0	0.0	0.0	0.0	0.0
satellitebased	0.0	1.0	0.0	0.0	0.0	0.0	0.0	0.0	0.0	0.0
cosubsub	0.0	0.6666666666666666	0.0	0.3333333333333333	0.0	0.0	0.0	0.0	0.0	0.0
support	0.0	0.6666666666666666	0.0	0.0	0.0	0.3333333333333333	0.0	0.0	0.0	0.0
collective	0.0	1.0	0.0	0.0	0.0	0.0	0.0	0.0	0.0	0.0
mitigation	0.3333333333333333	0.3333333333333333	0.3333333333333333	0.0	0.0	0.0	0.0	0.0	0.0	0.0
actions	0.0	0.5	0.5	0.0	0.0	0.0	0.0	0.0	0.0	0.0
speckle	1.0	0.0	0.0	0.0	0.0	0.0	0.0	0.0	0.0	0.0
instrument	0.5	0.0	0.0	0.0	0.0	0.5	0.0	0.0	0.0	0.0
xi	1.0	0.0	0.0	0.0	0.0	0.0	0.0	0.0	0.0	0.0
apache	1.0	0.0	0.0	0.0	0.0	0.0	0.0	0.0	0.0	0.0
observatory	0.6666666666666666	0.3333333333333333	0.0	0.0	0.0	0.0	0.0	0.0	0.0	0.0
perception	0.0	0.0	0.0	0.0	0.0	0.5	0.0	0.0	0.5	0.0
selfmotion	0.0	0.0	0.0	0.0	0.0	1.0	0.0	0.0	0.0	0.0
orientation	0.0	0.0	0.3333333333333333	0.0	0.0	0.6666666666666666	0.0	0.0	0.0	0.0
galvanic	0.0	0.0	0.0	0.0	0.0	1.0	0.0	0.0	0.0	0.0
stimulation	0.0	0.0	0.0	0.0	0.0	1.0	0.0	0.0	0.0	0.0
failed	0.0	0.0	0.0	1.0	0.0	0.0	0.0	0.0	0.0	0.0
concordancy	0.0	0.0	0.0	1.0	0.0	0.0	0.0	0.0	0.0	0.0
impactites	0.0	0.0	0.0	1.0	0.0	0.0	0.0	0.0	0.0	0.0
testing	0.4444444444444444	0.0	0.0	0.2222222222222222	0.1111111111111111	0.1111111111111111	0.0	0.0	0.1111111111111111	0.0
late	0.0	0.0	0.0	1.0	0.0	0.0	0.0	0.0	0.0	0.0
bombardment	0.0	0.0	0.0	1.0	0.0	0.0	0.0	0.0	0.0	0.0
hypothesis	0.0	0.0	0.5	0.5	0.0	0.0	0.0	0.0	0.0	0.0
considering	0.0	1.0	0.0	0.0	0.0	0.0	0.0	0.0	0.0	0.0
horizontal	0.0	0.3333333333333333	0.0	0.0	0.0	0.6666666666666666	0.0	0.0	0.0	0.0
heterogeneities	0.0	1.0	0.0	0.0	0.0	0.0	0.0	0.0	0.0	0.0
largescale	0.3333333333333333	0.5555555555555556	0.1111111111111111	0.0	0.0	0.0	0.0	0.0	0.0	0.0
statistics	0.5	0.25	0.125	0.125	0.0	0.0	0.0	0.0	0.0	0.0
receiver	0.0	1.0	0.0	0.0	0.0	0.0	0.0	0.0	0.0	0.0
onorbit	0.0	1.0	0.0	0.0	0.0	0.0	0.0	0.0	0.0	0.0
updates	0.0	1.0	0.0	0.0	0.0	0.0	0.0	0.0	0.0	0.0
shows	0.0	1.0	0.0	0.0	0.0	0.0	0.0	0.0	0.0	0.0
leads	0.0	0.5	0.0	0.0	0.0	0.0	0.0	0.5	0.0	0.0
have	0.0	1.0	0.0	0.0	0.0	0.0	0.0	0.0	0.0	0.0
little	0.5	0.5	0.0	0.0	0.0	0.0	0.0	0.0	0.0	0.0
overall	0.0	1.0	0.0	0.0	0.0	0.0	0.0	0.0	0.0	0.0
cloudiness	0.0	1.0	0.0	0.0	0.0	0.0	0.0	0.0	0.0	0.0
months	0.0	1.0	0.0	0.0	0.0	0.0	0.0	0.0	0.0	0.0
assess	0.0	1.0	0.0	0.0	0.0	0.0	0.0	0.0	0.0	0.0
invasive	0.0	1.0	0.0	0.0	0.0	0.0	0.0	0.0	0.0	0.0
plants	0.0	1.0	0.0	0.0	0.0	0.0	0.0	0.0	0.0	0.0
aboveground	0.0	1.0	0.0	0.0	0.0	0.0	0.0	0.0	0.0	0.0
electrojet	0.0	0.0	1.0	0.0	0.0	0.0	0.0	0.0	0.0	0.0
spike	0.0	0.0	1.0	0.0	0.0	0.0	0.0	0.0	0.0	0.0
april	0.0	0.0	1.0	0.0	0.0	0.0	0.0	0.0	0.0	0.0
th	0.0	0.0	1.0	0.0	0.0	0.0	0.0	0.0	0.0	0.0
forecasting	0.0	0.5	0.5	0.0	0.0	0.0	0.0	0.0	0.0	0.0
inundation	0.0	1.0	0.0	0.0	0.0	0.0	0.0	0.0	0.0	0.0
catastrophic	0.0	1.0	0.0	0.0	0.0	0.0	0.0	0.0	0.0	0.0
landslides	0.0	1.0	0.0	0.0	0.0	0.0	0.0	0.0	0.0	0.0
precursory	0.0	1.0	0.0	0.0	0.0	0.0	0.0	0.0	0.0	0.0
creep	0.0	1.0	0.0	0.0	0.0	0.0	0.0	0.0	0.0	0.0
max	1.0	0.0	0.0	0.0	0.0	0.0	0.0	0.0	0.0	0.0
depend	1.0	0.0	0.0	0.0	0.0	0.0	0.0	0.0	0.0	0.0
scenarios	0.5	0.5	0.0	0.0	0.0	0.0	0.0	0.0	0.0	0.0
ams	1.0	0.0	0.0	0.0	0.0	0.0	0.0	0.0	0.0	0.0
voyager	0.5	0.0	0.5	0.0	0.0	0.0	0.0	0.0	0.0	0.0
preparing	1.0	0.0	0.0	0.0	0.0	0.0	0.0	0.0	0.0	0.0
explorer	0.5	0.0	0.5	0.0	0.0	0.0	0.0	0.0	0.0	0.0
photochemical	1.0	0.0	0.0	0.0	0.0	0.0	0.0	0.0	0.0	0.0
inputs	1.0	0.0	0.0	0.0	0.0	0.0	0.0	0.0	0.0	0.0
transit	1.0	0.0	0.0	0.0	0.0	0.0	0.0	0.0	0.0	0.0
efficiencies	1.0	0.0	0.0	0.0	0.0	0.0	0.0	0.0	0.0	0.0
multiwavelength	1.0	0.0	0.0	0.0	0.0	0.0	0.0	0.0	0.0	0.0
twentynine	0.0	0.0	0.0	0.0	0.0	1.0	0.0	0.0	0.0	0.0
million	0.0	0.0	0.5	0.0	0.0	0.5	0.0	0.0	0.0	0.0
iqifactor	0.0	0.0	0.0	0.0	0.0	1.0	0.0	0.0	0.0	0.0
monolithic	0.5	0.0	0.0	0.0	0.0	0.5	0.0	0.0	0.0	0.0
microresonators	0.0	0.0	0.0	0.0	0.0	1.0	0.0	0.0	0.0	0.0
thinfilm	0.0	0.0	0.0	0.0	0.0	1.0	0.0	0.0	0.0	0.0
lithium	0.0	0.0	0.0	0.0	0.0	1.0	0.0	0.0	0.0	0.0
niobate	0.0	0.0	0.0	0.0	0.0	1.0	0.0	0.0	0.0	0.0
preprocessing	0.0	1.0	0.0	0.0	0.0	0.0	0.0	0.0	0.0	0.0
correlated	0.0	0.5	0.0	0.0	0.0	0.0	0.0	0.0	0.5	0.0
clustering	0.5	0.5	0.0	0.0	0.0	0.0	0.0	0.0	0.0	0.0
projection	0.0	0.5	0.0	0.0	0.0	0.5	0.0	0.0	0.0	0.0
hydrological	0.0	1.0	0.0	0.0	0.0	0.0	0.0	0.0	0.0	0.0
cycle	0.0	0.625	0.375	0.0	0.0	0.0	0.0	0.0	0.0	0.0
reshapes	0.0	1.0	0.0	0.0	0.0	0.0	0.0	0.0	0.0	0.0
warmingdriven	0.0	1.0	0.0	0.0	0.0	0.0	0.0	0.0	0.0	0.0
no	0.6666666666666666	0.0	0.0	0.3333333333333333	0.0	0.0	0.0	0.0	0.0	0.0
more	0.42857142857142855	0.2857142857142857	0.0	0.0	0.0	0.0	0.0	0.2857142857142857	0.0	0.0
lowluminosity	1.0	0.0	0.0	0.0	0.0	0.0	0.0	0.0	0.0	0.0
counterpart	1.0	0.0	0.0	0.0	0.0	0.0	0.0	0.0	0.0	0.0
where	1.0	0.0	0.0	0.0	0.0	0.0	0.0	0.0	0.0	0.0
supervirial	1.0	0.0	0.0	0.0	0.0	0.0	0.0	0.0	0.0	0.0
pilot	0.5	0.0	0.0	0.0	0.0	0.0	0.0	0.5	0.0	0.0
sightlines	1.0	0.0	0.0	0.0	0.0	0.0	0.0	0.0	0.0	0.0
flamefinder	0.0	1.0	0.0	0.0	0.0	0.0	0.0	0.0	0.0	0.0
illuminating	0.0	1.0	0.0	0.0	0.0	0.0	0.0	0.0	0.0	0.0
obscured	0.6666666666666666	0.3333333333333333	0.0	0.0	0.0	0.0	0.0	0.0	0.0	0.0
smoke	0.0	1.0	0.0	0.0	0.0	0.0	0.0	0.0	0.0	0.0
attentive	0.0	1.0	0.0	0.0	0.0	0.0	0.0	0.0	0.0	0.0
icy	0.0	0.0	0.0	1.0	0.0	0.0	0.0	0.0	0.0	0.0
preserved	0.0	0.0	0.0	1.0	0.0	0.0	0.0	0.0	0.0	0.0
frozen	0.0	0.0	0.0	0.5	0.0	0.5	0.0	0.0	0.0	0.0
fossil	0.6	0.2	0.0	0.2	0.0	0.0	0.0	0.0	0.0	0.0
figure	0.0	0.0	0.0	1.0	0.0	0.0	0.0	0.0	0.0	0.0
plumber	0.0	1.0	0.0	0.0	0.0	0.0	0.0	0.0	0.0	0.0
mip	0.0	1.0	0.0	0.0	0.0	0.0	0.0	0.0	0.0	0.0
preliminary	0.0	1.0	0.0	0.0	0.0	0.0	0.0	0.0	0.0	0.0
nonlinearity	0.25	0.5	0.25	0.0	0.0	0.0	0.0	0.0	0.0	0.0
zernikelike	1.0	0.0	0.0	0.0	0.0	0.0	0.0	0.0	0.0	0.0
wavefront	1.0	0.0	0.0	0.0	0.0	0.0	0.0	0.0	0.0	0.0
upperstratospheric	0.0	1.0	0.0	0.0	0.0	0.0	0.0	0.0	0.0	0.0
imager	0.0	0.5	0.0	0.5	0.0	0.0	0.0	0.0	0.0	0.0
osiris	0.0	1.0	0.0	0.0	0.0	0.0	0.0	0.0	0.0	0.0
redshifts	1.0	0.0	0.0	0.0	0.0	0.0	0.0	0.0	0.0	0.0
lowloss	0.0	1.0	0.0	0.0	0.0	0.0	0.0	0.0	0.0	0.0
broadband	0.0	1.0	0.0	0.0	0.0	0.0	0.0	0.0	0.0	0.0
waferscale	0.0	1.0	0.0	0.0	0.0	0.0	0.0	0.0	0.0	0.0
interposers	0.0	1.0	0.0	0.0	0.0	0.0	0.0	0.0	0.0	0.0
integration	0.0	0.8333333333333334	0.0	0.0	0.0	0.16666666666666666	0.0	0.0	0.0	0.0
expanded	0.5	0.0	0.0	0.5	0.0	0.0	0.0	0.0	0.0	0.0
gale	0.0	0.0	0.0	1.0	0.0	0.0	0.0	0.0	0.0	0.0
craters	0.0	0.0	0.0	1.0	0.0	0.0	0.0	0.0	0.0	0.0
chemin	0.0	0.0	0.0	1.0	0.0	0.0	0.0	0.0	0.0	0.0
isotopes	0.0	0.0	0.0	1.0	0.0	0.0	0.0	0.0	0.0	0.0
shark	0.0	0.0	0.0	1.0	0.0	0.0	0.0	0.0	0.0	0.0
teeth	0.0	0.0	0.0	1.0	0.0	0.0	0.0	0.0	0.0	0.0
paleoredox	0.0	0.0	0.0	1.0	0.0	0.0	0.0	0.0	0.0	0.0
proxy	0.0	0.0	0.5	0.5	0.0	0.0	0.0	0.0	0.0	0.0
los	0.0	1.0	0.0	0.0	0.0	0.0	0.0	0.0	0.0	0.0
angeles	0.0	1.0	0.0	0.0	0.0	0.0	0.0	0.0	0.0	0.0
increased	0.0	0.5	0.0	0.0	0.0	0.5	0.0	0.0	0.0	0.0
port	0.0	1.0	0.0	0.0	0.0	0.0	0.0	0.0	0.0	0.0
activity	0.2727272727272727	0.18181818181818182	0.18181818181818182	0.2727272727272727	0.0	0.0	0.0	0.09090909090909091	0.0	0.0
supply	0.0	1.0	0.0	0.0	0.0	0.0	0.0	0.0	0.0	0.0
chain	0.0	1.0	0.0	0.0	0.0	0.0	0.0	0.0	0.0	0.0
disruptions	0.0	1.0	0.0	0.0	0.0	0.0	0.0	0.0	0.0	0.0
tidally	0.0	0.0	0.0	1.0	0.0	0.0	0.0	0.0	0.0	0.0
induced	0.3333333333333333	0.16666666666666666	0.16666666666666666	0.3333333333333333	0.0	0.0	0.0	0.0	0.0	0.0
shell	0.0	0.0	0.0	1.0	0.0	0.0	0.0	0.0	0.0	0.0
subsurface	0.0	0.0	0.0	1.0	0.0	0.0	0.0	0.0	0.0	0.0
communication	0.0	0.25	0.0	0.25	0.0	0.0	0.25	0.0	0.25	0.0
merging	0.25	0.0	0.75	0.0	0.0	0.0	0.0	0.0	0.0	0.0
magnetotail	0.0	0.0	0.75	0.25	0.0	0.0	0.0	0.0	0.0	0.0
bfield	0.0	0.0	1.0	0.0	0.0	0.0	0.0	0.0	0.0	0.0
perturbation	0.0	0.0	1.0	0.0	0.0	0.0	0.0	0.0	0.0	0.0
connectivity	0.0	0.0	1.0	0.0	0.0	0.0	0.0	0.0	0.0	0.0
substorm	0.0	0.0	1.0	0.0	0.0	0.0	0.0	0.0	0.0	0.0
reflectance	0.0	0.75	0.0	0.25	0.0	0.0	0.0	0.0	0.0	0.0
signatures	0.4444444444444444	0.1111111111111111	0.3333333333333333	0.1111111111111111	0.0	0.0	0.0	0.0	0.0	0.0
anvil	0.0	1.0	0.0	0.0	0.0	0.0	0.0	0.0	0.0	0.0
goes	0.0	0.6666666666666666	0.3333333333333333	0.0	0.0	0.0	0.0	0.0	0.0	0.0
trough	0.0	0.0	0.0	1.0	0.0	0.0	0.0	0.0	0.0	0.0
migration	0.5	0.25	0.0	0.25	0.0	0.0	0.0	0.0	0.0	0.0
paths	0.0	0.0	0.0	1.0	0.0	0.0	0.0	0.0	0.0	0.0
tic	1.0	0.0	0.0	0.0	0.0	0.0	0.0	0.0	0.0	0.0
finder	1.0	0.0	0.0	0.0	0.0	0.0	0.0	0.0	0.0	0.0
unistellar	1.0	0.0	0.0	0.0	0.0	0.0	0.0	0.0	0.0	0.0
spillover	0.0	1.0	0.0	0.0	0.0	0.0	0.0	0.0	0.0	0.0
ozone	0.0	0.9230769230769231	0.07692307692307693	0.0	0.0	0.0	0.0	0.0	0.0	0.0
increases	0.0	0.6	0.0	0.2	0.2	0.0	0.0	0.0	0.0	0.0
hidden	0.0	1.0	0.0	0.0	0.0	0.0	0.0	0.0	0.0	0.0
halogens	0.0	1.0	0.0	0.0	0.0	0.0	0.0	0.0	0.0	0.0
compass	1.0	0.0	0.0	0.0	0.0	0.0	0.0	0.0	0.0	0.0
nirspecgh	1.0	0.0	0.0	0.0	0.0	0.0	0.0	0.0	0.0	0.0
transmission	0.75	0.0	0.0	0.25	0.0	0.0	0.0	0.0	0.0	0.0
superearth	1.0	0.0	0.0	0.0	0.0	0.0	0.0	0.0	0.0	0.0
toib	1.0	0.0	0.0	0.0	0.0	0.0	0.0	0.0	0.0	0.0
assessing	0.125	0.75	0.125	0.0	0.0	0.0	0.0	0.0	0.0	0.0
permutationally	1.0	0.0	0.0	0.0	0.0	0.0	0.0	0.0	0.0	0.0
invariant	0.5	0.0	0.0	0.0	0.0	0.5	0.0	0.0	0.0	0.0
polynomial	1.0	0.0	0.0	0.0	0.0	0.0	0.0	0.0	0.0	0.0
symmetric	0.6666666666666666	0.0	0.0	0.0	0.0	0.0	0.0	0.0	0.3333333333333333	0.0
domain	0.6666666666666666	0.0	0.3333333333333333	0.0	0.0	0.0	0.0	0.0	0.0	0.0
surfaces	0.4	0.0	0.0	0.2	0.0	0.4	0.0	0.0	0.0	0.0
hsubsubosubsubsupsup	1.0	0.0	0.0	0.0	0.0	0.0	0.0	0.0	0.0	0.0
decadal	0.0	1.0	0.0	0.0	0.0	0.0	0.0	0.0	0.0	0.0
ionized	1.0	0.0	0.0	0.0	0.0	0.0	0.0	0.0	0.0	0.0
fresco	1.0	0.0	0.0	0.0	0.0	0.0	0.0	0.0	0.0	0.0
rapidly	1.0	0.0	0.0	0.0	0.0	0.0	0.0	0.0	0.0	0.0
hsrl	0.0	1.0	0.0	0.0	0.0	0.0	0.0	0.0	0.0	0.0
speed	0.5	0.5	0.0	0.0	0.0	0.0	0.0	0.0	0.0	0.0
diamante	1.0	0.0	0.0	0.0	0.0	0.0	0.0	0.0	0.0	0.0
autoregressive	1.0	0.0	0.0	0.0	0.0	0.0	0.0	0.0	0.0	0.0
dtarps	1.0	0.0	0.0	0.0	0.0	0.0	0.0	0.0	0.0	0.0
hundreds	1.0	0.0	0.0	0.0	0.0	0.0	0.0	0.0	0.0	0.0
klein	0.0	0.0	1.0	0.0	0.0	0.0	0.0	0.0	0.0	0.0
nonphaselocked	0.0	1.0	0.0	0.0	0.0	0.0	0.0	0.0	0.0	0.0
currents	0.0	0.6	0.4	0.0	0.0	0.0	0.0	0.0	0.0	0.0
highfrequency	0.3333333333333333	0.3333333333333333	0.3333333333333333	0.0	0.0	0.0	0.0	0.0	0.0	0.0
characteristic	0.0	0.0	0.0	1.0	0.0	0.0	0.0	0.0	0.0	0.0
vibrational	0.5	0.0	0.0	0.5	0.0	0.0	0.0	0.0	0.0	0.0
rotational	0.3333333333333333	0.0	0.3333333333333333	0.3333333333333333	0.0	0.0	0.0	0.0	0.0	0.0
relaxation	0.0	0.0	0.5	0.5	0.0	0.0	0.0	0.0	0.0	0.0
times	0.0	0.0	0.0	1.0	0.0	0.0	0.0	0.0	0.0	0.0
firstprinciples	0.0	0.0	0.0	1.0	0.0	0.0	0.0	0.0	0.0	0.0
calculations	0.0	0.3333333333333333	0.0	0.6666666666666666	0.0	0.0	0.0	0.0	0.0	0.0
what	0.0	0.5	0.5	0.0	0.0	0.0	0.0	0.0	0.0	0.0
drove	0.0	0.0	1.0	0.0	0.0	0.0	0.0	0.0	0.0	0.0
gics	0.0	0.0	1.0	0.0	0.0	0.0	0.0	0.0	0.0	0.0
gta	0.0	0.0	1.0	0.0	0.0	0.0	0.0	0.0	0.0	0.0
mntsl	0.0	0.0	1.0	0.0	0.0	0.0	0.0	0.0	0.0	0.0
distinguishing	0.0	0.0	1.0	0.0	0.0	0.0	0.0	0.0	0.0	0.0
deterministic	0.0	0.0	0.0	1.0	0.0	0.0	0.0	0.0	0.0	0.0
asteroid	0.07692307692307693	0.0	0.0	0.7692307692307693	0.0	0.15384615384615385	0.0	0.0	0.0	0.0
reassembly	0.0	0.0	0.0	1.0	0.0	0.0	0.0	0.0	0.0	0.0
aggregate	0.0	0.0	0.0	1.0	0.0	0.0	0.0	0.0	0.0	0.0
icecube	0.0	0.0	0.0	1.0	0.0	0.0	0.0	0.0	0.0	0.0
neutrinos	0.5	0.0	0.0	0.5	0.0	0.0	0.0	0.0	0.0	0.0
cgrabs	0.0	0.0	0.0	1.0	0.0	0.0	0.0	0.0	0.0	0.0
inherent	0.0	0.0	0.0	0.0	0.0	0.0	0.0	1.0	0.0	0.0
incidental	0.0	0.0	0.0	0.0	0.0	0.0	0.0	1.0	0.0	0.0
bimanual	0.0	0.0	0.0	0.0	0.0	0.0	0.0	1.0	0.0	0.0
force	0.0	0.0	0.5	0.0	0.0	0.0	0.0	0.5	0.0	0.0
generated	0.0	0.3333333333333333	0.6666666666666666	0.0	0.0	0.0	0.0	0.0	0.0	0.0
testbed	0.5	0.5	0.0	0.0	0.0	0.0	0.0	0.0	0.0	0.0
accompanied	1.0	0.0	0.0	0.0	0.0	0.0	0.0	0.0	0.0	0.0
possibly	1.0	0.0	0.0	0.0	0.0	0.0	0.0	0.0	0.0	0.0
aligned	0.3333333333333333	0.0	0.0	0.0	0.0	0.0	0.0	0.0	0.6666666666666666	0.0
ribovision	0.0	0.0	0.0	1.0	0.0	0.0	0.0	0.0	0.0	0.0
web	0.0	0.0	0.0	1.0	0.0	0.0	0.0	0.0	0.0	0.0
server	0.0	0.0	0.0	1.0	0.0	0.0	0.0	0.0	0.0	0.0
visualization	0.0	0.0	0.0	0.5	0.0	0.5	0.0	0.0	0.0	0.0
ribosomal	0.0	0.0	0.0	1.0	0.0	0.0	0.0	0.0	0.0	0.0
rnas	0.0	0.0	0.0	1.0	0.0	0.0	0.0	0.0	0.0	0.0
escape	0.6666666666666666	0.0	0.0	0.3333333333333333	0.0	0.0	0.0	0.0	0.0	0.0
expressions	0.0	0.0	0.0	1.0	0.0	0.0	0.0	0.0	0.0	0.0
multifidelity	0.0	0.0	0.0	0.5	0.0	0.5	0.0	0.0	0.0	0.0
sampling	0.0	0.5	0.0	0.5	0.0	0.0	0.0	0.0	0.0	0.0
multioutput	0.0	0.0	0.0	1.0	0.0	0.0	0.0	0.0	0.0	0.0
multistatistic	0.0	0.0	0.0	1.0	0.0	0.0	0.0	0.0	0.0	0.0
estimators	0.0	0.0	0.0	1.0	0.0	0.0	0.0	0.0	0.0	0.0
approximate	0.0	0.0	0.0	1.0	0.0	0.0	0.0	0.0	0.0	0.0
variates	0.0	0.0	0.0	1.0	0.0	0.0	0.0	0.0	0.0	0.0
out	0.75	0.0	0.0	0.25	0.0	0.0	0.0	0.0	0.0	0.0
photoevaporation	0.0	0.0	0.0	1.0	0.0	0.0	0.0	0.0	0.0	0.0
corepowered	0.0	0.0	0.0	1.0	0.0	0.0	0.0	0.0	0.0	0.0
massloss	0.5	0.0	0.0	0.5	0.0	0.0	0.0	0.0	0.0	0.0
imposters	1.0	0.0	0.0	0.0	0.0	0.0	0.0	0.0	0.0	0.0
globular	1.0	0.0	0.0	0.0	0.0	0.0	0.0	0.0	0.0	0.0
ultradiffuse	1.0	0.0	0.0	0.0	0.0	0.0	0.0	0.0	0.0	0.0
mixing	0.25	0.25	0.25	0.0	0.25	0.0	0.0	0.0	0.0	0.0
kelvin	0.0	0.0	1.0	0.0	0.0	0.0	0.0	0.0	0.0	0.0
helmholtz	0.0	0.0	1.0	0.0	0.0	0.0	0.0	0.0	0.0	0.0
vortices	0.3333333333333333	0.0	0.3333333333333333	0.3333333333333333	0.0	0.0	0.0	0.0	0.0	0.0
chaotic	0.0	0.0	0.0	1.0	0.0	0.0	0.0	0.0	0.0	0.0
subdiffusive	0.0	0.0	0.0	1.0	0.0	0.0	0.0	0.0	0.0	0.0
points	0.0	1.0	0.0	0.0	0.0	0.0	0.0	0.0	0.0	0.0
series	0.0	0.8333333333333334	0.16666666666666666	0.0	0.0	0.0	0.0	0.0	0.0	0.0
segmented	0.0	1.0	0.0	0.0	0.0	0.0	0.0	0.0	0.0	0.0
inform	0.0	0.0	0.0	1.0	0.0	0.0	0.0	0.0	0.0	0.0
infrastructure	0.0	0.5	0.0	0.5	0.0	0.0	0.0	0.0	0.0	0.0
isru	0.0	0.0	0.0	1.0	0.0	0.0	0.0	0.0	0.0	0.0
activities	0.0	0.0	0.3333333333333333	0.3333333333333333	0.0	0.0	0.0	0.3333333333333333	0.0	0.0
moon	0.0	0.0	0.0	1.0	0.0	0.0	0.0	0.0	0.0	0.0
importance	0.0	0.3333333333333333	0.0	0.3333333333333333	0.0	0.0	0.3333333333333333	0.0	0.0	0.0
conduction	0.0	0.0	0.0	0.0	0.0	0.0	1.0	0.0	0.0	0.0
cylindrical	0.0	0.0	0.0	0.0	0.0	0.5	0.5	0.0	0.0	0.0
fuels	0.0	0.0	0.0	0.0	0.0	0.0	1.0	0.0	0.0	0.0
wtp	1.0	0.0	0.0	0.0	0.0	0.0	0.0	0.0	0.0	0.0
aalnxx	1.0	0.0	0.0	0.0	0.0	0.0	0.0	0.0	0.0	0.0
bright	1.0	0.0	0.0	0.0	0.0	0.0	0.0	0.0	0.0	0.0
emerging	0.6666666666666666	0.0	0.3333333333333333	0.0	0.0	0.0	0.0	0.0	0.0	0.0
supernovae	0.6	0.0	0.0	0.4	0.0	0.0	0.0	0.0	0.0	0.0
delayed	0.5	0.0	0.0	0.0	0.0	0.0	0.0	0.5	0.0	0.0
may	0.6	0.2	0.2	0.0	0.0	0.0	0.0	0.0	0.0	0.0
eat	1.0	0.0	0.0	0.0	0.0	0.0	0.0	0.0	0.0	0.0
own	1.0	0.0	0.0	0.0	0.0	0.0	0.0	0.0	0.0	0.0
tails	1.0	0.0	0.0	0.0	0.0	0.0	0.0	0.0	0.0	0.0
dipolarizing	0.0	0.0	1.0	0.0	0.0	0.0	0.0	0.0	0.0	0.0
bundles	0.0	0.0	0.5	0.0	0.0	0.5	0.0	0.0	0.0	0.0
nightside	0.0	0.0	1.0	0.0	0.0	0.0	0.0	0.0	0.0	0.0
limit	0.14285714285714285	0.0	0.7142857142857143	0.14285714285714285	0.0	0.0	0.0	0.0	0.0	0.0
unified	0.0	0.0	0.5	0.0	0.0	0.0	0.0	0.0	0.5	0.0
al	0.0	0.0	1.0	0.0	0.0	0.0	0.0	0.0	0.0	0.0
underexpanded	0.0	0.0	0.0	0.0	0.0	1.0	0.0	0.0	0.0	0.0
causal	0.0	1.0	0.0	0.0	0.0	0.0	0.0	0.0	0.0	0.0
mediation	0.0	1.0	0.0	0.0	0.0	0.0	0.0	0.0	0.0	0.0
geopotential	0.0	1.0	0.0	0.0	0.0	0.0	0.0	0.0	0.0	0.0
cities	0.0	1.0	0.0	0.0	0.0	0.0	0.0	0.0	0.0	0.0
attenuation	0.5	0.5	0.0	0.0	0.0	0.0	0.0	0.0	0.0	0.0
photometric	0.875	0.0	0.0	0.125	0.0	0.0	0.0	0.0	0.0	0.0
explain	0.0	0.5	0.0	0.5	0.0	0.0	0.0	0.0	0.0	0.0
only	0.0	1.0	0.0	0.0	0.0	0.0	0.0	0.0	0.0	0.0
half	0.0	1.0	0.0	0.0	0.0	0.0	0.0	0.0	0.0	0.0
explained	0.3333333333333333	0.3333333333333333	0.0	0.3333333333333333	0.0	0.0	0.0	0.0	0.0	0.0
routine	0.0	1.0	0.0	0.0	0.0	0.0	0.0	0.0	0.0	0.0
diffuselike	0.0	0.0	1.0	0.0	0.0	0.0	0.0	0.0	0.0	0.0
aurora	0.2	0.0	0.6	0.2	0.0	0.0	0.0	0.0	0.0	0.0
braking	0.6666666666666666	0.0	0.3333333333333333	0.0	0.0	0.0	0.0	0.0	0.0	0.0
polarized	0.6666666666666666	0.0	0.3333333333333333	0.0	0.0	0.0	0.0	0.0	0.0	0.0
accuracies	0.0	0.0	0.0	1.0	0.0	0.0	0.0	0.0	0.0	0.0
laserinduced	0.0	0.0	0.0	1.0	0.0	0.0	0.0	0.0	0.0	0.0
breakdown	0.0	0.0	0.0	1.0	0.0	0.0	0.0	0.0	0.0	0.0
rocks	0.0	0.2	0.0	0.8	0.0	0.0	0.0	0.0	0.0	0.0
reversal	0.0	0.0	1.0	0.0	0.0	0.0	0.0	0.0	0.0	0.0
abrupt	0.0	1.0	0.0	0.0	0.0	0.0	0.0	0.0	0.0	0.0
shipping	0.0	1.0	0.0	0.0	0.0	0.0	0.0	0.0	0.0	0.0
inadvertent	0.0	1.0	0.0	0.0	0.0	0.0	0.0	0.0	0.0	0.0
geoengineering	0.0	1.0	0.0	0.0	0.0	0.0	0.0	0.0	0.0	0.0
termination	0.0	1.0	0.0	0.0	0.0	0.0	0.0	0.0	0.0	0.0
produces	0.0	0.5	0.0	0.5	0.0	0.0	0.0	0.0	0.0	0.0
substantial	0.0	1.0	0.0	0.0	0.0	0.0	0.0	0.0	0.0	0.0
warming	0.0	1.0	0.0	0.0	0.0	0.0	0.0	0.0	0.0	0.0
relativewind	0.0	1.0	0.0	0.0	0.0	0.0	0.0	0.0	0.0	0.0
observationally	0.0	1.0	0.0	0.0	0.0	0.0	0.0	0.0	0.0	0.0
shortwave	0.0	1.0	0.0	0.0	0.0	0.0	0.0	0.0	0.0	0.0
emphasize	0.0	1.0	0.0	0.0	0.0	0.0	0.0	0.0	0.0	0.0
asymptotic	1.0	0.0	0.0	0.0	0.0	0.0	0.0	0.0	0.0	0.0
branch	1.0	0.0	0.0	0.0	0.0	0.0	0.0	0.0	0.0	0.0
distributions	0.2	0.2	0.2	0.2	0.0	0.2	0.0	0.0	0.0	0.0
ultrafast	0.3333333333333333	0.3333333333333333	0.3333333333333333	0.0	0.0	0.0	0.0	0.0	0.0	0.0
stopover	0.0	1.0	0.0	0.0	0.0	0.0	0.0	0.0	0.0	0.0
strategies	0.0	1.0	0.0	0.0	0.0	0.0	0.0	0.0	0.0	0.0
adaptability	0.0	1.0	0.0	0.0	0.0	0.0	0.0	0.0	0.0	0.0
environments	0.3333333333333333	0.2222222222222222	0.0	0.3333333333333333	0.0	0.0	0.0	0.0	0.1111111111111111	0.0
decam	0.0	0.0	0.0	1.0	0.0	0.0	0.0	0.0	0.0	0.0
exploration	0.16666666666666666	0.0	0.0	0.5	0.0	0.16666666666666666	0.16666666666666666	0.0	0.0	0.0
questions	0.0	0.0	0.0	1.0	0.0	0.0	0.0	0.0	0.0	0.0
technical	0.0	0.0	0.0	1.0	0.0	0.0	0.0	0.0	0.0	0.0
demonstration	0.0	0.5	0.0	0.5	0.0	0.0	0.0	0.0	0.0	0.0
penetrating	0.0	0.0	1.0	0.0	0.0	0.0	0.0	0.0	0.0	0.0
nov	0.0	0.0	1.0	0.0	0.0	0.0	0.0	0.0	0.0	0.0
geomagnetic	0.0	0.0	1.0	0.0	0.0	0.0	0.0	0.0	0.0	0.0
complex	0.1111111111111111	0.0	0.3333333333333333	0.2222222222222222	0.0	0.0	0.0	0.2222222222222222	0.1111111111111111	0.0
nakhlite	0.0	0.0	0.0	1.0	0.0	0.0	0.0	0.0	0.0	0.0
chassignite	0.0	0.0	0.0	1.0	0.0	0.0	0.0	0.0	0.0	0.0
meteorites	0.0	0.0	0.0	1.0	0.0	0.0	0.0	0.0	0.0	0.0
multistage	0.0	0.0	0.0	1.0	0.0	0.0	0.0	0.0	0.0	0.0
petrogenesis	0.0	0.0	0.0	1.0	0.0	0.0	0.0	0.0	0.0	0.0
undercooling	0.0	0.0	0.0	1.0	0.0	0.0	0.0	0.0	0.0	0.0
crystallization	0.0	0.0	0.5	0.5	0.0	0.0	0.0	0.0	0.0	0.0
polycyclic	0.6666666666666666	0.0	0.0	0.3333333333333333	0.0	0.0	0.0	0.0	0.0	0.0
aromatic	0.5	0.0	0.0	0.25	0.0	0.25	0.0	0.0	0.0	0.0
hydrocarbons	0.5	0.0	0.0	0.5	0.0	0.0	0.0	0.0	0.0	0.0
edge	0.25	0.0	0.0	0.5	0.25	0.0	0.0	0.0	0.0	0.0
explaining	1.0	0.0	0.0	0.0	0.0	0.0	0.0	0.0	0.0	0.0
astronomical	1.0	0.0	0.0	0.0	0.0	0.0	0.0	0.0	0.0	0.0
hotmode	1.0	0.0	0.0	0.0	0.0	0.0	0.0	0.0	0.0	0.0
abell	1.0	0.0	0.0	0.0	0.0	0.0	0.0	0.0	0.0	0.0
relative	0.5	0.0	0.5	0.0	0.0	0.0	0.0	0.0	0.0	0.0
fieldaligned	0.0	0.0	1.0	0.0	0.0	0.0	0.0	0.0	0.0	0.0
latitudes	0.0	0.3333333333333333	0.6666666666666666	0.0	0.0	0.0	0.0	0.0	0.0	0.0
patricks	0.0	0.0	1.0	0.0	0.0	0.0	0.0	0.0	0.0	0.0
day	0.3333333333333333	0.16666666666666666	0.3333333333333333	0.16666666666666666	0.0	0.0	0.0	0.0	0.0	0.0
postfire	0.0	1.0	0.0	0.0	0.0	0.0	0.0	0.0	0.0	0.0
albedo	0.0	1.0	0.0	0.0	0.0	0.0	0.0	0.0	0.0	0.0
understand	0.0	1.0	0.0	0.0	0.0	0.0	0.0	0.0	0.0	0.0
decades	0.0	1.0	0.0	0.0	0.0	0.0	0.0	0.0	0.0	0.0
storage	0.0	1.0	0.0	0.0	0.0	0.0	0.0	0.0	0.0	0.0
snowmelt	0.0	1.0	0.0	0.0	0.0	0.0	0.0	0.0	0.0	0.0
reanalysis	0.0	1.0	0.0	0.0	0.0	0.0	0.0	0.0	0.0	0.0
stratiform	0.0	1.0	0.0	0.0	0.0	0.0	0.0	0.0	0.0	0.0
snr	1.0	0.0	0.0	0.0	0.0	0.0	0.0	0.0	0.0	0.0
intercomparison	0.0	1.0	0.0	0.0	0.0	0.0	0.0	0.0	0.0	0.0
groundlevel	0.0	1.0	0.0	0.0	0.0	0.0	0.0	0.0	0.0	0.0
wrfcamx	0.0	1.0	0.0	0.0	0.0	0.0	0.0	0.0	0.0	0.0
columns	0.0	1.0	0.0	0.0	0.0	0.0	0.0	0.0	0.0	0.0
houston	0.0	1.0	0.0	0.0	0.0	0.0	0.0	0.0	0.0	0.0
traceraq	0.0	1.0	0.0	0.0	0.0	0.0	0.0	0.0	0.0	0.0
energycontaining	0.0	0.0	1.0	0.0	0.0	0.0	0.0	0.0	0.0	0.0
expected	0.0	0.0	0.0	0.0	0.0	1.0	0.0	0.0	0.0	0.0
redshift	0.5	0.0	0.0	0.0	0.0	0.5	0.0	0.0	0.0	0.0
blackcat	0.0	0.0	0.0	0.0	0.0	1.0	0.0	0.0	0.0	0.0
cubesat	0.0	0.25	0.25	0.0	0.0	0.5	0.0	0.0	0.0	0.0
uranuss	0.0	0.0	0.0	1.0	0.0	0.0	0.0	0.0	0.0	0.0
neptunes	0.0	0.0	0.0	1.0	0.0	0.0	0.0	0.0	0.0	0.0
meanmotion	0.0	0.0	0.0	1.0	0.0	0.0	0.0	0.0	0.0	0.0
resonances	0.3333333333333333	0.0	0.3333333333333333	0.3333333333333333	0.0	0.0	0.0	0.0	0.0	0.0
hfc	0.0	1.0	0.0	0.0	0.0	0.0	0.0	0.0	0.0	0.0
do	0.2	0.6	0.0	0.2	0.0	0.0	0.0	0.0	0.0	0.0
reflect	0.0	1.0	0.0	0.0	0.0	0.0	0.0	0.0	0.0	0.0
commitments	0.0	1.0	0.0	0.0	0.0	0.0	0.0	0.0	0.0	0.0
kigali	0.0	1.0	0.0	0.0	0.0	0.0	0.0	0.0	0.0	0.0
amendment	0.0	1.0	0.0	0.0	0.0	0.0	0.0	0.0	0.0	0.0
iimax	1.0	0.0	0.0	0.0	0.0	0.0	0.0	0.0	0.0	0.0
asteroseismology	1.0	0.0	0.0	0.0	0.0	0.0	0.0	0.0	0.0	0.0
ikepleri	1.0	0.0	0.0	0.0	0.0	0.0	0.0	0.0	0.0	0.0
giants	1.0	0.0	0.0	0.0	0.0	0.0	0.0	0.0	0.0	0.0
enhanced	0.0	0.5	0.5	0.0	0.0	0.0	0.0	0.0	0.0	0.0
net	0.0	1.0	0.0	0.0	0.0	0.0	0.0	0.0	0.0	0.0
uncovered	0.0	1.0	0.0	0.0	0.0	0.0	0.0	0.0	0.0	0.0
machinelearningbased	0.0	1.0	0.0	0.0	0.0	0.0	0.0	0.0	0.0	0.0
relationship	0.0	0.25	0.75	0.0	0.0	0.0	0.0	0.0	0.0	0.0
helicity	0.0	0.0	1.0	0.0	0.0	0.0	0.0	0.0	0.0	0.0
dual	0.42857142857142855	0.42857142857142855	0.14285714285714285	0.0	0.0	0.0	0.0	0.0	0.0	0.0
outflows	0.75	0.0	0.25	0.0	0.0	0.0	0.0	0.0	0.0	0.0
quenching	1.0	0.0	0.0	0.0	0.0	0.0	0.0	0.0	0.0	0.0
hosts	0.6666666666666666	0.0	0.0	0.0	0.0	0.0	0.0	0.3333333333333333	0.0	0.0
deuterons	0.0	0.0	1.0	0.0	0.0	0.0	0.0	0.0	0.0	0.0
alpha	0.0	0.0	1.0	0.0	0.0	0.0	0.0	0.0	0.0	0.0
spectrometer	0.2	0.2	0.4	0.2	0.0	0.0	0.0	0.0	0.0	0.0
channel	0.0	0.25	0.25	0.0	0.0	0.0	0.0	0.0	0.5	0.0
ghz	0.0	0.0	0.0	0.0	0.0	0.3333333333333333	0.0	0.0	0.6666666666666666	0.0
band	0.3333333333333333	0.0	0.0	0.0	0.0	0.0	0.0	0.0	0.6666666666666666	0.0
aviation	0.0	0.0	0.0	0.0	0.0	0.0	0.0	0.0	1.0	0.0
operations	0.0	0.0	0.0	0.0	0.0	1.0	0.0	0.0	0.0	0.0
achievement	1.0	0.0	0.0	0.0	0.0	0.0	0.0	0.0	0.0	0.0
defense	0.3333333333333333	0.0	0.0	0.0	0.0	0.3333333333333333	0.0	0.0	0.3333333333333333	0.0
redirection	0.5	0.0	0.0	0.0	0.0	0.5	0.0	0.0	0.0	0.0
heatwave	0.0	1.0	0.0	0.0	0.0	0.0	0.0	0.0	0.0	0.0
stabilizing	0.0	1.0	0.0	0.0	0.0	0.0	0.0	0.0	0.0	0.0
biodiversity	0.0	1.0	0.0	0.0	0.0	0.0	0.0	0.0	0.0	0.0
kelp	0.0	1.0	0.0	0.0	0.0	0.0	0.0	0.0	0.0	0.0
physicalstatistical	0.0	1.0	0.0	0.0	0.0	0.0	0.0	0.0	0.0	0.0
retrieval	0.1111111111111111	0.8888888888888888	0.0	0.0	0.0	0.0	0.0	0.0	0.0	0.0
equivalent	0.0	1.0	0.0	0.0	0.0	0.0	0.0	0.0	0.0	0.0
depth	0.0	1.0	0.0	0.0	0.0	0.0	0.0	0.0	0.0	0.0
kuband	0.0	1.0	0.0	0.0	0.0	0.0	0.0	0.0	0.0	0.0
snowsar	0.0	1.0	0.0	0.0	0.0	0.0	0.0	0.0	0.0	0.0
snowex	0.0	1.0	0.0	0.0	0.0	0.0	0.0	0.0	0.0	0.0
mitigating	0.5	0.0	0.0	0.0	0.0	0.5	0.0	0.0	0.0	0.0
sirens	1.0	0.0	0.0	0.0	0.0	0.0	0.0	0.0	0.0	0.0
subtle	0.0	1.0	0.0	0.0	0.0	0.0	0.0	0.0	0.0	0.0
elevates	0.0	1.0	0.0	0.0	0.0	0.0	0.0	0.0	0.0	0.0
surge	0.0	1.0	0.0	0.0	0.0	0.0	0.0	0.0	0.0	0.0
risks	0.0	1.0	0.0	0.0	0.0	0.0	0.0	0.0	0.0	0.0
gulf	0.0	1.0	0.0	0.0	0.0	0.0	0.0	0.0	0.0	0.0
coast	0.0	1.0	0.0	0.0	0.0	0.0	0.0	0.0	0.0	0.0
injections	0.0	0.0	0.6666666666666666	0.3333333333333333	0.0	0.0	0.0	0.0	0.0	0.0
multibeam	0.0	0.0	0.0	0.0	0.0	0.0	0.0	0.0	1.0	0.0
gain	0.0	0.0	0.0	0.0	0.0	0.0	0.0	0.0	1.0	0.0
steerable	0.0	0.0	0.0	0.0	0.0	0.0	0.0	0.0	1.0	0.0
transmitarray	0.0	0.0	0.0	0.0	0.0	0.0	0.0	0.0	1.0	0.0
g	0.5	0.0	0.0	0.0	0.0	0.0	0.0	0.0	0.5	0.0
mmwave	0.0	0.0	0.0	0.0	0.0	0.0	0.0	0.0	1.0	0.0
groundobserved	0.0	1.0	0.0	0.0	0.0	0.0	0.0	0.0	0.0	0.0
rainonsnow	0.0	1.0	0.0	0.0	0.0	0.0	0.0	0.0	0.0	0.0
sizes	0.0	0.0	0.0	0.6666666666666666	0.0	0.3333333333333333	0.0	0.0	0.0	0.0
rings	0.0	0.0	0.0	1.0	0.0	0.0	0.0	0.0	0.0	0.0
uvis	0.0	0.0	0.0	1.0	0.0	0.0	0.0	0.0	0.0	0.0
outlier	0.0	0.0	0.0	1.0	0.0	0.0	0.0	0.0	0.0	0.0
ring	0.75	0.0	0.0	0.25	0.0	0.0	0.0	0.0	0.0	0.0
cassini	0.0	0.0	0.0	1.0	0.0	0.0	0.0	0.0	0.0	0.0
division	0.0	0.0	0.0	1.0	0.0	0.0	0.0	0.0	0.0	0.0
venusian	0.0	0.0	0.0	1.0	0.0	0.0	0.0	0.0	0.0	0.0
overview	0.0	0.0	0.5	0.0	0.5	0.0	0.0	0.0	0.0	0.0
steps	0.3333333333333333	0.0	0.3333333333333333	0.3333333333333333	0.0	0.0	0.0	0.0	0.0	0.0
our	0.0	0.0	1.0	0.0	0.0	0.0	0.0	0.0	0.0	0.0
nearearth	0.0	0.0	0.36363636363636365	0.6363636363636364	0.0	0.0	0.0	0.0	0.0	0.0
strengths	0.0	0.0	0.0	0.0	0.0	0.0	0.0	0.0	1.0	0.0
resistances	0.0	0.0	0.0	0.0	0.0	0.0	0.0	0.0	1.0	0.0
grain	0.0	0.0	0.0	0.6666666666666666	0.0	0.0	0.0	0.0	0.3333333333333333	0.0
boundaries	0.0	0.0	0.5	0.0	0.0	0.0	0.0	0.0	0.5	0.0
highalfvnspeed	0.0	0.0	1.0	0.0	0.0	0.0	0.0	0.0	0.0	0.0
unmagnetized	1.0	0.0	0.0	0.0	0.0	0.0	0.0	0.0	0.0	0.0
moving	0.5	0.0	0.0	0.0	0.0	0.0	0.0	0.0	0.5	0.0
intersections	0.0	0.0	0.0	0.0	0.0	0.0	0.0	0.0	1.0	0.0
multidomain	0.0	0.0	0.0	0.0	0.0	1.0	0.0	0.0	0.0	0.0
inductively	0.0	0.0	0.0	0.0	0.0	1.0	0.0	0.0	0.0	0.0
highspeed	0.0	0.0	0.0	0.0	0.0	1.0	0.0	0.0	0.0	0.0
prescribedfire	0.0	1.0	0.0	0.0	0.0	0.0	0.0	0.0	0.0	0.0
lowcost	0.0	0.5	0.0	0.25	0.0	0.25	0.0	0.0	0.0	0.0
springtime	0.0	1.0	0.0	0.0	0.0	0.0	0.0	0.0	0.0	0.0
burning	0.0	1.0	0.0	0.0	0.0	0.0	0.0	0.0	0.0	0.0
eastern	0.0	1.0	0.0	0.0	0.0	0.0	0.0	0.0	0.0	0.0
kansas	0.0	1.0	0.0	0.0	0.0	0.0	0.0	0.0	0.0	0.0
anchor	0.0	0.0	0.0	1.0	0.0	0.0	0.0	0.0	0.0	0.0
habitability	0.0	0.0	0.0	1.0	0.0	0.0	0.0	0.0	0.0	0.0
transmitted	1.0	0.0	0.0	0.0	0.0	0.0	0.0	0.0	0.0	0.0
passage	0.0	0.0	1.0	0.0	0.0	0.0	0.0	0.0	0.0	0.0
discontinuity	0.0	0.0	1.0	0.0	0.0	0.0	0.0	0.0	0.0	0.0
multiprobe	0.0	1.0	0.0	0.0	0.0	0.0	0.0	0.0	0.0	0.0
habits	0.0	1.0	0.0	0.0	0.0	0.0	0.0	0.0	0.0	0.0
sensitivities	0.0	1.0	0.0	0.0	0.0	0.0	0.0	0.0	0.0	0.0
aerosols	0.0	1.0	0.0	0.0	0.0	0.0	0.0	0.0	0.0	0.0
microphysical	0.0	1.0	0.0	0.0	0.0	0.0	0.0	0.0	0.0	0.0
justice	0.0	1.0	0.0	0.0	0.0	0.0	0.0	0.0	0.0	0.0
scoping	0.0	1.0	0.0	0.0	0.0	0.0	0.0	0.0	0.0	0.0
literature	0.3333333333333333	0.6666666666666666	0.0	0.0	0.0	0.0	0.0	0.0	0.0	0.0
turbulently	1.0	0.0	0.0	0.0	0.0	0.0	0.0	0.0	0.0	0.0
detonation	0.5	0.0	0.0	0.0	0.0	0.0	0.0	0.0	0.5	0.0
initiation	1.0	0.0	0.0	0.0	0.0	0.0	0.0	0.0	0.0	0.0
electrondegenerate	1.0	0.0	0.0	0.0	0.0	0.0	0.0	0.0	0.0	0.0
rehydration	0.0	0.0	0.0	0.0	0.0	1.0	0.0	0.0	0.0	0.0
outcomes	0.0	0.0	0.0	0.5	0.0	0.5	0.0	0.0	0.0	0.0
freezedried	0.0	0.0	0.0	0.0	0.0	1.0	0.0	0.0	0.0	0.0
blood	0.0	0.0	0.0	0.0	0.0	1.0	0.0	0.0	0.0	0.0
picture	1.0	0.0	0.0	0.0	0.0	0.0	0.0	0.0	0.0	0.0
perfect	1.0	0.0	0.0	0.0	0.0	0.0	0.0	0.0	0.0	0.0
parsnip	1.0	0.0	0.0	0.0	0.0	0.0	0.0	0.0	0.0	0.0
roman	1.0	0.0	0.0	0.0	0.0	0.0	0.0	0.0	0.0	0.0
hourglass	1.0	0.0	0.0	0.0	0.0	0.0	0.0	0.0	0.0	0.0
digital	0.0	0.16666666666666666	0.0	0.5	0.0	0.16666666666666666	0.0	0.0	0.16666666666666666	0.0
twin	0.5	0.0	0.0	0.0	0.0	0.0	0.0	0.0	0.5	0.0
civil	0.0	0.5	0.0	0.0	0.0	0.0	0.0	0.0	0.5	0.0
engineering	0.0	0.0	0.0	0.0	0.0	0.5	0.0	0.0	0.5	0.0
hypervelocity	1.0	0.0	0.0	0.0	0.0	0.0	0.0	0.0	0.0	0.0
subdwarf	1.0	0.0	0.0	0.0	0.0	0.0	0.0	0.0	0.0	0.0
starbrown	1.0	0.0	0.0	0.0	0.0	0.0	0.0	0.0	0.0	0.0
learningbased	0.0	0.2	0.2	0.0	0.0	0.0	0.0	0.0	0.6	0.0
rift	0.0	1.0	0.0	0.0	0.0	0.0	0.0	0.0	0.0	0.0
iceberg	0.0	1.0	0.0	0.0	0.0	0.0	0.0	0.0	0.0	0.0
recognition	0.0	1.0	0.0	0.0	0.0	0.0	0.0	0.0	0.0	0.0
layers	0.3333333333333333	0.0	0.3333333333333333	0.0	0.0	0.0	0.0	0.0	0.3333333333333333	0.0
mmsthemis	0.0	0.0	1.0	0.0	0.0	0.0	0.0	0.0	0.0	0.0
conjunction	0.0	0.0	1.0	0.0	0.0	0.0	0.0	0.0	0.0	0.0
sensory	0.0	0.0	0.0	0.0	0.0	0.0	0.0	1.0	0.0	0.0
manipulation	0.0	0.0	0.0	0.0	0.0	0.0	0.0	1.0	0.0	0.0
robot	0.0	0.0	0.0	0.0	0.0	0.0	0.0	1.0	0.0	0.0
teleoperation	0.0	0.0	0.0	0.0	0.0	0.0	0.0	1.0	0.0	0.0
delays	0.5	0.0	0.0	0.0	0.0	0.0	0.0	0.5	0.0	0.0
tropomi	0.0	1.0	0.0	0.0	0.0	0.0	0.0	0.0	0.0	0.0
individual	0.16666666666666666	0.6666666666666666	0.16666666666666666	0.0	0.0	0.0	0.0	0.0	0.0	0.0
areas	0.0	1.0	0.0	0.0	0.0	0.0	0.0	0.0	0.0	0.0
landfills	0.0	1.0	0.0	0.0	0.0	0.0	0.0	0.0	0.0	0.0
era	0.4	0.2	0.2	0.2	0.0	0.0	0.0	0.0	0.0	0.0
mining	0.0	0.0	0.0	1.0	0.0	0.0	0.0	0.0	0.0	0.0
modern	0.0	0.0	0.0	1.0	0.0	0.0	0.0	0.0	0.0	0.0
regression	0.0	0.5	0.0	0.25	0.25	0.0	0.0	0.0	0.0	0.0
analyze	0.0	0.0	0.0	1.0	0.0	0.0	0.0	0.0	0.0	0.0
curves	0.5	0.0	0.0	0.5	0.0	0.0	0.0	0.0	0.0	0.0
improve	0.25	0.5	0.0	0.25	0.0	0.0	0.0	0.0	0.0	0.0
safeguarding	0.0	0.0	0.0	0.0	0.0	1.0	0.0	0.0	0.0	0.0
form	0.5	0.0	0.0	0.0	0.0	0.5	0.0	0.0	0.0	0.0
errors	0.16666666666666666	0.3333333333333333	0.16666666666666666	0.16666666666666666	0.0	0.16666666666666666	0.0	0.0	0.0	0.0
noise	0.0	0.0	0.3333333333333333	0.0	0.0	0.6666666666666666	0.0	0.0	0.0	0.0
trigger	0.0	0.5	0.5	0.0	0.0	0.0	0.0	0.0	0.0	0.0
tabular	0.0	1.0	0.0	0.0	0.0	0.0	0.0	0.0	0.0	0.0
calving	0.0	1.0	0.0	0.0	0.0	0.0	0.0	0.0	0.0	0.0
catastrophe	0.0	0.0	0.0	1.0	0.0	0.0	0.0	0.0	0.0	0.0
polypyrrolecoated	0.0	0.0	0.0	1.0	0.0	0.0	0.0	0.0	0.0	0.0
anthracene	0.0	0.0	0.0	1.0	0.0	0.0	0.0	0.0	0.0	0.0
microparticles	0.0	0.0	0.0	1.0	0.0	0.0	0.0	0.0	0.0	0.0
useful	0.0	0.0	0.0	1.0	0.0	0.0	0.0	0.0	0.0	0.0
mimic	0.0	0.0	0.0	1.0	0.0	0.0	0.0	0.0	0.0	0.0
hydrocarbon	0.5	0.0	0.0	0.5	0.0	0.0	0.0	0.0	0.0	0.0
nonneutralized	0.0	0.0	1.0	0.0	0.0	0.0	0.0	0.0	0.0	0.0
cgm	1.0	0.0	0.0	0.0	0.0	0.0	0.0	0.0	0.0	0.0
inflows	1.0	0.0	0.0	0.0	0.0	0.0	0.0	0.0	0.0	0.0
caomgoalsubsubosubsubsiosubsub	0.0	0.0	0.0	0.0	1.0	0.0	0.0	0.0	0.0	0.0
melts	0.0	0.0	0.0	0.0	1.0	0.0	0.0	0.0	0.0	0.0
doped	0.0	0.0	0.0	0.0	1.0	0.0	0.0	0.0	0.0	0.0
feoisubxsubinio	0.0	0.0	0.0	0.0	1.0	0.0	0.0	0.0	0.0	0.0
landatmosphere	0.0	1.0	0.0	0.0	0.0	0.0	0.0	0.0	0.0	0.0
containment	0.0	0.0	0.0	0.0	0.0	1.0	0.0	0.0	0.0	0.0
fuel	0.0	0.2	0.0	0.2	0.0	0.4	0.0	0.0	0.2	0.0
element	0.0	0.0	0.0	0.25	0.0	0.5	0.0	0.25	0.0	0.0
centrifugal	0.0	0.0	0.0	0.0	0.0	1.0	0.0	0.0	0.0	0.0
nuclear	0.6666666666666666	0.0	0.0	0.0	0.0	0.3333333333333333	0.0	0.0	0.0	0.0
reynoldsnumberdependence	0.0	0.0	0.0	0.0	0.0	0.0	0.0	0.0	1.0	0.0
length	0.0	0.0	0.0	0.0	0.0	0.0	0.0	0.0	1.0	0.0
governing	0.0	0.0	0.0	0.0	0.0	0.0	0.0	0.0	1.0	0.0
turbulentflow	0.0	0.0	0.0	0.0	0.0	0.0	0.0	0.0	1.0	0.0
separation	0.3333333333333333	0.0	0.0	0.0	0.0	0.0	0.0	0.0	0.6666666666666666	0.0
wallmodeled	0.0	0.0	0.0	0.0	0.0	0.0	0.0	0.0	1.0	0.0
eddy	0.0	0.3333333333333333	0.0	0.0	0.0	0.0	0.0	0.0	0.6666666666666666	0.0
circumpolar	0.0	1.0	0.0	0.0	0.0	0.0	0.0	0.0	0.0	0.0
overturning	0.0	1.0	0.0	0.0	0.0	0.0	0.0	0.0	0.0	0.0
observables	0.5	0.5	0.0	0.0	0.0	0.0	0.0	0.0	0.0	0.0
learningenhanced	0.0	0.0	0.0	0.0	0.0	0.0	0.0	0.0	1.0	0.0
aircraft	0.0	0.2857142857142857	0.0	0.0	0.0	0.14285714285714285	0.0	0.0	0.5714285714285714	0.0
scheduling	0.0	0.0	0.0	0.0	0.0	0.0	0.0	0.0	1.0	0.0
analytical	0.0	0.0	0.5	0.0	0.0	0.5	0.0	0.0	0.0	0.0
relativity	1.0	0.0	0.0	0.0	0.0	0.0	0.0	0.0	0.0	0.0
waveforms	1.0	0.0	0.0	0.0	0.0	0.0	0.0	0.0	0.0	0.0
absorbing	0.6666666666666666	0.3333333333333333	0.0	0.0	0.0	0.0	0.0	0.0	0.0	0.0
stretchsteering	0.0	0.0	0.0	0.0	0.0	0.0	0.0	0.0	1.0	0.0
discontinuous	0.0	0.0	0.0	0.0	0.0	0.0	0.0	0.0	1.0	0.0
tape	0.0	0.0	0.0	0.0	0.0	0.0	0.0	0.0	1.0	0.0
placement	0.0	0.0	0.0	0.0	0.0	0.0	0.0	0.0	1.0	0.0
potassium	0.0	0.0	0.0	1.0	0.0	0.0	0.0	0.0	0.0	0.0
juvenile	0.0	0.0	0.0	1.0	0.0	0.0	0.0	0.0	0.0	0.0
continental	0.0	0.6666666666666666	0.0	0.3333333333333333	0.0	0.0	0.0	0.0	0.0	0.0
looking	1.0	0.0	0.0	0.0	0.0	0.0	0.0	0.0	0.0	0.0
axion	1.0	0.0	0.0	0.0	0.0	0.0	0.0	0.0	0.0	0.0
mirror	1.0	0.0	0.0	0.0	0.0	0.0	0.0	0.0	0.0	0.0
allsky	0.75	0.25	0.0	0.0	0.0	0.0	0.0	0.0	0.0	0.0
stimulated	0.5	0.0	0.0	0.5	0.0	0.0	0.0	0.0	0.0	0.0
thermospheric	0.0	0.0	1.0	0.0	0.0	0.0	0.0	0.0	0.0	0.0
circulation	0.0	0.5	0.16666666666666666	0.3333333333333333	0.0	0.0	0.0	0.0	0.0	0.0
elusive	0.0	0.0	0.0	1.0	0.0	0.0	0.0	0.0	0.0	0.0
nature	0.0	0.0	0.0	1.0	0.0	0.0	0.0	0.0	0.0	0.0
reducedorder	0.0	0.0	0.0	0.0	0.0	1.0	0.0	0.0	0.0	0.0
ensemble	0.0	0.42857142857142855	0.2857142857142857	0.0	0.0	0.2857142857142857	0.0	0.0	0.0	0.0
sindy	0.0	0.0	0.0	0.0	0.0	1.0	0.0	0.0	0.0	0.0
tundra	0.0	1.0	0.0	0.0	0.0	0.0	0.0	0.0	0.0	0.0
halves	0.0	1.0	0.0	0.0	0.0	0.0	0.0	0.0	0.0	0.0
growing	0.0	1.0	0.0	0.0	0.0	0.0	0.0	0.0	0.0	0.0
season	0.0	1.0	0.0	0.0	0.0	0.0	0.0	0.0	0.0	0.0
uptake	0.0	0.5	0.0	0.5	0.0	0.0	0.0	0.0	0.0	0.0
mixtures	0.0	0.0	0.0	0.5	0.0	0.5	0.0	0.0	0.0	0.0
relevance	0.0	0.0	0.0	0.5	0.0	0.0	0.0	0.5	0.0	0.0
desert	0.0	0.0	0.0	1.0	0.0	0.0	0.0	0.0	0.0	0.0
observability	0.0	0.0	0.5	0.5	0.0	0.0	0.0	0.0	0.0	0.0
atoms	0.0	0.0	0.3333333333333333	0.6666666666666666	0.0	0.0	0.0	0.0	0.0	0.0
magnetosphereatmosphere	0.0	0.0	0.0	1.0	0.0	0.0	0.0	0.0	0.0	0.0
callisto	0.0	0.0	0.0	1.0	0.0	0.0	0.0	0.0	0.0	0.0
plume	0.0	0.6	0.4	0.0	0.0	0.0	0.0	0.0	0.0	0.0
drosophila	0.0	0.0	0.0	0.0	0.0	0.0	0.0	1.0	0.0	0.0
parasitoids	0.0	0.0	0.0	0.0	0.0	0.0	0.0	1.0	0.0	0.0
go	0.0	0.0	0.0	0.0	0.0	0.0	0.0	1.0	0.0	0.0
asteroseismic	1.0	0.0	0.0	0.0	0.0	0.0	0.0	0.0	0.0	0.0
imprints	1.0	0.0	0.0	0.0	0.0	0.0	0.0	0.0	0.0	0.0
leaker	1.0	0.0	0.0	0.0	0.0	0.0	0.0	0.0	0.0	0.0
hduv	1.0	0.0	0.0	0.0	0.0	0.0	0.0	0.0	0.0	0.0
muse	1.0	0.0	0.0	0.0	0.0	0.0	0.0	0.0	0.0	0.0
laes	1.0	0.0	0.0	0.0	0.0	0.0	0.0	0.0	0.0	0.0
pul	1.0	0.0	0.0	0.0	0.0	0.0	0.0	0.0	0.0	0.0
nebular	1.0	0.0	0.0	0.0	0.0	0.0	0.0	0.0	0.0	0.0
violent	1.0	0.0	0.0	0.0	0.0	0.0	0.0	0.0	0.0	0.0
peculiar	1.0	0.0	0.0	0.0	0.0	0.0	0.0	0.0	0.0	0.0
forcings	0.0	1.0	0.0	0.0	0.0	0.0	0.0	0.0	0.0	0.0
historical	0.0	1.0	0.0	0.0	0.0	0.0	0.0	0.0	0.0	0.0
sealevel	0.0	1.0	0.0	0.0	0.0	0.0	0.0	0.0	0.0	0.0
indopacific	0.0	1.0	0.0	0.0	0.0	0.0	0.0	0.0	0.0	0.0
pool	0.0	1.0	0.0	0.0	0.0	0.0	0.0	0.0	0.0	0.0
region	0.13333333333333333	0.5333333333333333	0.13333333333333333	0.2	0.0	0.0	0.0	0.0	0.0	0.0
seeds	1.0	0.0	0.0	0.0	0.0	0.0	0.0	0.0	0.0	0.0
growth	0.25	0.0	0.25	0.25	0.25	0.0	0.0	0.0	0.0	0.0
pairing	1.0	0.0	0.0	0.0	0.0	0.0	0.0	0.0	0.0	0.0
protobulge	1.0	0.0	0.0	0.0	0.0	0.0	0.0	0.0	0.0	0.0
formaldehyde	0.0	1.0	0.0	0.0	0.0	0.0	0.0	0.0	0.0	0.0
hcho	0.0	1.0	0.0	0.0	0.0	0.0	0.0	0.0	0.0	0.0
difftunempc	0.0	0.0	0.0	0.0	0.0	0.0	0.0	0.0	1.0	0.0
closedloop	0.0	0.0	0.0	0.0	0.0	0.5	0.0	0.0	0.5	0.0
predictive	0.0	0.0	0.0	0.0	0.0	0.0	0.0	0.0	1.0	0.0
depends	0.5	0.25	0.0	0.25	0.0	0.0	0.0	0.0	0.0	0.0
qbo	0.0	0.5	0.5	0.0	0.0	0.0	0.0	0.0	0.0	0.0
byorp	0.0	0.0	0.0	1.0	0.0	0.0	0.0	0.0	0.0	0.0
dissipation	0.0	0.25	0.5	0.25	0.0	0.0	0.0	0.0	0.0	0.0
lessons	0.0	0.3333333333333333	0.3333333333333333	0.3333333333333333	0.0	0.0	0.0	0.0	0.0	0.0
recreates	0.0	0.0	0.0	1.0	0.0	0.0	0.0	0.0	0.0	0.0
transitional	0.0	0.0	0.0	1.0	0.0	0.0	0.0	0.0	0.0	0.0
forms	0.0	0.0	0.0	1.0	0.0	0.0	0.0	0.0	0.0	0.0
prebiotic	0.5	0.0	0.0	0.5	0.0	0.0	0.0	0.0	0.0	0.0
membrane	0.0	0.0	0.0	0.5	0.5	0.0	0.0	0.0	0.0	0.0
beyondcdm	1.0	0.0	0.0	0.0	0.0	0.0	0.0	0.0	0.0	0.0
supraglacial	0.0	1.0	0.0	0.0	0.0	0.0	0.0	0.0	0.0	0.0
photon	0.0	0.6666666666666666	0.0	0.0	0.0	0.3333333333333333	0.0	0.0	0.0	0.0
greenland	0.0	1.0	0.0	0.0	0.0	0.0	0.0	0.0	0.0	0.0
sheets	0.3333333333333333	0.3333333333333333	0.3333333333333333	0.0	0.0	0.0	0.0	0.0	0.0	0.0
controlling	0.0	0.0	1.0	0.0	0.0	0.0	0.0	0.0	0.0	0.0
nonstorm	0.0	0.0	1.0	0.0	0.0	0.0	0.0	0.0	0.0	0.0
displayinlinemmlmrowmmlmsubmmlmrowmmlmiemmlmimmlmrowmmlmrowmmlmigmmlmimmlmrowmmlmsubmmlmrowmmlmath	1.0	0.0	0.0	0.0	0.0	0.0	0.0	0.0	0.0	0.0
planck	1.0	0.0	0.0	0.0	0.0	0.0	0.0	0.0	0.0	0.0
displayinlinemmlmrowmmlmommlmommlmrowmmlmath	1.0	0.0	0.0	0.0	0.0	0.0	0.0	0.0	0.0	0.0
sdss	1.0	0.0	0.0	0.0	0.0	0.0	0.0	0.0	0.0	0.0
boss	1.0	0.0	0.0	0.0	0.0	0.0	0.0	0.0	0.0	0.0
advection	0.0	0.5	0.25	0.0	0.0	0.25	0.0	0.0	0.0	0.0
upperocean	0.0	1.0	0.0	0.0	0.0	0.0	0.0	0.0	0.0	0.0
forecast	0.3333333333333333	0.6666666666666666	0.0	0.0	0.0	0.0	0.0	0.0	0.0	0.0
wavelet	1.0	0.0	0.0	0.0	0.0	0.0	0.0	0.0	0.0	0.0
transform	0.5	0.5	0.0	0.0	0.0	0.0	0.0	0.0	0.0	0.0
lymanmmlmath	1.0	0.0	0.0	0.0	0.0	0.0	0.0	0.0	0.0	0.0
displayinlinemmlmimmlmimmlmath	1.0	0.0	0.0	0.0	0.0	0.0	0.0	0.0	0.0	0.0
zones	0.3333333333333333	0.3333333333333333	0.3333333333333333	0.0	0.0	0.0	0.0	0.0	0.0	0.0
linked	0.0	0.6	0.0	0.2	0.0	0.0	0.2	0.0	0.0	0.0
coseismic	0.0	1.0	0.0	0.0	0.0	0.0	0.0	0.0	0.0	0.0
postseismic	0.0	1.0	0.0	0.0	0.0	0.0	0.0	0.0	0.0	0.0
faulting	0.0	1.0	0.0	0.0	0.0	0.0	0.0	0.0	0.0	0.0
seismogeodetic	0.0	1.0	0.0	0.0	0.0	0.0	0.0	0.0	0.0	0.0
parkfield	0.0	1.0	0.0	0.0	0.0	0.0	0.0	0.0	0.0	0.0
earthquake	0.0	1.0	0.0	0.0	0.0	0.0	0.0	0.0	0.0	0.0
quaia	1.0	0.0	0.0	0.0	0.0	0.0	0.0	0.0	0.0	0.0
gaiaunwise	1.0	0.0	0.0	0.0	0.0	0.0	0.0	0.0	0.0	0.0
objective	0.0	1.0	0.0	0.0	0.0	0.0	0.0	0.0	0.0	0.0
pressure	0.0	0.3333333333333333	0.16666666666666666	0.0	0.0	0.0	0.16666666666666666	0.0	0.3333333333333333	0.0
highprecision	0.0	0.5	0.0	0.5	0.0	0.0	0.0	0.0	0.0	0.0
amplitude	0.0	0.0	1.0	0.0	0.0	0.0	0.0	0.0	0.0	0.0
encounters	0.0	0.0	0.6666666666666666	0.3333333333333333	0.0	0.0	0.0	0.0	0.0	0.0
physicochemicalsensing	0.0	0.0	0.0	0.0	0.0	0.0	0.0	1.0	0.0	0.0
electronic	0.0	0.0	0.0	0.0	0.0	0.0	0.0	1.0	0.0	0.0
impedance	0.0	0.0	0.0	0.0	0.0	1.0	0.0	0.0	0.0	0.0
vacuum	0.2	0.2	0.2	0.0	0.0	0.4	0.0	0.0	0.0	0.0
sustaining	0.0	0.5	0.0	0.5	0.0	0.0	0.0	0.0	0.0	0.0
silica	0.0	1.0	0.0	0.0	0.0	0.0	0.0	0.0	0.0	0.0
demise	0.0	0.5	0.5	0.0	0.0	0.0	0.0	0.0	0.0	0.0
diatom	0.0	1.0	0.0	0.0	0.0	0.0	0.0	0.0	0.0	0.0
spring	0.0	1.0	0.0	0.0	0.0	0.0	0.0	0.0	0.0	0.0
bloom	0.0	1.0	0.0	0.0	0.0	0.0	0.0	0.0	0.0	0.0
trait	0.0	1.0	0.0	0.0	0.0	0.0	0.0	0.0	0.0	0.0
slightly	0.0	1.0	0.0	0.0	0.0	0.0	0.0	0.0	0.0	0.0
npp	0.0	1.0	0.0	0.0	0.0	0.0	0.0	0.0	0.0	0.0
gpp	0.0	1.0	0.0	0.0	0.0	0.0	0.0	0.0	0.0	0.0
xmmnustar	1.0	0.0	0.0	0.0	0.0	0.0	0.0	0.0	0.0	0.0
distributionmodeling	1.0	0.0	0.0	0.0	0.0	0.0	0.0	0.0	0.0	0.0
fgl	1.0	0.0	0.0	0.0	0.0	0.0	0.0	0.0	0.0	0.0
two	0.21428571428571427	0.21428571428571427	0.35714285714285715	0.21428571428571427	0.0	0.0	0.0	0.0	0.0	0.0
distinct	0.5	0.0	0.0	0.5	0.0	0.0	0.0	0.0	0.0	0.0
comets	0.0	0.0	0.0	1.0	0.0	0.0	0.0	0.0	0.0	0.0
delineated	0.0	0.0	0.0	1.0	0.0	0.0	0.0	0.0	0.0	0.0
orbits	0.0	0.0	0.0	1.0	0.0	0.0	0.0	0.0	0.0	0.0
wavecoherent	0.0	1.0	0.0	0.0	0.0	0.0	0.0	0.0	0.0	0.0
strengthening	0.5	0.5	0.0	0.0	0.0	0.0	0.0	0.0	0.0	0.0
symmetry	1.0	0.0	0.0	0.0	0.0	0.0	0.0	0.0	0.0	0.0
shattering	1.0	0.0	0.0	0.0	0.0	0.0	0.0	0.0	0.0	0.0
realistic	1.0	0.0	0.0	0.0	0.0	0.0	0.0	0.0	0.0	0.0
chorus	0.0	0.0	1.0	0.0	0.0	0.0	0.0	0.0	0.0	0.0
overcomes	0.0	0.0	1.0	0.0	0.0	0.0	0.0	0.0	0.0	0.0
losses	0.0	0.0	0.6666666666666666	0.3333333333333333	0.0	0.0	0.0	0.0	0.0	0.0
daytoday	0.0	0.0	1.0	0.0	0.0	0.0	0.0	0.0	0.0	0.0
conjugate	0.0	0.0	1.0	0.0	0.0	0.0	0.0	0.0	0.0	0.0
statistical	0.125	0.0	0.75	0.125	0.0	0.0	0.0	0.0	0.0	0.0
validation	0.0	0.5	0.3333333333333333	0.0	0.0	0.16666666666666666	0.0	0.0	0.0	0.0
setscase	0.0	0.0	1.0	0.0	0.0	0.0	0.0	0.0	0.0	0.0
modular	0.0	0.0	0.0	0.0	0.0	0.0	0.0	0.5	0.5	0.0
incorporation	0.0	0.0	0.0	0.0	0.0	0.0	0.0	1.0	0.0	0.0
deformable	0.0	0.0	0.0	0.0	0.0	0.0	0.0	1.0	0.0	0.0
spine	0.0	0.0	0.0	0.0	0.0	0.0	0.0	1.0	0.0	0.0
neck	0.0	0.0	0.0	0.0	0.0	0.0	0.0	1.0	0.0	0.0
musculature	0.0	0.0	0.0	0.0	0.0	0.0	0.0	1.0	0.0	0.0
simplified	0.0	0.0	0.0	0.0	0.0	0.0	0.0	0.5	0.5	0.0
reassessing	0.0	0.0	0.0	1.0	0.0	0.0	0.0	0.0	0.0	0.0
exonfoldon	0.0	0.0	0.0	1.0	0.0	0.0	0.0	0.0	0.0	0.0
correspondence	0.0	0.0	0.0	1.0	0.0	0.0	0.0	0.0	0.0	0.0
frustration	0.0	0.0	0.0	1.0	0.0	0.0	0.0	0.0	0.0	0.0
nonkeplerian	1.0	0.0	0.0	0.0	0.0	0.0	0.0	0.0	0.0	0.0
detectable	0.5	0.5	0.0	0.0	0.0	0.0	0.0	0.0	0.0	0.0
several	1.0	0.0	0.0	0.0	0.0	0.0	0.0	0.0	0.0	0.0
tno	1.0	0.0	0.0	0.0	0.0	0.0	0.0	0.0	0.0	0.0
terramechanics	0.0	0.0	0.0	0.0	0.0	1.0	0.0	0.0	0.0	0.0
skid	0.0	0.0	0.0	0.0	0.0	1.0	0.0	0.0	0.0	0.0
wheelsoil	0.0	0.0	0.0	0.0	0.0	1.0	0.0	0.0	0.0	0.0
cyanogen	0.0	1.0	0.0	0.0	0.0	0.0	0.0	0.0	0.0	0.0
bromide	0.0	1.0	0.0	0.0	0.0	0.0	0.0	0.0	0.0	0.0
brcn	0.0	1.0	0.0	0.0	0.0	0.0	0.0	0.0	0.0	0.0
osubsub	0.0	0.75	0.0	0.25	0.0	0.0	0.0	0.0	0.0	0.0
accumulation	0.0	1.0	0.0	0.0	0.0	0.0	0.0	0.0	0.0	0.0
marshes	0.0	1.0	0.0	0.0	0.0	0.0	0.0	0.0	0.0	0.0
xshooting	1.0	0.0	0.0	0.0	0.0	0.0	0.0	0.0	0.0	0.0
ullyses	1.0	0.0	0.0	0.0	0.0	0.0	0.0	0.0	0.0	0.0
hiwind	0.0	0.0	1.0	0.0	0.0	0.0	0.0	0.0	0.0	0.0
balloon	0.0	0.0	1.0	0.0	0.0	0.0	0.0	0.0	0.0	0.0
antarctica	0.0	0.5	0.5	0.0	0.0	0.0	0.0	0.0	0.0	0.0
jang	0.0	0.0	1.0	0.0	0.0	0.0	0.0	0.0	0.0	0.0
bogo	0.0	0.0	1.0	0.0	0.0	0.0	0.0	0.0	0.0	0.0
fpi	0.0	0.0	1.0	0.0	0.0	0.0	0.0	0.0	0.0	0.0
spirals	0.0	0.0	1.0	0.0	0.0	0.0	0.0	0.0	0.0	0.0
radially	0.0	0.0	1.0	0.0	0.0	0.0	0.0	0.0	0.0	0.0
evolving	0.3333333333333333	0.3333333333333333	0.3333333333333333	0.0	0.0	0.0	0.0	0.0	0.0	0.0
dehydration	0.0	0.0	0.0	1.0	0.0	0.0	0.0	0.0	0.0	0.0
serpentines	0.0	0.0	0.0	1.0	0.0	0.0	0.0	0.0	0.0	0.0
extraction	0.0	0.5	0.0	0.5	0.0	0.0	0.0	0.0	0.0	0.0
subvolt	0.0	0.0	0.0	0.0	0.0	1.0	0.0	0.0	0.0	0.0
moscap	0.0	0.0	0.0	0.0	0.0	1.0	0.0	0.0	0.0	0.0
microring	0.0	0.0	0.0	0.0	0.0	1.0	0.0	0.0	0.0	0.0
modulator	0.0	0.0	0.0	0.0	0.0	1.0	0.0	0.0	0.0	0.0
highmobility	0.0	0.0	0.0	0.0	0.0	1.0	0.0	0.0	0.0	0.0
oxide	0.0	0.5	0.0	0.0	0.0	0.5	0.0	0.0	0.0	0.0
technology	0.0	1.0	0.0	0.0	0.0	0.0	0.0	0.0	0.0	0.0
nosubixisub	0.0	1.0	0.0	0.0	0.0	0.0	0.0	0.0	0.0	0.0
sinks	0.0	1.0	0.0	0.0	0.0	0.0	0.0	0.0	0.0	0.0
constrain	0.5	0.5	0.0	0.0	0.0	0.0	0.0	0.0	0.0	0.0
voc	0.0	1.0	0.0	0.0	0.0	0.0	0.0	0.0	0.0	0.0
reactivity	0.0	1.0	0.0	0.0	0.0	0.0	0.0	0.0	0.0	0.0
radical	0.0	1.0	0.0	0.0	0.0	0.0	0.0	0.0	0.0	0.0
seoul	0.0	1.0	0.0	0.0	0.0	0.0	0.0	0.0	0.0	0.0
metropolitan	0.0	1.0	0.0	0.0	0.0	0.0	0.0	0.0	0.0	0.0
area	0.0	0.8333333333333334	0.0	0.16666666666666666	0.0	0.0	0.0	0.0	0.0	0.0
brillouin	0.0	0.0	0.0	0.0	0.0	1.0	0.0	0.0	0.0	0.0
sphere	0.0	0.0	0.0	0.0	0.0	1.0	0.0	0.0	0.0	0.0
harmonics	0.0	0.0	0.0	0.5	0.0	0.5	0.0	0.0	0.0	0.0
muses	0.0	1.0	0.0	0.0	0.0	0.0	0.0	0.0	0.0	0.0
nhsubsub	0.0	1.0	0.0	0.0	0.0	0.0	0.0	0.0	0.0	0.0
airs	0.0	1.0	0.0	0.0	0.0	0.0	0.0	0.0	0.0	0.0
discoveraq	0.0	1.0	0.0	0.0	0.0	0.0	0.0	0.0	0.0	0.0
magic	0.0	1.0	0.0	0.0	0.0	0.0	0.0	0.0	0.0	0.0
valley	0.2	0.8	0.0	0.0	0.0	0.0	0.0	0.0	0.0	0.0
entanglement	0.0	0.0	1.0	0.0	0.0	0.0	0.0	0.0	0.0	0.0
beltrami	0.0	0.0	1.0	0.0	0.0	0.0	0.0	0.0	0.0	0.0
lightcurve	0.0	0.0	0.0	1.0	0.0	0.0	0.0	0.0	0.0	0.0
eruption	0.2	0.4	0.2	0.2	0.0	0.0	0.0	0.0	0.0	0.0
scorpii	0.0	0.0	0.0	1.0	0.0	0.0	0.0	0.0	0.0	0.0
structural	0.0	0.3333333333333333	0.0	0.3333333333333333	0.0	0.3333333333333333	0.0	0.0	0.0	0.0
simplex	0.0	0.0	0.0	0.0	0.0	0.0	0.0	0.0	1.0	0.0
verifiable	0.0	0.0	0.0	0.0	0.0	0.0	0.0	0.0	1.0	0.0
avoidance	0.0	0.0	0.0	0.0	0.0	0.0	0.0	0.0	1.0	0.0
amidst	0.0	0.0	0.0	0.0	0.0	0.0	0.0	0.0	1.0	0.0
obstacle	0.0	0.0	0.0	0.0	0.0	0.0	0.0	0.0	1.0	0.0
frb	1.0	0.0	0.0	0.0	0.0	0.0	0.0	0.0	0.0	0.0
microinstabilities	0.0	0.0	1.0	0.0	0.0	0.0	0.0	0.0	0.0	0.0
streamline	0.0	0.0	0.0	0.0	0.0	0.0	0.0	0.0	1.0	0.0
coordinate	0.0	0.3333333333333333	0.3333333333333333	0.0	0.0	0.0	0.0	0.0	0.3333333333333333	0.0
subject	0.0	0.0	0.0	0.0	0.0	0.0	0.0	0.0	1.0	0.0
gradients	0.0	0.0	0.0	0.0	0.0	0.3333333333333333	0.0	0.0	0.6666666666666666	0.0
curvature	0.0	0.0	0.3333333333333333	0.0	0.0	0.0	0.0	0.0	0.6666666666666666	0.0
windward	0.0	0.0	0.0	0.0	0.0	0.0	0.0	0.0	1.0	0.0
bump	0.5	0.0	0.0	0.0	0.0	0.0	0.0	0.0	0.5	0.0
serendipitous	1.0	0.0	0.0	0.0	0.0	0.0	0.0	0.0	0.0	0.0
month	1.0	0.0	0.0	0.0	0.0	0.0	0.0	0.0	0.0	0.0
highenergy	0.75	0.0	0.25	0.0	0.0	0.0	0.0	0.0	0.0	0.0
emitting	0.6666666666666666	0.0	0.0	0.3333333333333333	0.0	0.0	0.0	0.0	0.0	0.0
nucleus	0.6	0.0	0.0	0.4	0.0	0.0	0.0	0.0	0.0	0.0
population	0.25	0.25	0.0	0.375	0.0	0.125	0.0	0.0	0.0	0.0
messenger	0.0	0.0	0.0	1.0	0.0	0.0	0.0	0.0	0.0	0.0
true	0.0	0.0	0.0	0.5	0.0	0.5	0.0	0.0	0.0	0.0
anomaly	0.0	0.0	0.6	0.2	0.0	0.2	0.0	0.0	0.0	0.0
hydrology	0.0	0.75	0.0	0.25	0.0	0.0	0.0	0.0	0.0	0.0
heavily	0.0	1.0	0.0	0.0	0.0	0.0	0.0	0.0	0.0	0.0
urbanized	0.0	1.0	0.0	0.0	0.0	0.0	0.0	0.0	0.0	0.0
estuary	0.0	1.0	0.0	0.0	0.0	0.0	0.0	0.0	0.0	0.0
major	0.5	0.5	0.0	0.0	0.0	0.0	0.0	0.0	0.0	0.0
tributaries	0.0	1.0	0.0	0.0	0.0	0.0	0.0	0.0	0.0	0.0
erosion	0.0	0.0	0.0	0.0	0.0	1.0	0.0	0.0	0.0	0.0
benchmarking	0.0	0.0	0.5	0.0	0.0	0.5	0.0	0.0	0.0	0.0
genomic	0.0	0.0	0.0	1.0	0.0	0.0	0.0	0.0	0.0	0.0
induction	0.0	0.0	0.5	0.5	0.0	0.0	0.0	0.0	0.0	0.0
bacteriophage	0.0	0.0	0.0	1.0	0.0	0.0	0.0	0.0	0.0	0.0
sargassumbacteria	0.0	0.0	0.0	1.0	0.0	0.0	0.0	0.0	0.0	0.0
symbioses	0.0	0.0	0.0	1.0	0.0	0.0	0.0	0.0	0.0	0.0
iin	0.0	0.0	0.0	0.0	0.0	1.0	0.0	0.0	0.0	0.0
situi	0.0	0.0	0.0	0.0	0.0	1.0	0.0	0.0	0.0	0.0
thermally	0.0	0.0	0.0	0.0	0.0	1.0	0.0	0.0	0.0	0.0
activated	0.0	0.0	0.0	0.0	0.0	1.0	0.0	0.0	0.0	0.0
localized	0.0	0.0	0.25	0.0	0.0	0.5	0.0	0.0	0.25	0.0
leaching	0.0	0.0	0.0	0.0	0.0	1.0	0.0	0.0	0.0	0.0
lithiated	0.0	0.0	0.0	0.0	0.0	1.0	0.0	0.0	0.0	0.0
graphite	0.0	0.0	0.0	0.0	0.0	1.0	0.0	0.0	0.0	0.0
building	0.0	1.0	0.0	0.0	0.0	0.0	0.0	0.0	0.0	0.0
heights	0.0	1.0	0.0	0.0	0.0	0.0	0.0	0.0	0.0	0.0
studies	0.5	0.5	0.0	0.0	0.0	0.0	0.0	0.0	0.0	0.0
utglobus	0.0	1.0	0.0	0.0	0.0	0.0	0.0	0.0	0.0	0.0
city	0.0	1.0	0.0	0.0	0.0	0.0	0.0	0.0	0.0	0.0
street	0.0	1.0	0.0	0.0	0.0	0.0	0.0	0.0	0.0	0.0
kshell	1.0	0.0	0.0	0.0	0.0	0.0	0.0	0.0	0.0	0.0
lithiumlike	1.0	0.0	0.0	0.0	0.0	0.0	0.0	0.0	0.0	0.0
n	0.3333333333333333	0.3333333333333333	0.0	0.3333333333333333	0.0	0.0	0.0	0.0	0.0	0.0
said	0.0	0.0	1.0	0.0	0.0	0.0	0.0	0.0	0.0	0.0
keck	1.0	0.0	0.0	0.0	0.0	0.0	0.0	0.0	0.0	0.0
show	1.0	0.0	0.0	0.0	0.0	0.0	0.0	0.0	0.0	0.0
moablglb	1.0	0.0	0.0	0.0	0.0	0.0	0.0	0.0	0.0	0.0
superjupiter	1.0	0.0	0.0	0.0	0.0	0.0	0.0	0.0	0.0	0.0
hostless	1.0	0.0	0.0	0.0	0.0	0.0	0.0	0.0	0.0	0.0
singlecolumn	0.0	1.0	0.0	0.0	0.0	0.0	0.0	0.0	0.0	0.0
coldair	0.0	1.0	0.0	0.0	0.0	0.0	0.0	0.0	0.0	0.0
outbreak	0.0	1.0	0.0	0.0	0.0	0.0	0.0	0.0	0.0	0.0
activate	0.0	1.0	0.0	0.0	0.0	0.0	0.0	0.0	0.0	0.0
alive	1.0	0.0	0.0	0.0	0.0	0.0	0.0	0.0	0.0	0.0
but	1.0	0.0	0.0	0.0	0.0	0.0	0.0	0.0	0.0	0.0
barely	1.0	0.0	0.0	0.0	0.0	0.0	0.0	0.0	0.0	0.0
kicking	1.0	0.0	0.0	0.0	0.0	0.0	0.0	0.0	0.0	0.0
news	1.0	0.0	0.0	0.0	0.0	0.0	0.0	0.0	0.0	0.0
yr	1.0	0.0	0.0	0.0	0.0	0.0	0.0	0.0	0.0	0.0
eruptions	0.5	0.0	0.5	0.0	0.0	0.0	0.0	0.0	0.0	0.0
eroqpe	1.0	0.0	0.0	0.0	0.0	0.0	0.0	0.0	0.0	0.0
theoretical	0.0	0.25	0.25	0.25	0.0	0.25	0.0	0.0	0.0	0.0
ptychography	0.0	1.0	0.0	0.0	0.0	0.0	0.0	0.0	0.0	0.0
multidimensional	0.0	1.0	0.0	0.0	0.0	0.0	0.0	0.0	0.0	0.0
pulses	0.0	1.0	0.0	0.0	0.0	0.0	0.0	0.0	0.0	0.0
jwsttst	1.0	0.0	0.0	0.0	0.0	0.0	0.0	0.0	0.0	0.0
contrast	0.6666666666666666	0.0	0.0	0.0	0.0	0.3333333333333333	0.0	0.0	0.0	0.0
asymmetries	0.4	0.2	0.2	0.2	0.0	0.0	0.0	0.0	0.0	0.0
hints	1.0	0.0	0.0	0.0	0.0	0.0	0.0	0.0	0.0	0.0
pictoris	1.0	0.0	0.0	0.0	0.0	0.0	0.0	0.0	0.0	0.0
nircam	1.0	0.0	0.0	0.0	0.0	0.0	0.0	0.0	0.0	0.0
miri	1.0	0.0	0.0	0.0	0.0	0.0	0.0	0.0	0.0	0.0
themis	0.0	0.0	1.0	0.0	0.0	0.0	0.0	0.0	0.0	0.0
magnetosheathorigin	0.0	0.0	1.0	0.0	0.0	0.0	0.0	0.0	0.0	0.0
foreshock	0.0	0.0	1.0	0.0	0.0	0.0	0.0	0.0	0.0	0.0
hypoxic	0.0	0.0	0.0	0.0	1.0	0.0	0.0	0.0	0.0	0.0
slope	0.0	1.0	0.0	0.0	0.0	0.0	0.0	0.0	0.0	0.0
asterx	1.0	0.0	0.0	0.0	0.0	0.0	0.0	0.0	0.0	0.0
opensource	0.5	0.0	0.5	0.0	0.0	0.0	0.0	0.0	0.0	0.0
gpuaccelerated	1.0	0.0	0.0	0.0	0.0	0.0	0.0	0.0	0.0	0.0
grmhd	1.0	0.0	0.0	0.0	0.0	0.0	0.0	0.0	0.0	0.0
code	1.0	0.0	0.0	0.0	0.0	0.0	0.0	0.0	0.0	0.0
spacetimes	1.0	0.0	0.0	0.0	0.0	0.0	0.0	0.0	0.0	0.0
magnetocaloric	0.0	0.0	0.0	0.0	0.0	1.0	0.0	0.0	0.0	0.0
twodimensional	0.0	0.0	0.0	0.0	0.0	1.0	0.0	0.0	0.0	0.0
magnets	0.0	0.0	0.0	0.0	0.0	1.0	0.0	0.0	0.0	0.0
compound	0.0	1.0	0.0	0.0	0.0	0.0	0.0	0.0	0.0	0.0
reservoirs	0.0	1.0	0.0	0.0	0.0	0.0	0.0	0.0	0.0	0.0
modeled	0.0	0.75	0.0	0.0	0.25	0.0	0.0	0.0	0.0	0.0
astrometry	1.0	0.0	0.0	0.0	0.0	0.0	0.0	0.0	0.0	0.0
complete	1.0	0.0	0.0	0.0	0.0	0.0	0.0	0.0	0.0	0.0
nearby	1.0	0.0	0.0	0.0	0.0	0.0	0.0	0.0	0.0	0.0
lhs	0.5	0.0	0.0	0.0	0.0	0.5	0.0	0.0	0.0	0.0
attribution	0.0	1.0	0.0	0.0	0.0	0.0	0.0	0.0	0.0	0.0
pmsubsub	0.0	1.0	0.0	0.0	0.0	0.0	0.0	0.0	0.0	0.0
korean	0.0	1.0	0.0	0.0	0.0	0.0	0.0	0.0	0.0	0.0
national	0.0	1.0	0.0	0.0	0.0	0.0	0.0	0.0	0.0	0.0
extragalactic	1.0	0.0	0.0	0.0	0.0	0.0	0.0	0.0	0.0	0.0
feast	1.0	0.0	0.0	0.0	0.0	0.0	0.0	0.0	0.0	0.0
traced	1.0	0.0	0.0	0.0	0.0	0.0	0.0	0.0	0.0	0.0
fieldlevel	0.0	1.0	0.0	0.0	0.0	0.0	0.0	0.0	0.0	0.0
maize	0.0	1.0	0.0	0.0	0.0	0.0	0.0	0.0	0.0	0.0
smallholder	0.0	1.0	0.0	0.0	0.0	0.0	0.0	0.0	0.0	0.0
sentinel	0.0	1.0	0.0	0.0	0.0	0.0	0.0	0.0	0.0	0.0
doomed	1.0	0.0	0.0	0.0	0.0	0.0	0.0	0.0	0.0	0.0
ultrahot	1.0	0.0	0.0	0.0	0.0	0.0	0.0	0.0	0.0	0.0
energization	0.3333333333333333	0.0	0.6666666666666666	0.0	0.0	0.0	0.0	0.0	0.0	0.0
semirelativistic	1.0	0.0	0.0	0.0	0.0	0.0	0.0	0.0	0.0	0.0
stochasticity	0.0	1.0	0.0	0.0	0.0	0.0	0.0	0.0	0.0	0.0
nonparametric	0.0	1.0	0.0	0.0	0.0	0.0	0.0	0.0	0.0	0.0
radiometric	0.0	1.0	0.0	0.0	0.0	0.0	0.0	0.0	0.0	0.0
helicopter	0.0	1.0	0.0	0.0	0.0	0.0	0.0	0.0	0.0	0.0
uavbased	0.0	1.0	0.0	0.0	0.0	0.0	0.0	0.0	0.0	0.0
wetland	0.0	0.5	0.0	0.5	0.0	0.0	0.0	0.0	0.0	0.0
random	0.0	0.3333333333333333	0.0	0.0	0.0	0.3333333333333333	0.3333333333333333	0.0	0.0	0.0
phangsmeerkat	1.0	0.0	0.0	0.0	0.0	0.0	0.0	0.0	0.0	0.0
mhongoose	1.0	0.0	0.0	0.0	0.0	0.0	0.0	0.0	0.0	0.0
hi	1.0	0.0	0.0	0.0	0.0	0.0	0.0	0.0	0.0	0.0
rmol	1.0	0.0	0.0	0.0	0.0	0.0	0.0	0.0	0.0	0.0
collisional	0.5	0.0	0.5	0.0	0.0	0.0	0.0	0.0	0.0	0.0
shaping	0.5	0.5	0.0	0.0	0.0	0.0	0.0	0.0	0.0	0.0
qcd	1.0	0.0	0.0	0.0	0.0	0.0	0.0	0.0	0.0	0.0
latticebased	1.0	0.0	0.0	0.0	0.0	0.0	0.0	0.0	0.0	0.0
displayinlinemmlmrowmmlmsupmmlmrowmmlmitmmlmimmlmrowmmlmrowmmlmommlmommlmrowmmlmsupmmlmrowmmlmath	1.0	0.0	0.0	0.0	0.0	0.0	0.0	0.0	0.0	0.0
expansion	0.5	0.5	0.0	0.0	0.0	0.0	0.0	0.0	0.0	0.0
buffered	0.0	0.0	0.0	1.0	0.0	0.0	0.0	0.0	0.0	0.0
nonsparseness	0.0	0.0	0.0	1.0	0.0	0.0	0.0	0.0	0.0	0.0
super	0.0	0.0	1.0	0.0	0.0	0.0	0.0	0.0	0.0	0.0
gitmsami	0.0	0.0	1.0	0.0	0.0	0.0	0.0	0.0	0.0	0.0
multirobot	0.0	0.0	0.0	0.0	0.0	0.0	0.0	0.0	1.0	0.0
cluttered	0.0	0.0	0.0	0.0	0.0	0.0	0.0	0.0	1.0	0.0
frictional	0.0	0.0	0.0	1.0	0.0	0.0	0.0	0.0	0.0	0.0
exact	1.0	0.0	0.0	0.0	0.0	0.0	0.0	0.0	0.0	0.0
treatment	1.0	0.0	0.0	0.0	0.0	0.0	0.0	0.0	0.0	0.0
matterbaryon	1.0	0.0	0.0	0.0	0.0	0.0	0.0	0.0	0.0	0.0
linearcosmology	1.0	0.0	0.0	0.0	0.0	0.0	0.0	0.0	0.0	0.0
subglacial	0.0	0.0	0.0	1.0	0.0	0.0	0.0	0.0	0.0	0.0
dependency	0.0	0.0	1.0	0.0	0.0	0.0	0.0	0.0	0.0	0.0
enso	0.0	0.6666666666666666	0.3333333333333333	0.0	0.0	0.0	0.0	0.0	0.0	0.0
dw	0.0	0.0	1.0	0.0	0.0	0.0	0.0	0.0	0.0	0.0
mlt	0.0	0.0	1.0	0.0	0.0	0.0	0.0	0.0	0.0	0.0
omi	0.0	1.0	0.0	0.0	0.0	0.0	0.0	0.0	0.0	0.0
collection	0.0	1.0	0.0	0.0	0.0	0.0	0.0	0.0	0.0	0.0
lb	0.0	1.0	0.0	0.0	0.0	0.0	0.0	0.0	0.0	0.0
algorithm	0.0	0.8	0.0	0.0	0.2	0.0	0.0	0.0	0.0	0.0
cnnmodified	0.0	0.0	0.0	0.0	0.0	0.0	1.0	0.0	0.0	0.0
encoders	0.0	0.0	0.0	0.0	0.0	0.0	1.0	0.0	0.0	0.0
unet	0.0	0.5	0.0	0.0	0.0	0.0	0.5	0.0	0.0	0.0
segmentation	0.0	0.0	0.0	0.0	0.5	0.0	0.5	0.0	0.0	0.0
fluorescent	0.0	0.0	0.0	0.0	0.0	0.0	1.0	0.0	0.0	0.0
subscale	0.0	0.0	1.0	0.0	0.0	0.0	0.0	0.0	0.0	0.0
inside	0.6666666666666666	0.0	0.3333333333333333	0.0	0.0	0.0	0.0	0.0	0.0	0.0
sheet	0.0	0.42857142857142855	0.5714285714285714	0.0	0.0	0.0	0.0	0.0	0.0	0.0
rope	0.0	0.0	1.0	0.0	0.0	0.0	0.0	0.0	0.0	0.0
droplet	0.0	0.3333333333333333	0.0	0.0	0.0	0.6666666666666666	0.0	0.0	0.0	0.0
jump	0.0	0.5	0.0	0.0	0.0	0.5	0.0	0.0	0.0	0.0
call	0.0	1.0	0.0	0.0	0.0	0.0	0.0	0.0	0.0	0.0
consistency	0.0	1.0	0.0	0.0	0.0	0.0	0.0	0.0	0.0	0.0
poynting	0.0	0.0	1.0	0.0	0.0	0.0	0.0	0.0	0.0	0.0
ionosphere	0.0	0.0	0.6	0.4	0.0	0.0	0.0	0.0	0.0	0.0
dawnside	0.0	0.0	1.0	0.0	0.0	0.0	0.0	0.0	0.0	0.0
shutoff	1.0	0.0	0.0	0.0	0.0	0.0	0.0	0.0	0.0	0.0
atfyk	1.0	0.0	0.0	0.0	0.0	0.0	0.0	0.0	0.0	0.0
ephemeris	0.5	0.0	0.0	0.0	0.0	0.0	0.0	0.5	0.0	0.0
surviving	1.0	0.0	0.0	0.0	0.0	0.0	0.0	0.0	0.0	0.0
repeating	1.0	0.0	0.0	0.0	0.0	0.0	0.0	0.0	0.0	0.0
partial	0.5	0.0	0.0	0.0	0.0	0.0	0.0	0.0	0.5	0.0
paradigm	1.0	0.0	0.0	0.0	0.0	0.0	0.0	0.0	0.0	0.0
prevalence	0.0	0.0	1.0	0.0	0.0	0.0	0.0	0.0	0.0	0.0
lightninggenerated	0.0	0.0	1.0	0.0	0.0	0.0	0.0	0.0	0.0	0.0
whistlers	0.0	0.0	1.0	0.0	0.0	0.0	0.0	0.0	0.0	0.0
allen	0.0	0.0	1.0	0.0	0.0	0.0	0.0	0.0	0.0	0.0
probes	0.0	0.0	1.0	0.0	0.0	0.0	0.0	0.0	0.0	0.0
efw	0.0	0.0	1.0	0.0	0.0	0.0	0.0	0.0	0.0	0.0
fates	0.0	1.0	0.0	0.0	0.0	0.0	0.0	0.0	0.0	0.0
terrigenous	0.0	1.0	0.0	0.0	0.0	0.0	0.0	0.0	0.0	0.0
maine	0.0	1.0	0.0	0.0	0.0	0.0	0.0	0.0	0.0	0.0
discrepancies	0.0	0.0	1.0	0.0	0.0	0.0	0.0	0.0	0.0	0.0
simultaneous	0.3333333333333333	0.0	0.3333333333333333	0.3333333333333333	0.0	0.0	0.0	0.0	0.0	0.0
november	0.0	0.0	1.0	0.0	0.0	0.0	0.0	0.0	0.0	0.0
mitgcmbased	0.0	1.0	0.0	0.0	0.0	0.0	0.0	0.0	0.0	0.0
reanalyses	0.0	1.0	0.0	0.0	0.0	0.0	0.0	0.0	0.0	0.0
inclusion	0.0	0.0	1.0	0.0	0.0	0.0	0.0	0.0	0.0	0.0
eyewall	0.0	1.0	0.0	0.0	0.0	0.0	0.0	0.0	0.0	0.0
replacement	0.0	1.0	0.0	0.0	0.0	0.0	0.0	0.0	0.0	0.0
cycles	0.0	0.5	0.5	0.0	0.0	0.0	0.0	0.0	0.0	0.0
hurricane	0.0	1.0	0.0	0.0	0.0	0.0	0.0	0.0	0.0	0.0
ivan	0.0	1.0	0.0	0.0	0.0	0.0	0.0	0.0	0.0	0.0
learned	0.0	0.0	0.0	0.0	0.0	0.5	0.0	0.0	0.5	0.0
passive	0.0	0.0	0.0	0.0	0.25	0.75	0.0	0.0	0.0	0.0
scalar	0.0	0.0	0.0	0.0	0.0	1.0	0.0	0.0	0.0	0.0
accelerate	0.0	0.0	0.0	0.0	0.0	1.0	0.0	0.0	0.0	0.0
geosfp	0.0	0.0	0.0	0.0	0.0	1.0	0.0	0.0	0.0	0.0
pumping	0.0	0.3333333333333333	0.3333333333333333	0.0	0.0	0.0	0.3333333333333333	0.0	0.0	0.0
geographical	0.0	0.5	0.5	0.0	0.0	0.0	0.0	0.0	0.0	0.0
mesosphere	0.0	0.0	0.6666666666666666	0.3333333333333333	0.0	0.0	0.0	0.0	0.0	0.0
nightglow	0.0	0.0	1.0	0.0	0.0	0.0	0.0	0.0	0.0	0.0
topographydriven	0.0	1.0	0.0	0.0	0.0	0.0	0.0	0.0	0.0	0.0
redistribution	0.0	1.0	0.0	0.0	0.0	0.0	0.0	0.0	0.0	0.0
terrestrial	0.0	0.625	0.0	0.375	0.0	0.0	0.0	0.0	0.0	0.0
heatrelated	0.0	1.0	0.0	0.0	0.0	0.0	0.0	0.0	0.0	0.0
way	1.0	0.0	0.0	0.0	0.0	0.0	0.0	0.0	0.0	0.0
generalization	0.0	0.0	0.0	0.0	0.0	0.0	0.0	0.0	1.0	0.0
tradeoffs	0.0	0.5	0.0	0.0	0.0	0.0	0.0	0.0	0.5	0.0
discretetime	0.0	0.0	0.0	0.0	0.0	0.0	0.0	0.0	1.0	0.0
sickness	0.0	0.0	0.0	0.0	0.0	1.0	0.0	0.0	0.0	0.0
nudge	0.0	1.0	0.0	0.0	0.0	0.0	0.0	0.0	0.0	0.0
conservation	0.25	0.5	0.25	0.0	0.0	0.0	0.0	0.0	0.0	0.0
constraint	0.5	0.5	0.0	0.0	0.0	0.0	0.0	0.0	0.0	0.0
speciesweighted	0.0	1.0	0.0	0.0	0.0	0.0	0.0	0.0	0.0	0.0
ethical	0.0	0.0	0.0	0.0	0.0	0.0	1.0	0.0	0.0	0.0
considerations	0.0	0.0	0.0	0.0	0.0	0.0	1.0	0.0	0.0	0.0
age	0.5	0.0	0.0	0.0	0.0	0.0	0.5	0.0	0.0	0.0
nongovernmental	0.0	0.0	0.0	0.0	0.0	0.0	1.0	0.0	0.0	0.0
tale	1.0	0.0	0.0	0.0	0.0	0.0	0.0	0.0	0.0	0.0
peas	1.0	0.0	0.0	0.0	0.0	0.0	0.0	0.0	0.0	0.0
pod	1.0	0.0	0.0	0.0	0.0	0.0	0.0	0.0	0.0	0.0
xmmdr	1.0	0.0	0.0	0.0	0.0	0.0	0.0	0.0	0.0	0.0
known	1.0	0.0	0.0	0.0	0.0	0.0	0.0	0.0	0.0	0.0
classifications	0.5	0.0	0.0	0.5	0.0	0.0	0.0	0.0	0.0	0.0
distilling	0.0	1.0	0.0	0.0	0.0	0.0	0.0	0.0	0.0	0.0
greenhouse	0.0	0.5	0.0	0.5	0.0	0.0	0.0	0.0	0.0	0.0
gases	0.0	1.0	0.0	0.0	0.0	0.0	0.0	0.0	0.0	0.0
lowfrequency	0.3333333333333333	0.16666666666666666	0.5	0.0	0.0	0.0	0.0	0.0	0.0	0.0
past	0.5	0.5	0.0	0.0	0.0	0.0	0.0	0.0	0.0	0.0
century	0.0	1.0	0.0	0.0	0.0	0.0	0.0	0.0	0.0	0.0
transiting	1.0	0.0	0.0	0.0	0.0	0.0	0.0	0.0	0.0	0.0
subgiant	1.0	0.0	0.0	0.0	0.0	0.0	0.0	0.0	0.0	0.0
fate	0.0	0.0	0.0	1.0	0.0	0.0	0.0	0.0	0.0	0.0
organics	0.0	0.0	0.0	1.0	0.0	0.0	0.0	0.0	0.0	0.0
titans	0.0	0.0	0.0	1.0	0.0	0.0	0.0	0.0	0.0	0.0
universe	1.0	0.0	0.0	0.0	0.0	0.0	0.0	0.0	0.0	0.0
poles	0.0	0.0	0.0	1.0	0.0	0.0	0.0	0.0	0.0	0.0
backtracing	0.0	0.0	0.0	1.0	0.0	0.0	0.0	0.0	0.0	0.0
titan	0.0	0.0	0.0	1.0	0.0	0.0	0.0	0.0	0.0	0.0
strategizing	0.0	1.0	0.0	0.0	0.0	0.0	0.0	0.0	0.0	0.0
nontrivial	1.0	0.0	0.0	0.0	0.0	0.0	0.0	0.0	0.0	0.0
sound	1.0	0.0	0.0	0.0	0.0	0.0	0.0	0.0	0.0	0.0
agree	1.0	0.0	0.0	0.0	0.0	0.0	0.0	0.0	0.0	0.0
waspa	1.0	0.0	0.0	0.0	0.0	0.0	0.0	0.0	0.0	0.0
preimpact	0.0	0.0	0.0	1.0	0.0	0.0	0.0	0.0	0.0	0.0
retaining	0.0	1.0	0.0	0.0	0.0	0.0	0.0	0.0	0.0	0.0
shortterm	0.0	0.6666666666666666	0.3333333333333333	0.0	0.0	0.0	0.0	0.0	0.0	0.0
reduces	0.0	1.0	0.0	0.0	0.0	0.0	0.0	0.0	0.0	0.0
overriding	0.0	1.0	0.0	0.0	0.0	0.0	0.0	0.0	0.0	0.0
pulsardriven	1.0	0.0	0.0	0.0	0.0	0.0	0.0	0.0	0.0	0.0
crab	1.0	0.0	0.0	0.0	0.0	0.0	0.0	0.0	0.0	0.0
remnant	1.0	0.0	0.0	0.0	0.0	0.0	0.0	0.0	0.0	0.0
o	0.0	0.0	1.0	0.0	0.0	0.0	0.0	0.0	0.0	0.0
mathrmo	0.0	0.0	1.0	0.0	0.0	0.0	0.0	0.0	0.0	0.0
eccentricity	1.0	0.0	0.0	0.0	0.0	0.0	0.0	0.0	0.0	0.0
inclination	0.5	0.0	0.0	0.5	0.0	0.0	0.0	0.0	0.0	0.0
cavities	1.0	0.0	0.0	0.0	0.0	0.0	0.0	0.0	0.0	0.0
bursty	0.0	0.0	1.0	0.0	0.0	0.0	0.0	0.0	0.0	0.0
particleincell	0.25	0.0	0.75	0.0	0.0	0.0	0.0	0.0	0.0	0.0
magnetosonic	0.0	0.0	0.6666666666666666	0.3333333333333333	0.0	0.0	0.0	0.0	0.0	0.0
elementary	0.0	0.0	1.0	0.0	0.0	0.0	0.0	0.0	0.0	0.0
risingtone	0.0	0.0	1.0	0.0	0.0	0.0	0.0	0.0	0.0	0.0
computationally	1.0	0.0	0.0	0.0	0.0	0.0	0.0	0.0	0.0	0.0
pipeline	0.5	0.5	0.0	0.0	0.0	0.0	0.0	0.0	0.0	0.0
enceladus	0.0	0.0	0.0	1.0	0.0	0.0	0.0	0.0	0.0	0.0
strikeslip	0.0	0.0	0.0	1.0	0.0	0.0	0.0	0.0	0.0	0.0
tiger	0.0	0.0	0.0	1.0	0.0	0.0	0.0	0.0	0.0	0.0
stripes	0.0	0.0	0.0	1.0	0.0	0.0	0.0	0.0	0.0	0.0
analyzing	0.0	0.6666666666666666	0.3333333333333333	0.0	0.0	0.0	0.0	0.0	0.0	0.0
goesr	0.0	1.0	0.0	0.0	0.0	0.0	0.0	0.0	0.0	0.0
abi	0.0	1.0	0.0	0.0	0.0	0.0	0.0	0.0	0.0	0.0
brdfadjusted	0.0	1.0	0.0	0.0	0.0	0.0	0.0	0.0	0.0	0.0
evi	0.0	1.0	0.0	0.0	0.0	0.0	0.0	0.0	0.0	0.0
conus	0.0	1.0	0.0	0.0	0.0	0.0	0.0	0.0	0.0	0.0
microct	0.0	0.0	0.0	0.0	0.0	1.0	0.0	0.0	0.0	0.0
effective	0.25	0.0	0.5	0.0	0.0	0.25	0.0	0.0	0.0	0.0
fibrous	0.0	0.0	0.0	0.0	0.0	1.0	0.0	0.0	0.0	0.0
materials	0.0	0.0	0.0	0.14285714285714285	0.0	0.7142857142857143	0.0	0.0	0.14285714285714285	0.0
delineation	0.0	1.0	0.0	0.0	0.0	0.0	0.0	0.0	0.0	0.0
endorheic	0.0	1.0	0.0	0.0	0.0	0.0	0.0	0.0	0.0	0.0
drainage	0.0	1.0	0.0	0.0	0.0	0.0	0.0	0.0	0.0	0.0
basins	0.0	1.0	0.0	0.0	0.0	0.0	0.0	0.0	0.0	0.0
meritplus	0.0	1.0	0.0	0.0	0.0	0.0	0.0	0.0	0.0	0.0
minute	0.0	1.0	0.0	0.0	0.0	0.0	0.0	0.0	0.0	0.0
upscaled	0.0	1.0	0.0	0.0	0.0	0.0	0.0	0.0	0.0	0.0
closein	1.0	0.0	0.0	0.0	0.0	0.0	0.0	0.0	0.0	0.0
uncommon	1.0	0.0	0.0	0.0	0.0	0.0	0.0	0.0	0.0	0.0
atype	1.0	0.0	0.0	0.0	0.0	0.0	0.0	0.0	0.0	0.0
sourcespecific	0.0	1.0	0.0	0.0	0.0	0.0	0.0	0.0	0.0	0.0
bias	0.0	1.0	0.0	0.0	0.0	0.0	0.0	0.0	0.0	0.0
cmaq	0.0	1.0	0.0	0.0	0.0	0.0	0.0	0.0	0.0	0.0
anisotropic	1.0	0.0	0.0	0.0	0.0	0.0	0.0	0.0	0.0	0.0
magnetar	1.0	0.0	0.0	0.0	0.0	0.0	0.0	0.0	0.0	0.0
engines	1.0	0.0	0.0	0.0	0.0	0.0	0.0	0.0	0.0	0.0
grbs	1.0	0.0	0.0	0.0	0.0	0.0	0.0	0.0	0.0	0.0
saga	1.0	0.0	0.0	0.0	0.0	0.0	0.0	0.0	0.0	0.0
waymass	1.0	0.0	0.0	0.0	0.0	0.0	0.0	0.0	0.0	0.0
universemachine	1.0	0.0	0.0	0.0	0.0	0.0	0.0	0.0	0.0	0.0
dissipative	0.75	0.0	0.0	0.25	0.0	0.0	0.0	0.0	0.0	0.0
nexttoleading	1.0	0.0	0.0	0.0	0.0	0.0	0.0	0.0	0.0	0.0
order	1.0	0.0	0.0	0.0	0.0	0.0	0.0	0.0	0.0	0.0
deformability	1.0	0.0	0.0	0.0	0.0	0.0	0.0	0.0	0.0	0.0
mediators	0.0	0.0	1.0	0.0	0.0	0.0	0.0	0.0	0.0	0.0
coherence	0.0	0.0	1.0	0.0	0.0	0.0	0.0	0.0	0.0	0.0
multispacecraft	0.0	0.0	1.0	0.0	0.0	0.0	0.0	0.0	0.0	0.0
approaches	0.0	0.0	1.0	0.0	0.0	0.0	0.0	0.0	0.0	0.0
radioprotective	0.0	0.0	0.0	0.0	0.0	0.0	0.0	1.0	0.0	0.0
antidiabetic	0.0	0.0	0.0	0.0	0.0	0.0	0.0	1.0	0.0	0.0
drug	0.0	0.5	0.0	0.0	0.0	0.0	0.0	0.5	0.0	0.0
metformin	0.0	0.0	0.0	0.0	0.0	0.0	0.0	1.0	0.0	0.0
bound	1.0	0.0	0.0	0.0	0.0	0.0	0.0	0.0	0.0	0.0
seismic	0.0	0.5	0.0	0.5	0.0	0.0	0.0	0.0	0.0	0.0
eros	0.0	0.0	0.0	1.0	0.0	0.0	0.0	0.0	0.0	0.0
putative	0.0	0.0	0.0	0.5	0.0	0.0	0.5	0.0	0.0	0.0
frailty	0.0	0.0	0.0	0.0	0.0	0.0	1.0	0.0	0.0	0.0
altered	0.0	0.0	0.0	0.0	0.3333333333333333	0.3333333333333333	0.3333333333333333	0.0	0.0	0.0
saturation	0.0	0.0	1.0	0.0	0.0	0.0	0.0	0.0	0.0	0.0
bell	0.0	0.0	1.0	0.0	0.0	0.0	0.0	0.0	0.0	0.0
godzilla	0.0	1.0	0.0	0.0	0.0	0.0	0.0	0.0	0.0	0.0
let	0.0	0.0	0.0	0.0	0.0	1.0	0.0	0.0	0.0	0.0
voltage	0.0	0.0	0.0	0.0	0.0	1.0	0.0	0.0	0.0	0.0
singleevent	0.0	0.0	0.0	0.3333333333333333	0.0	0.6666666666666666	0.0	0.0	0.0	0.0
burnout	0.0	0.0	0.0	0.0	0.0	1.0	0.0	0.0	0.0	0.0
leakage	0.0	0.0	0.0	0.0	0.0	0.5	0.0	0.0	0.5	0.0
highvoltage	0.0	0.0	0.0	0.0	0.0	1.0	0.0	0.0	0.0	0.0
sic	0.0	0.0	0.0	0.0	0.0	1.0	0.0	0.0	0.0	0.0
interpolation	0.0	0.0	0.0	1.0	0.0	0.0	0.0	0.0	0.0	0.0
influences	0.0	0.0	1.0	0.0	0.0	0.0	0.0	0.0	0.0	0.0
ulf	0.0	0.0	1.0	0.0	0.0	0.0	0.0	0.0	0.0	0.0
substorms	0.0	0.0	1.0	0.0	0.0	0.0	0.0	0.0	0.0	0.0
evmev	0.0	0.0	1.0	0.0	0.0	0.0	0.0	0.0	0.0	0.0
rbsp	0.0	0.0	1.0	0.0	0.0	0.0	0.0	0.0	0.0	0.0
armax	0.0	0.0	1.0	0.0	0.0	0.0	0.0	0.0	0.0	0.0
succession	0.0	1.0	0.0	0.0	0.0	0.0	0.0	0.0	0.0	0.0
sinking	0.0	1.0	0.0	0.0	0.0	0.0	0.0	0.0	0.0	0.0
manifested	0.0	1.0	0.0	0.0	0.0	0.0	0.0	0.0	0.0	0.0
fundamental	0.3333333333333333	0.0	0.3333333333333333	0.3333333333333333	0.0	0.0	0.0	0.0	0.0	0.0
symbiotic	0.5	0.0	0.0	0.5	0.0	0.0	0.0	0.0	0.0	0.0
rt	1.0	0.0	0.0	0.0	0.0	0.0	0.0	0.0	0.0	0.0
cru	1.0	0.0	0.0	0.0	0.0	0.0	0.0	0.0	0.0	0.0
principal	0.3333333333333333	0.3333333333333333	0.0	0.3333333333333333	0.0	0.0	0.0	0.0	0.0	0.0
component	0.5	0.0	0.25	0.25	0.0	0.0	0.0	0.0	0.0	0.0
sunflower	0.0	1.0	0.0	0.0	0.0	0.0	0.0	0.0	0.0	0.0
planted	0.0	1.0	0.0	0.0	0.0	0.0	0.0	0.0	0.0	0.0
ukraine	0.0	1.0	0.0	0.0	0.0	0.0	0.0	0.0	0.0	0.0
fullscale	0.0	1.0	0.0	0.0	0.0	0.0	0.0	0.0	0.0	0.0
russian	0.0	1.0	0.0	0.0	0.0	0.0	0.0	0.0	0.0	0.0
invasion	0.0	1.0	0.0	0.0	0.0	0.0	0.0	0.0	0.0	0.0
sar	0.0	1.0	0.0	0.0	0.0	0.0	0.0	0.0	0.0	0.0
stabilization	0.5	0.5	0.0	0.0	0.0	0.0	0.0	0.0	0.0	0.0
thawaffected	0.0	1.0	0.0	0.0	0.0	0.0	0.0	0.0	0.0	0.0
hemispheric	0.0	0.0	1.0	0.0	0.0	0.0	0.0	0.0	0.0	0.0
dmsp	0.0	0.0	1.0	0.0	0.0	0.0	0.0	0.0	0.0	0.0
csbrm	0.0	0.0	0.0	0.0	0.0	1.0	0.0	0.0	0.0	0.0
roadmap	0.0	0.5	0.0	0.0	0.0	0.5	0.0	0.0	0.0	0.0
belief	0.0	0.0	0.0	0.0	0.0	1.0	0.0	0.0	0.0	0.0
reachability	0.0	0.0	0.0	0.0	0.0	1.0	0.0	0.0	0.0	0.0
guarantees	0.0	0.0	0.0	0.0	0.0	1.0	0.0	0.0	0.0	0.0
multitagged	0.0	1.0	0.0	0.0	0.0	0.0	0.0	0.0	0.0	0.0
winter	0.0	1.0	0.0	0.0	0.0	0.0	0.0	0.0	0.0	0.0
tradewind	0.0	1.0	0.0	0.0	0.0	0.0	0.0	0.0	0.0	0.0
highvelocity	1.0	0.0	0.0	0.0	0.0	0.0	0.0	0.0	0.0	0.0
blueshifted	1.0	0.0	0.0	0.0	0.0	0.0	0.0	0.0	0.0	0.0
xxv	1.0	0.0	0.0	0.0	0.0	0.0	0.0	0.0	0.0	0.0
he	0.5	0.0	0.0	0.0	0.0	0.0	0.0	0.5	0.0	0.0
superflare	1.0	0.0	0.0	0.0	0.0	0.0	0.0	0.0	0.0	0.0
rs	1.0	0.0	0.0	0.0	0.0	0.0	0.0	0.0	0.0	0.0
canum	1.0	0.0	0.0	0.0	0.0	0.0	0.0	0.0	0.0	0.0
venaticorumtype	1.0	0.0	0.0	0.0	0.0	0.0	0.0	0.0	0.0	0.0
im	1.0	0.0	0.0	0.0	0.0	0.0	0.0	0.0	0.0	0.0
peg	1.0	0.0	0.0	0.0	0.0	0.0	0.0	0.0	0.0	0.0
pyx	1.0	0.0	0.0	0.0	0.0	0.0	0.0	0.0	0.0	0.0
quasiperpendicular	0.0	0.0	1.0	0.0	0.0	0.0	0.0	0.0	0.0	0.0
lowbeta	0.0	0.0	1.0	0.0	0.0	0.0	0.0	0.0	0.0	0.0
mipas	0.0	1.0	0.0	0.0	0.0	0.0	0.0	0.0	0.0	0.0
reconstruction	0.2	0.2	0.2	0.4	0.0	0.0	0.0	0.0	0.0	0.0
causes	0.0	1.0	0.0	0.0	0.0	0.0	0.0	0.0	0.0	0.0
since	0.5	0.5	0.0	0.0	0.0	0.0	0.0	0.0	0.0	0.0
thermophysical	0.0	0.0	0.0	0.5	0.0	0.5	0.0	0.0	0.0	0.0
sublimation	0.0	0.0	0.0	0.5	0.0	0.5	0.0	0.0	0.0	0.0
organized	0.0	1.0	0.0	0.0	0.0	0.0	0.0	0.0	0.0	0.0
mva	0.0	0.0	1.0	0.0	0.0	0.0	0.0	0.0	0.0	0.0
inaccuracy	0.0	0.0	1.0	0.0	0.0	0.0	0.0	0.0	0.0	0.0
recommended	0.0	0.0	1.0	0.0	0.0	0.0	0.0	0.0	0.0	0.0
singlespacecraft	0.0	0.0	1.0	0.0	0.0	0.0	0.0	0.0	0.0	0.0
ablator	0.0	0.0	0.0	0.0	0.0	1.0	0.0	0.0	0.0	0.0
pyrolysis	0.0	0.0	0.0	0.0	0.0	1.0	0.0	0.0	0.0	0.0
entry	0.0	0.0	0.5	0.0	0.0	0.5	0.0	0.0	0.0	0.0
classifying	1.0	0.0	0.0	0.0	0.0	0.0	0.0	0.0	0.0	0.0
unidentified	1.0	0.0	0.0	0.0	0.0	0.0	0.0	0.0	0.0	0.0
fgldr	1.0	0.0	0.0	0.0	0.0	0.0	0.0	0.0	0.0	0.0
teams	0.0	0.0	0.0	0.0	0.0	0.0	0.0	1.0	0.0	0.0
meetings	0.0	0.0	0.0	0.0	0.0	0.0	0.0	1.0	0.0	0.0
multiteam	0.0	0.0	0.0	0.0	0.0	0.0	0.0	1.0	0.0	0.0
meeting	0.0	0.0	0.0	0.0	0.0	0.0	0.0	1.0	0.0	0.0
facilitation	0.0	0.0	0.0	0.0	0.0	0.0	0.0	1.0	0.0	0.0
effectiveness	0.0	0.0	0.0	0.0	0.0	0.5	0.0	0.5	0.0	0.0
jades	1.0	0.0	0.0	0.0	0.0	0.0	0.0	0.0	0.0	0.0
island	0.0	1.0	0.0	0.0	0.0	0.0	0.0	0.0	0.0	0.0
risk	0.0	0.6	0.0	0.0	0.0	0.0	0.0	0.4	0.0	0.0
strongly	0.0	0.0	1.0	0.0	0.0	0.0	0.0	0.0	0.0	0.0
laboratory	0.0	0.0	0.25	0.75	0.0	0.0	0.0	0.0	0.0	0.0
definition	0.0	0.0	0.0	0.0	0.0	1.0	0.0	0.0	0.0	0.0
excavation	0.0	0.0	0.0	0.0	0.0	1.0	0.0	0.0	0.0	0.0
entropyconsistent	0.0	0.0	0.0	0.0	0.0	0.0	0.0	0.0	1.0	0.0
artificialdiffusivity	0.0	0.0	0.0	0.0	0.0	0.0	0.0	0.0	1.0	0.0
electrospray	0.0	0.0	0.0	0.0	0.0	0.5	0.0	0.5	0.0	0.0
echo	0.0	1.0	0.0	0.0	0.0	0.0	0.0	0.0	0.0	0.0
storms	0.0	1.0	0.0	0.0	0.0	0.0	0.0	0.0	0.0	0.0
organicrich	0.0	0.0	0.0	1.0	0.0	0.0	0.0	0.0	0.0	0.0
ceres	0.0	0.0	0.0	1.0	0.0	0.0	0.0	0.0	0.0	0.0
unsteady	0.0	0.0	0.0	0.0	0.0	0.0	0.0	0.0	1.0	0.0
aerodynamics	0.0	0.0	0.0	0.0	0.0	0.0	0.0	0.0	1.0	0.0
modelbased	0.0	0.0	0.0	0.0	0.0	0.0	0.0	0.0	1.0	0.0
fixedwing	0.0	0.0	0.0	0.0	0.0	0.0	0.0	0.0	1.0	0.0
piezoresistivity	0.0	0.0	0.0	0.0	0.0	1.0	0.0	0.0	0.0	0.0
si	0.0	0.0	0.0	0.3333333333333333	0.0	0.6666666666666666	0.0	0.0	0.0	0.0
principles	0.0	0.0	0.0	0.0	0.0	1.0	0.0	0.0	0.0	0.0
templates	1.0	0.0	0.0	0.0	0.0	0.0	0.0	0.0	0.0	0.0
targeting	1.0	0.0	0.0	0.0	0.0	0.0	0.0	0.0	0.0	0.0
magnified	1.0	0.0	0.0	0.0	0.0	0.0	0.0	0.0	0.0	0.0
panchromatic	1.0	0.0	0.0	0.0	0.0	0.0	0.0	0.0	0.0	0.0
nested	0.0	0.0	1.0	0.0	0.0	0.0	0.0	0.0	0.0	0.0
unprecedented	0.5	0.5	0.0	0.0	0.0	0.0	0.0	0.0	0.0	0.0
waterrich	0.0	1.0	0.0	0.0	0.0	0.0	0.0	0.0	0.0	0.0
hunga	0.0	1.0	0.0	0.0	0.0	0.0	0.0	0.0	0.0	0.0
tonga	0.0	1.0	0.0	0.0	0.0	0.0	0.0	0.0	0.0	0.0
smartphone	0.0	0.0	0.0	0.0	0.0	1.0	0.0	0.0	0.0	0.0
video	0.0	0.0	0.0	0.0	0.0	1.0	0.0	0.0	0.0	0.0
guidance	0.0	0.0	0.0	0.0	0.0	0.6666666666666666	0.0	0.0	0.3333333333333333	0.0
irlock	0.0	0.0	0.0	0.0	0.0	1.0	0.0	0.0	0.0	0.0
hardwareintheloop	0.0	0.0	0.0	0.0	0.0	1.0	0.0	0.0	0.0	0.0
emulation	0.5	0.0	0.0	0.0	0.0	0.5	0.0	0.0	0.0	0.0
diagnosis	0.0	0.0	0.0	0.0	0.0	0.0	0.0	0.0	1.0	0.0
eb	0.0	0.0	0.5	0.5	0.0	0.0	0.0	0.0	0.0	0.0
agn	1.0	0.0	0.0	0.0	0.0	0.0	0.0	0.0	0.0	0.0
hydrodynamical	1.0	0.0	0.0	0.0	0.0	0.0	0.0	0.0	0.0	0.0
group	0.6666666666666666	0.0	0.0	0.16666666666666666	0.0	0.0	0.0	0.16666666666666666	0.0	0.0
gold	0.0	0.0	1.0	0.0	0.0	0.0	0.0	0.0	0.0	0.0
geolocation	0.0	0.0	1.0	0.0	0.0	0.0	0.0	0.0	0.0	0.0
irregularities	0.0	0.0	1.0	0.0	0.0	0.0	0.0	0.0	0.0	0.0
back	0.0	0.0	1.0	0.0	0.0	0.0	0.0	0.0	0.0	0.0
highrate	0.0	0.0	1.0	0.0	0.0	0.0	0.0	0.0	0.0	0.0
formosacosmic	0.0	0.0	1.0	0.0	0.0	0.0	0.0	0.0	0.0	0.0
scintillation	0.0	0.0	1.0	0.0	0.0	0.0	0.0	0.0	0.0	0.0
lagoon	1.0	0.0	0.0	0.0	0.0	0.0	0.0	0.0	0.0	0.0
utilization	0.0	0.0	0.0	0.0	1.0	0.0	0.0	0.0	0.0	0.0
xgboost	0.0	0.0	0.0	0.0	1.0	0.0	0.0	0.0	0.0	0.0
dryout	0.0	0.0	0.0	0.0	1.0	0.0	0.0	0.0	0.0	0.0
incipience	0.0	0.0	0.0	0.0	1.0	0.0	0.0	0.0	0.0	0.0
minimicrochannels	0.0	0.0	0.0	0.0	1.0	0.0	0.0	0.0	0.0	0.0
breaking	0.0	1.0	0.0	0.0	0.0	0.0	0.0	0.0	0.0	0.0
diapycnal	0.0	1.0	0.0	0.0	0.0	0.0	0.0	0.0	0.0	0.0
diffusivity	0.0	0.5	0.0	0.5	0.0	0.0	0.0	0.0	0.0	0.0
waveturbulence	0.0	1.0	0.0	0.0	0.0	0.0	0.0	0.0	0.0	0.0
circular	0.0	0.0	0.0	0.0	0.0	0.6666666666666666	0.0	0.3333333333333333	0.0	0.0
restricted	0.0	0.0	0.0	0.0	0.0	0.5	0.0	0.5	0.0	0.0
primordial	1.0	0.0	0.0	0.0	0.0	0.0	0.0	0.0	0.0	0.0
pebbles	1.0	0.0	0.0	0.0	0.0	0.0	0.0	0.0	0.0	0.0
uu	0.0	0.0	0.0	1.0	0.0	0.0	0.0	0.0	0.0	0.0
aienhanced	0.0	0.0	0.0	1.0	0.0	0.0	0.0	0.0	0.0	0.0
periodicities	0.0	1.0	0.0	0.0	0.0	0.0	0.0	0.0	0.0	0.0
crossregional	0.0	1.0	0.0	0.0	0.0	0.0	0.0	0.0	0.0	0.0
hydroclimatic	0.0	1.0	0.0	0.0	0.0	0.0	0.0	0.0	0.0	0.0
causation	0.0	1.0	0.0	0.0	0.0	0.0	0.0	0.0	0.0	0.0
glacier	0.0	1.0	0.0	0.0	0.0	0.0	0.0	0.0	0.0	0.0
terminus	0.0	1.0	0.0	0.0	0.0	0.0	0.0	0.0	0.0	0.0
action	0.0	0.5	0.0	0.5	0.0	0.0	0.0	0.0	0.0	0.0
principle	0.0	1.0	0.0	0.0	0.0	0.0	0.0	0.0	0.0	0.0
balance	0.0	1.0	0.0	0.0	0.0	0.0	0.0	0.0	0.0	0.0
systematically	0.0	1.0	0.0	0.0	0.0	0.0	0.0	0.0	0.0	0.0
outflowing	0.0	0.0	1.0	0.0	0.0	0.0	0.0	0.0	0.0	0.0
hsupsup	0.0	0.0	1.0	0.0	0.0	0.0	0.0	0.0	0.0	0.0
lobe	0.0	0.0	1.0	0.0	0.0	0.0	0.0	0.0	0.0	0.0
timedependent	0.5	0.0	0.25	0.0	0.0	0.0	0.0	0.0	0.25	0.0
supsups	0.0	0.0	0.0	1.0	0.0	0.0	0.0	0.0	0.0	0.0
elemental	1.0	0.0	0.0	0.0	0.0	0.0	0.0	0.0	0.0	0.0
abundances	0.6666666666666666	0.16666666666666666	0.0	0.16666666666666666	0.0	0.0	0.0	0.0	0.0	0.0
diffuse	0.5	0.5	0.0	0.0	0.0	0.0	0.0	0.0	0.0	0.0
joint	1.0	0.0	0.0	0.0	0.0	0.0	0.0	0.0	0.0	0.0
farultraviolet	1.0	0.0	0.0	0.0	0.0	0.0	0.0	0.0	0.0	0.0
duststorm	0.0	0.0	0.0	1.0	0.0	0.0	0.0	0.0	0.0	0.0
forcing	0.0	0.8571428571428571	0.0	0.14285714285714285	0.0	0.0	0.0	0.0	0.0	0.0
rossby	0.5	0.0	0.0	0.5	0.0	0.0	0.0	0.0	0.0	0.0
episodic	0.0	0.0	1.0	0.0	0.0	0.0	0.0	0.0	0.0	0.0
postimpulsive	0.0	0.0	1.0	0.0	0.0	0.0	0.0	0.0	0.0	0.0
phases	0.0	0.0	1.0	0.0	0.0	0.0	0.0	0.0	0.0	0.0
magprime	0.0	0.0	1.0	0.0	0.0	0.0	0.0	0.0	0.0	0.0
library	0.0	0.0	1.0	0.0	0.0	0.0	0.0	0.0	0.0	0.0
interference	0.0	0.0	1.0	0.0	0.0	0.0	0.0	0.0	0.0	0.0
magnetometers	0.0	0.0	1.0	0.0	0.0	0.0	0.0	0.0	0.0	0.0
viscosity	0.0	0.0	0.5	0.0	0.5	0.0	0.0	0.0	0.0	0.0
reynolds	0.0	0.0	0.5	0.0	0.0	0.0	0.0	0.0	0.5	0.0
weakly	0.5	0.0	0.5	0.0	0.0	0.0	0.0	0.0	0.0	0.0
volcanic	0.0	0.4	0.0	0.6	0.0	0.0	0.0	0.0	0.0	0.0
sulfate	0.0	0.5	0.0	0.5	0.0	0.0	0.0	0.0	0.0	0.0
subcooled	0.0	0.0	0.0	0.0	0.0	1.0	0.0	0.0	0.0	0.0
transformers	0.0	1.0	0.0	0.0	0.0	0.0	0.0	0.0	0.0	0.0
luminous	1.0	0.0	0.0	0.0	0.0	0.0	0.0	0.0	0.0	0.0
firstlook	1.0	0.0	0.0	0.0	0.0	0.0	0.0	0.0	0.0	0.0
hst	1.0	0.0	0.0	0.0	0.0	0.0	0.0	0.0	0.0	0.0
raman	0.0	0.0	0.0	1.0	0.0	0.0	0.0	0.0	0.0	0.0
microspectroscopy	0.0	0.0	0.0	1.0	0.0	0.0	0.0	0.0	0.0	0.0
glocab	0.0	1.0	0.0	0.0	0.0	0.0	0.0	0.0	0.0	0.0
cropland	0.0	1.0	0.0	0.0	0.0	0.0	0.0	0.0	0.0	0.0
burned	0.0	1.0	0.0	0.0	0.0	0.0	0.0	0.0	0.0	0.0
mid	0.0	1.0	0.0	0.0	0.0	0.0	0.0	0.0	0.0	0.0
pathways	0.2	0.2	0.2	0.2	0.0	0.2	0.0	0.0	0.0	0.0
relevant	0.0	0.0	0.5	0.5	0.0	0.0	0.0	0.0	0.0	0.0
needs	0.0	0.0	1.0	0.0	0.0	0.0	0.0	0.0	0.0	0.0
multiprincipal	0.0	0.0	0.0	0.0	0.0	1.0	0.0	0.0	0.0	0.0
intermediate	0.0	1.0	0.0	0.0	0.0	0.0	0.0	0.0	0.0	0.0
doublecore	0.0	0.0	1.0	0.0	0.0	0.0	0.0	0.0	0.0	0.0
hr	1.0	0.0	0.0	0.0	0.0	0.0	0.0	0.0	0.0	0.0
periodic	0.3333333333333333	0.0	0.6666666666666666	0.0	0.0	0.0	0.0	0.0	0.0	0.0
methanewater	0.0	0.0	0.0	1.0	0.0	0.0	0.0	0.0	0.0	0.0
ices	0.0	0.0	0.0	1.0	0.0	0.0	0.0	0.0	0.0	0.0
staticaponics	0.0	0.0	0.0	0.0	0.0	0.0	0.0	1.0	0.0	0.0
delivery	0.0	0.0	0.0	0.5	0.0	0.0	0.0	0.5	0.0	0.0
nutrients	0.0	0.0	0.0	0.0	0.0	0.0	0.0	1.0	0.0	0.0
taskallocation	0.0	0.0	0.0	0.0	0.0	0.0	0.0	0.0	1.0	0.0
decisions	0.0	0.0	0.0	0.0	0.0	0.5	0.0	0.0	0.5	0.0
humanuas	0.0	0.0	0.0	0.0	0.0	0.0	0.0	0.0	1.0	0.0
trust	0.0	0.0	0.0	0.0	0.0	0.0	0.0	0.6666666666666666	0.3333333333333333	0.0
selfconfidence	0.0	0.0	0.0	0.0	0.0	0.0	0.0	0.0	1.0	0.0
multivariate	0.0	0.0	1.0	0.0	0.0	0.0	0.0	0.0	0.0	0.0
timeseries	0.25	0.5	0.25	0.0	0.0	0.0	0.0	0.0	0.0	0.0
classifiers	0.0	0.0	1.0	0.0	0.0	0.0	0.0	0.0	0.0	0.0
extending	1.0	0.0	0.0	0.0	0.0	0.0	0.0	0.0	0.0	0.0
physicsinformed	1.0	0.0	0.0	0.0	0.0	0.0	0.0	0.0	0.0	0.0
superresolution	1.0	0.0	0.0	0.0	0.0	0.0	0.0	0.0	0.0	0.0
rayleighbnard	1.0	0.0	0.0	0.0	0.0	0.0	0.0	0.0	0.0	0.0
ejecta	0.0	0.0	0.3333333333333333	0.6666666666666666	0.0	0.0	0.0	0.0	0.0	0.0
stereoa	0.0	0.0	1.0	0.0	0.0	0.0	0.0	0.0	0.0	0.0
reality	0.0	0.0	0.0	0.0	0.0	0.0	0.0	1.0	0.0	0.0
personalized	0.0	0.0	0.0	0.0	0.0	0.0	0.0	1.0	0.0	0.0
inoculation	0.0	0.0	0.0	0.0	0.0	0.0	0.0	1.0	0.0	0.0
intrusion	0.0	1.0	0.0	0.0	0.0	0.0	0.0	0.0	0.0	0.0
grounding	0.0	1.0	0.0	0.0	0.0	0.0	0.0	0.0	0.0	0.0
jakobshavn	0.0	1.0	0.0	0.0	0.0	0.0	0.0	0.0	0.0	0.0
isbr	0.0	1.0	0.0	0.0	0.0	0.0	0.0	0.0	0.0	0.0
interferometry	0.0	1.0	0.0	0.0	0.0	0.0	0.0	0.0	0.0	0.0
synchronizes	0.0	1.0	0.0	0.0	0.0	0.0	0.0	0.0	0.0	0.0
hivemind	0.0	0.0	0.0	0.0	0.0	1.0	0.0	0.0	0.0	0.0
gaseous	0.25	0.0	0.0	0.25	0.0	0.0	0.25	0.0	0.25	0.0
latetype	1.0	0.0	0.0	0.0	0.0	0.0	0.0	0.0	0.0	0.0
cosmosweb	1.0	0.0	0.0	0.0	0.0	0.0	0.0	0.0	0.0	0.0
indepth	1.0	0.0	0.0	0.0	0.0	0.0	0.0	0.0	0.0	0.0
einstein	1.0	0.0	0.0	0.0	0.0	0.0	0.0	0.0	0.0	0.0
ultracompact	1.0	0.0	0.0	0.0	0.0	0.0	0.0	0.0	0.0	0.0
rz	1.0	0.0	0.0	0.0	0.0	0.0	0.0	0.0	0.0	0.0
explored	1.0	0.0	0.0	0.0	0.0	0.0	0.0	0.0	0.0	0.0
triple	1.0	0.0	0.0	0.0	0.0	0.0	0.0	0.0	0.0	0.0
massradius	1.0	0.0	0.0	0.0	0.0	0.0	0.0	0.0	0.0	0.0
momentoffluid	0.0	0.0	0.0	0.0	0.0	1.0	0.0	0.0	0.0	0.0
multiorbiter	0.0	0.0	0.0	1.0	0.0	0.0	0.0	0.0	0.0	0.0
friction	0.0	0.0	0.0	1.0	0.0	0.0	0.0	0.0	0.0	0.0
subion	0.0	0.0	1.0	0.0	0.0	0.0	0.0	0.0	0.0	0.0
starburst	1.0	0.0	0.0	0.0	0.0	0.0	0.0	0.0	0.0	0.0
jwsts	1.0	0.0	0.0	0.0	0.0	0.0	0.0	0.0	0.0	0.0
galilean	0.0	0.0	0.0	1.0	0.0	0.0	0.0	0.0	0.0	0.0
acquisition	0.0	1.0	0.0	0.0	0.0	0.0	0.0	0.0	0.0	0.0
worldwide	0.0	1.0	0.0	0.0	0.0	0.0	0.0	0.0	0.0	0.0
bathymetric	0.0	1.0	0.0	0.0	0.0	0.0	0.0	0.0	0.0	0.0
coverage	0.0	1.0	0.0	0.0	0.0	0.0	0.0	0.0	0.0	0.0
sunlightdriven	0.0	0.0	0.0	1.0	0.0	0.0	0.0	0.0	0.0	0.0
mnaq	0.0	0.0	0.0	1.0	0.0	0.0	0.0	0.0	0.0	0.0
mn	0.0	0.0	0.0	1.0	0.0	0.0	0.0	0.0	0.0	0.0
hematite	0.0	0.0	0.0	1.0	0.0	0.0	0.0	0.0	0.0	0.0
semidiurnal	0.0	0.0	1.0	0.0	0.0	0.0	0.0	0.0	0.0	0.0
hemisphere	0.0	0.0	1.0	0.0	0.0	0.0	0.0	0.0	0.0	0.0
jovian	0.0	0.0	0.0	1.0	0.0	0.0	0.0	0.0	0.0	0.0
middle	0.0	0.0	0.0	1.0	0.0	0.0	0.0	0.0	0.0	0.0
posteinsteinian	1.0	0.0	0.0	0.0	0.0	0.0	0.0	0.0	0.0	0.0
theoryagnostic	1.0	0.0	0.0	0.0	0.0	0.0	0.0	0.0	0.0	0.0
beamdriven	0.0	0.0	1.0	0.0	0.0	0.0	0.0	0.0	0.0	0.0
seen	0.0	0.0	1.0	0.0	0.0	0.0	0.0	0.0	0.0	0.0
ribbeck	0.0	0.0	0.0	1.0	0.0	0.0	0.0	0.0	0.0	0.0
aubrite	0.0	0.0	0.0	1.0	0.0	0.0	0.0	0.0	0.0	0.0
earthimpacting	0.0	0.0	0.0	1.0	0.0	0.0	0.0	0.0	0.0	0.0
bx	0.0	0.0	0.0	1.0	0.0	0.0	0.0	0.0	0.0	0.0
parsecscale	1.0	0.0	0.0	0.0	0.0	0.0	0.0	0.0	0.0	0.0
neighborhood	1.0	0.0	0.0	0.0	0.0	0.0	0.0	0.0	0.0	0.0
masssize	1.0	0.0	0.0	0.0	0.0	0.0	0.0	0.0	0.0	0.0
mdwarf	1.0	0.0	0.0	0.0	0.0	0.0	0.0	0.0	0.0	0.0
radius	0.5	0.0	0.0	0.5	0.0	0.0	0.0	0.0	0.0	0.0
pressureregulated	1.0	0.0	0.0	0.0	0.0	0.0	0.0	0.0	0.0	0.0
feedbackmodulated	1.0	0.0	0.0	0.0	0.0	0.0	0.0	0.0	0.0	0.0
tigressncr	1.0	0.0	0.0	0.0	0.0	0.0	0.0	0.0	0.0	0.0
suite	0.3333333333333333	0.6666666666666666	0.0	0.0	0.0	0.0	0.0	0.0	0.0	0.0
circumbinary	0.3333333333333333	0.0	0.0	0.6666666666666666	0.0	0.0	0.0	0.0	0.0	0.0
ceers	1.0	0.0	0.0	0.0	0.0	0.0	0.0	0.0	0.0	0.0
pah	1.0	0.0	0.0	0.0	0.0	0.0	0.0	0.0	0.0	0.0
innate	0.0	0.0	0.0	0.0	1.0	0.0	0.0	0.0	0.0	0.0
immunity	0.0	0.0	0.0	0.0	1.0	0.0	0.0	0.0	0.0	0.0
beneficial	0.0	0.0	0.0	0.0	1.0	0.0	0.0	0.0	0.0	0.0
animalmicrobe	0.0	0.0	0.0	0.0	1.0	0.0	0.0	0.0	0.0	0.0
symbiosis	0.0	0.0	0.0	0.0	1.0	0.0	0.0	0.0	0.0	0.0
monthly	0.0	1.0	0.0	0.0	0.0	0.0	0.0	0.0	0.0	0.0
ltt	1.0	0.0	0.0	0.0	0.0	0.0	0.0	0.0	0.0	0.0
gj	1.0	0.0	0.0	0.0	0.0	0.0	0.0	0.0	0.0	0.0
reveal	0.5	0.0	0.0	0.5	0.0	0.0	0.0	0.0	0.0	0.0
lro	0.0	0.0	0.0	1.0	0.0	0.0	0.0	0.0	0.0	0.0
diviner	0.0	0.0	0.0	1.0	0.0	0.0	0.0	0.0	0.0	0.0
flooding	0.0	1.0	0.0	0.0	0.0	0.0	0.0	0.0	0.0	0.0
discovered	0.3333333333333333	0.0	0.0	0.6666666666666666	0.0	0.0	0.0	0.0	0.0	0.0
marscrossing	0.0	0.0	0.0	1.0	0.0	0.0	0.0	0.0	0.0	0.0
family	0.0	0.0	0.0	1.0	0.0	0.0	0.0	0.0	0.0	0.0
scientists	0.5	0.0	0.0	0.5	0.0	0.0	0.0	0.0	0.0	0.0
biological	0.0	1.0	0.0	0.0	0.0	0.0	0.0	0.0	0.0	0.0
empress	1.0	0.0	0.0	0.0	0.0	0.0	0.0	0.0	0.0	0.0
xii	1.0	0.0	0.0	0.0	0.0	0.0	0.0	0.0	0.0	0.0
irradiance	0.0	1.0	0.0	0.0	0.0	0.0	0.0	0.0	0.0	0.0
exosphere	0.0	0.0	0.0	1.0	0.0	0.0	0.0	0.0	0.0	0.0
wavesparker	0.0	0.0	1.0	0.0	0.0	0.0	0.0	0.0	0.0	0.0
aposmarts	1.0	0.0	0.0	0.0	0.0	0.0	0.0	0.0	0.0	0.0
blue	1.0	0.0	0.0	0.0	0.0	0.0	0.0	0.0	0.0	0.0
wing	1.0	0.0	0.0	0.0	0.0	0.0	0.0	0.0	0.0	0.0
chromospheric	1.0	0.0	0.0	0.0	0.0	0.0	0.0	0.0	0.0	0.0
lines	0.3333333333333333	0.0	0.3333333333333333	0.3333333333333333	0.0	0.0	0.0	0.0	0.0	0.0
midmdwarf	1.0	0.0	0.0	0.0	0.0	0.0	0.0	0.0	0.0	0.0
hightemperature	0.0	0.0	0.0	0.5	0.0	0.5	0.0	0.0	0.0	0.0
nonequilibrium	0.2	0.0	0.2	0.0	0.0	0.2	0.0	0.0	0.4	0.0
cycling	0.0	0.0	0.0	1.0	0.0	0.0	0.0	0.0	0.0	0.0
obscures	0.0	0.0	0.0	1.0	0.0	0.0	0.0	0.0	0.0	0.0
biologicallydriven	0.0	0.0	0.0	1.0	0.0	0.0	0.0	0.0	0.0	0.0
contemporary	0.0	0.5	0.0	0.5	0.0	0.0	0.0	0.0	0.0	0.0
seep	0.0	0.0	0.0	1.0	0.0	0.0	0.0	0.0	0.0	0.0
front	0.0	0.0	0.0	0.0	0.0	1.0	0.0	0.0	0.0	0.0
phenolic	0.0	0.0	0.0	0.0	0.0	1.0	0.0	0.0	0.0	0.0
composites	0.0	0.0	0.0	0.0	0.0	0.8333333333333334	0.0	0.0	0.16666666666666666	0.0
computed	0.0	0.0	0.0	0.0	0.0	1.0	0.0	0.0	0.0	0.0
microarchitectural	0.0	0.0	0.0	0.0	1.0	0.0	0.0	0.0	0.0	0.0
transcriptomic	0.0	0.0	0.0	0.0	1.0	0.0	0.0	0.0	0.0	0.0
murine	0.0	0.0	0.0	0.0	1.0	0.0	0.0	0.0	0.0	0.0
bones	0.0	0.0	0.0	0.0	1.0	0.0	0.0	0.0	0.0	0.0
hindlimb	0.0	0.0	0.0	0.0	1.0	0.0	0.0	0.0	0.0	0.0
unloading	0.0	0.0	0.0	0.0	1.0	0.0	0.0	0.0	0.0	0.0
grid	0.0	0.0	0.0	0.0	0.0	0.0	0.0	0.0	1.0	0.0
largeeddy	0.0	0.0	0.0	0.0	0.0	0.0	0.0	0.0	1.0	0.0
deciphering	0.0	1.0	0.0	0.0	0.0	0.0	0.0	0.0	0.0	0.0
mediating	0.0	1.0	0.0	0.0	0.0	0.0	0.0	0.0	0.0	0.0
schemes	0.5	0.0	0.0	0.5	0.0	0.0	0.0	0.0	0.0	0.0
rf	0.0	0.0	0.0	1.0	0.0	0.0	0.0	0.0	0.0	0.0
receivers	0.0	0.0	0.0	1.0	0.0	0.0	0.0	0.0	0.0	0.0
bit	0.0	0.0	0.0	1.0	0.0	0.0	0.0	0.0	0.0	0.0
lownoise	0.0	0.0	0.0	1.0	0.0	0.0	0.0	0.0	0.0	0.0
amplifier	0.0	0.0	0.0	1.0	0.0	0.0	0.0	0.0	0.0	0.0
fullyformed	0.0	0.0	1.0	0.0	0.0	0.0	0.0	0.0	0.0	0.0
forwardreverse	0.0	0.0	1.0	0.0	0.0	0.0	0.0	0.0	0.0	0.0
pair	0.7142857142857143	0.0	0.14285714285714285	0.14285714285714285	0.0	0.0	0.0	0.0	0.0	0.0
opening	1.0	0.0	0.0	0.0	0.0	0.0	0.0	0.0	0.0	0.0
nonideal	1.0	0.0	0.0	0.0	0.0	0.0	0.0	0.0	0.0	0.0
observational	1.0	0.0	0.0	0.0	0.0	0.0	0.0	0.0	0.0	0.0
fossilcalibrated	0.0	0.0	0.0	1.0	0.0	0.0	0.0	0.0	0.0	0.0
clock	0.0	0.0	0.0	1.0	0.0	0.0	0.0	0.0	0.0	0.0
enable	0.0	0.0	0.0	1.0	0.0	0.0	0.0	0.0	0.0	0.0
leading	0.0	0.0	0.0	1.0	0.0	0.0	0.0	0.0	0.0	0.0
multicellularity	0.0	0.0	0.0	1.0	0.0	0.0	0.0	0.0	0.0	0.0
anisogamy	0.0	0.0	0.0	1.0	0.0	0.0	0.0	0.0	0.0	0.0
volvocine	0.0	0.0	0.0	1.0	0.0	0.0	0.0	0.0	0.0	0.0
gross	0.0	1.0	0.0	0.0	0.0	0.0	0.0	0.0	0.0	0.0
hunters	1.0	0.0	0.0	0.0	0.0	0.0	0.0	0.0	0.0	0.0
minineptune	0.5	0.0	0.0	0.5	0.0	0.0	0.0	0.0	0.0	0.0
habitable	0.3333333333333333	0.0	0.0	0.6666666666666666	0.0	0.0	0.0	0.0	0.0	0.0
fireatmosphere	0.0	1.0	0.0	0.0	0.0	0.0	0.0	0.0	0.0	0.0
wavelets	0.0	1.0	0.0	0.0	0.0	0.0	0.0	0.0	0.0	0.0
trapping	0.0	0.0	0.6666666666666666	0.0	0.0	0.3333333333333333	0.0	0.0	0.0	0.0
resonance	0.0	0.0	1.0	0.0	0.0	0.0	0.0	0.0	0.0	0.0
subpackets	0.0	0.0	1.0	0.0	0.0	0.0	0.0	0.0	0.0	0.0
internalwave	0.0	1.0	0.0	0.0	0.0	0.0	0.0	0.0	0.0	0.0
cancellation	0.0	0.0	1.0	0.0	0.0	0.0	0.0	0.0	0.0	0.0
dr	1.0	0.0	0.0	0.0	0.0	0.0	0.0	0.0	0.0	0.0
polaritonic	1.0	0.0	0.0	0.0	0.0	0.0	0.0	0.0	0.0	0.0
cavitymolecule	1.0	0.0	0.0	0.0	0.0	0.0	0.0	0.0	0.0	0.0
dispersive	0.0	1.0	0.0	0.0	0.0	0.0	0.0	0.0	0.0	0.0
prism	0.0	1.0	0.0	0.0	0.0	0.0	0.0	0.0	0.0	0.0
coordination	0.0	0.0	0.0	0.0	0.0	0.0	0.0	0.0	1.0	0.0
noncooperative	0.0	0.0	0.0	0.0	0.0	0.0	0.0	0.0	1.0	0.0
multiplayer	0.0	0.0	0.0	0.0	0.0	0.0	0.0	0.0	1.0	0.0
matrix	0.0	0.3333333333333333	0.0	0.3333333333333333	0.0	0.0	0.0	0.0	0.3333333333333333	0.0
games	0.0	0.0	0.0	0.0	0.0	0.0	0.0	0.0	1.0	0.0
rank	0.0	0.0	0.0	0.0	0.0	0.0	0.0	0.0	1.0	0.0
equilibria	0.0	0.0	0.0	0.5	0.0	0.0	0.0	0.0	0.5	0.0
unknowns	1.0	0.0	0.0	0.0	0.0	0.0	0.0	0.0	0.0	0.0
burstiness	1.0	0.0	0.0	0.0	0.0	0.0	0.0	0.0	0.0	0.0
imf	1.0	0.0	0.0	0.0	0.0	0.0	0.0	0.0	0.0	0.0
bistability	0.0	0.0	0.0	1.0	0.0	0.0	0.0	0.0	0.0	0.0
feedbacks	0.0	0.5	0.0	0.5	0.0	0.0	0.0	0.0	0.0	0.0
histories	1.0	0.0	0.0	0.0	0.0	0.0	0.0	0.0	0.0	0.0
metal	0.0	0.0	0.0	0.25	0.0	0.75	0.0	0.0	0.0	0.0
containing	0.0	0.0	0.0	0.0	0.0	1.0	0.0	0.0	0.0	0.0
fillers	0.0	0.0	0.0	0.0	0.0	1.0	0.0	0.0	0.0	0.0
this	1.0	0.0	0.0	0.0	0.0	0.0	0.0	0.0	0.0	0.0
gyrochronology	1.0	0.0	0.0	0.0	0.0	0.0	0.0	0.0	0.0	0.0
dusty	1.0	0.0	0.0	0.0	0.0	0.0	0.0	0.0	0.0	0.0
zw	1.0	0.0	0.0	0.0	0.0	0.0	0.0	0.0	0.0	0.0
pouch	0.0	0.0	0.0	0.0	0.0	1.0	0.0	0.0	0.0	0.0
coin	0.0	0.0	0.0	0.0	0.0	1.0	0.0	0.0	0.0	0.0
electrochemical	0.0	0.0	0.0	0.0	0.0	1.0	0.0	0.0	0.0	0.0
retrieved	0.0	0.6666666666666666	0.0	0.3333333333333333	0.0	0.0	0.0	0.0	0.0	0.0
scatterometer	0.0	1.0	0.0	0.0	0.0	0.0	0.0	0.0	0.0	0.0
sodankyl	0.0	1.0	0.0	0.0	0.0	0.0	0.0	0.0	0.0	0.0
markov	0.0	1.0	0.0	0.0	0.0	0.0	0.0	0.0	0.0	0.0
monte	0.5	0.5	0.0	0.0	0.0	0.0	0.0	0.0	0.0	0.0
carlo	0.5	0.5	0.0	0.0	0.0	0.0	0.0	0.0	0.0	0.0
interpreting	0.0	1.0	0.0	0.0	0.0	0.0	0.0	0.0	0.0	0.0
biogeochemical	0.0	1.0	0.0	0.0	0.0	0.0	0.0	0.0	0.0	0.0
alkalinity	0.0	1.0	0.0	0.0	0.0	0.0	0.0	0.0	0.0	0.0
inorganic	0.0	1.0	0.0	0.0	0.0	0.0	0.0	0.0	0.0	0.0
limitations	0.0	1.0	0.0	0.0	0.0	0.0	0.0	0.0	0.0	0.0
astroslam	0.0	0.0	0.0	0.0	0.0	1.0	0.0	0.0	0.0	0.0
monocular	0.0	0.0	0.0	0.0	0.0	1.0	0.0	0.0	0.0	0.0
navigation	0.0	0.0	0.0	0.0	0.0	0.6666666666666666	0.0	0.0	0.3333333333333333	0.0
vicinity	0.0	0.0	0.0	0.0	0.0	1.0	0.0	0.0	0.0	0.0
celestial	0.0	0.0	0.0	0.0	0.0	1.0	0.0	0.0	0.0	0.0
bodytheory	0.0	0.0	0.0	0.0	0.0	1.0	0.0	0.0	0.0	0.0
presolar	0.0	0.0	0.0	1.0	0.0	0.0	0.0	0.0	0.0	0.0
carbide	0.0	0.0	0.0	0.3333333333333333	0.0	0.6666666666666666	0.0	0.0	0.0	0.0
lombok	0.0	1.0	0.0	0.0	0.0	0.0	0.0	0.0	0.0	0.0
strait	0.0	1.0	0.0	0.0	0.0	0.0	0.0	0.0	0.0	0.0
pools	0.0	1.0	0.0	0.0	0.0	0.0	0.0	0.0	0.0	0.0
landcover	0.0	1.0	0.0	0.0	0.0	0.0	0.0	0.0	0.0	0.0
communities	0.0	1.0	0.0	0.0	0.0	0.0	0.0	0.0	0.0	0.0
olive	0.0	1.0	0.0	0.0	0.0	0.0	0.0	0.0	0.0	0.0
orchards	0.0	1.0	0.0	0.0	0.0	0.0	0.0	0.0	0.0	0.0
mediterranean	0.0	1.0	0.0	0.0	0.0	0.0	0.0	0.0	0.0	0.0
landscapes	0.0	1.0	0.0	0.0	0.0	0.0	0.0	0.0	0.0	0.0
summer	0.0	1.0	0.0	0.0	0.0	0.0	0.0	0.0	0.0	0.0
snowfall	0.0	1.0	0.0	0.0	0.0	0.0	0.0	0.0	0.0	0.0
updating	0.0	0.0	1.0	0.0	0.0	0.0	0.0	0.0	0.0	0.0
measures	0.3333333333333333	0.3333333333333333	0.3333333333333333	0.0	0.0	0.0	0.0	0.0	0.0	0.0
cme	0.0	0.0	1.0	0.0	0.0	0.0	0.0	0.0	0.0	0.0
arrival	0.0	0.0	0.5	0.0	0.0	0.5	0.0	0.0	0.0	0.0
fnirs	0.0	0.0	0.0	0.0	0.0	0.0	0.0	1.0	0.0	0.0
emitter	1.0	0.0	0.0	0.0	0.0	0.0	0.0	0.0	0.0	0.0
shaking	0.0	0.5	0.0	0.5	0.0	0.0	0.0	0.0	0.0	0.0
tumbling	0.0	0.0	0.0	1.0	0.0	0.0	0.0	0.0	0.0	0.0
longtimescale	0.0	0.0	0.0	1.0	0.0	0.0	0.0	0.0	0.0	0.0
encounter	0.0	0.0	0.0	1.0	0.0	0.0	0.0	0.0	0.0	0.0
apophis	0.0	0.0	0.0	1.0	0.0	0.0	0.0	0.0	0.0	0.0
emic	0.0	0.0	1.0	0.0	0.0	0.0	0.0	0.0	0.0	0.0
types	0.0	0.5	0.5	0.0	0.0	0.0	0.0	0.0	0.0	0.0
dispersion	0.3333333333333333	0.0	0.6666666666666666	0.0	0.0	0.0	0.0	0.0	0.0	0.0
normal	0.6666666666666666	0.3333333333333333	0.0	0.0	0.0	0.0	0.0	0.0	0.0	0.0
subnational	0.0	1.0	0.0	0.0	0.0	0.0	0.0	0.0	0.0	0.0
lists	0.0	1.0	0.0	0.0	0.0	0.0	0.0	0.0	0.0	0.0
isotopologues	0.0	1.0	0.0	0.0	0.0	0.0	0.0	0.0	0.0	0.0
cssubsub	0.0	1.0	0.0	0.0	0.0	0.0	0.0	0.0	0.0	0.0
room	0.0	1.0	0.0	0.0	0.0	0.0	0.0	0.0	0.0	0.0
rain	0.0	1.0	0.0	0.0	0.0	0.0	0.0	0.0	0.0	0.0
overparameterized	0.0	1.0	0.0	0.0	0.0	0.0	0.0	0.0	0.0	0.0
encountered	0.0	0.0	1.0	0.0	0.0	0.0	0.0	0.0	0.0	0.0
sun	0.0	0.0	1.0	0.0	0.0	0.0	0.0	0.0	0.0	0.0
streamlined	0.0	0.0	0.0	1.0	0.0	0.0	0.0	0.0	0.0	0.0
arsenolipid	0.0	0.0	0.0	1.0	0.0	0.0	0.0	0.0	0.0	0.0
arsenic	0.0	0.0	0.0	1.0	0.0	0.0	0.0	0.0	0.0	0.0
rplcesiqtofms	0.0	0.0	0.0	1.0	0.0	0.0	0.0	0.0	0.0	0.0
ecological	0.0	0.8	0.0	0.0	0.0	0.0	0.0	0.2	0.0	0.0
selfamputating	0.0	0.0	0.0	0.0	0.0	1.0	0.0	0.0	0.0	0.0
interfusing	0.0	0.0	0.0	0.0	0.0	1.0	0.0	0.0	0.0	0.0
fujiwhara	0.0	1.0	0.0	0.0	0.0	0.0	0.0	0.0	0.0	0.0
southeastern	0.0	1.0	0.0	0.0	0.0	0.0	0.0	0.0	0.0	0.0
indian	0.0	1.0	0.0	0.0	0.0	0.0	0.0	0.0	0.0	0.0
explanations	1.0	0.0	0.0	0.0	0.0	0.0	0.0	0.0	0.0	0.0
wheat	0.0	1.0	0.0	0.0	0.0	0.0	0.0	0.0	0.0	0.0
intensification	0.0	1.0	0.0	0.0	0.0	0.0	0.0	0.0	0.0	0.0
russia	0.0	1.0	0.0	0.0	0.0	0.0	0.0	0.0	0.0	0.0
mixotrophs	0.0	1.0	0.0	0.0	0.0	0.0	0.0	0.0	0.0	0.0
multisource	0.0	1.0	0.0	0.0	0.0	0.0	0.0	0.0	0.0	0.0
haloes	1.0	0.0	0.0	0.0	0.0	0.0	0.0	0.0	0.0	0.0
ago	0.0	0.0	1.0	0.0	0.0	0.0	0.0	0.0	0.0	0.0
triggering	0.0	0.0	1.0	0.0	0.0	0.0	0.0	0.0	0.0	0.0
thermodynamics	0.0	0.0	0.0	1.0	0.0	0.0	0.0	0.0	0.0	0.0
ultrarefractory	0.0	0.0	0.0	1.0	0.0	0.0	0.0	0.0	0.0	0.0
condensates	0.0	0.0	0.0	1.0	0.0	0.0	0.0	0.0	0.0	0.0
transitonly	1.0	0.0	0.0	0.0	0.0	0.0	0.0	0.0	0.0	0.0
equator	0.0	0.0	0.0	1.0	0.0	0.0	0.0	0.0	0.0	0.0
geospatialtopology	0.0	0.0	0.0	1.0	0.0	0.0	0.0	0.0	0.0	0.0
spectrally	0.0	0.0	0.0	1.0	0.0	0.0	0.0	0.0	0.0	0.0
units	0.0	0.0	0.0	1.0	0.0	0.0	0.0	0.0	0.0	0.0
colorsorting	0.0	1.0	0.0	0.0	0.0	0.0	0.0	0.0	0.0	0.0
cassiopeia	1.0	0.0	0.0	0.0	0.0	0.0	0.0	0.0	0.0	0.0
forming	0.5	0.0	0.0	0.0	0.0	0.0	0.0	0.0	0.5	0.0
legacy	1.0	0.0	0.0	0.0	0.0	0.0	0.0	0.0	0.0	0.0
annihilation	1.0	0.0	0.0	0.0	0.0	0.0	0.0	0.0	0.0	0.0
milkyway	1.0	0.0	0.0	0.0	0.0	0.0	0.0	0.0	0.0	0.0
spheroidal	1.0	0.0	0.0	0.0	0.0	0.0	0.0	0.0	0.0	0.0
displayinlinemmlmrowmmlmi	1.0	0.0	0.0	0.0	0.0	0.0	0.0	0.0	0.0	0.0
mathvariantitalicfermimmlmimmlmrowmmlmathlat	1.0	0.0	0.0	0.0	0.0	0.0	0.0	0.0	0.0	0.0
overshoot	1.0	0.0	0.0	0.0	0.0	0.0	0.0	0.0	0.0	0.0
estimated	0.5	0.0	0.5	0.0	0.0	0.0	0.0	0.0	0.0	0.0
analyses	1.0	0.0	0.0	0.0	0.0	0.0	0.0	0.0	0.0	0.0
backscatter	0.0	1.0	0.0	0.0	0.0	0.0	0.0	0.0	0.0	0.0
phenomenology	0.0	1.0	0.0	0.0	0.0	0.0	0.0	0.0	0.0	0.0
corn	0.0	1.0	0.0	0.0	0.0	0.0	0.0	0.0	0.0	0.0
lband	0.0	1.0	0.0	0.0	0.0	0.0	0.0	0.0	0.0	0.0
fullwave	0.0	1.0	0.0	0.0	0.0	0.0	0.0	0.0	0.0	0.0
solver	0.0	1.0	0.0	0.0	0.0	0.0	0.0	0.0	0.0	0.0
picosecond	0.0	1.0	0.0	0.0	0.0	0.0	0.0	0.0	0.0	0.0
lifetime	0.0	1.0	0.0	0.0	0.0	0.0	0.0	0.0	0.0	0.0
determine	0.3333333333333333	0.6666666666666666	0.0	0.0	0.0	0.0	0.0	0.0	0.0	0.0
oceans	0.0	1.0	0.0	0.0	0.0	0.0	0.0	0.0	0.0	0.0
constructing	0.0	0.5	0.0	0.0	0.0	0.0	0.0	0.0	0.5	0.0
automates	0.0	0.0	0.0	0.0	0.0	0.0	0.0	0.0	1.0	0.0
adjointbased	0.0	0.0	0.0	0.0	0.0	0.0	0.0	0.0	1.0	0.0
determination	0.0	0.5	0.5	0.0	0.0	0.0	0.0	0.0	0.0	0.0
timevariable	0.0	1.0	0.0	0.0	0.0	0.0	0.0	0.0	0.0	0.0
means	0.0	1.0	0.0	0.0	0.0	0.0	0.0	0.0	0.0	0.0
clocks	0.0	1.0	0.0	0.0	0.0	0.0	0.0	0.0	0.0	0.0
transferability	0.0	0.6666666666666666	0.0	0.0	0.0	0.3333333333333333	0.0	0.0	0.0	0.0
scpplsrscp	0.0	1.0	0.0	0.0	0.0	0.0	0.0	0.0	0.0	0.0
canada	0.0	1.0	0.0	0.0	0.0	0.0	0.0	0.0	0.0	0.0
hypyrameter	0.0	0.0	0.0	1.0	0.0	0.0	0.0	0.0	0.0	0.0
python	0.0	0.0	0.0	1.0	0.0	0.0	0.0	0.0	0.0	0.0
toolbox	0.0	0.0	0.0	1.0	0.0	0.0	0.0	0.0	0.0	0.0
calculate	0.0	0.0	0.0	1.0	0.0	0.0	0.0	0.0	0.0	0.0
modifies	0.0	0.0	1.0	0.0	0.0	0.0	0.0	0.0	0.0	0.0
lightuse	0.0	1.0	0.0	0.0	0.0	0.0	0.0	0.0	0.0	0.0
reef	0.0	1.0	0.0	0.0	0.0	0.0	0.0	0.0	0.0	0.0
benthic	0.0	1.0	0.0	0.0	0.0	0.0	0.0	0.0	0.0	0.0
merged	0.0	0.3333333333333333	0.3333333333333333	0.3333333333333333	0.0	0.0	0.0	0.0	0.0	0.0
mdi	0.0	0.0	1.0	0.0	0.0	0.0	0.0	0.0	0.0	0.0
hmi	0.0	0.0	1.0	0.0	0.0	0.0	0.0	0.0	0.0	0.0
spaceweather	0.0	0.0	1.0	0.0	0.0	0.0	0.0	0.0	0.0	0.0
patches	0.0	0.0	1.0	0.0	0.0	0.0	0.0	0.0	0.0	0.0
tool	0.0	0.5	0.5	0.0	0.0	0.0	0.0	0.0	0.0	0.0
footprint	0.0	1.0	0.0	0.0	0.0	0.0	0.0	0.0	0.0	0.0
african	0.0	1.0	0.0	0.0	0.0	0.0	0.0	0.0	0.0	0.0
savannas	0.0	1.0	0.0	0.0	0.0	0.0	0.0	0.0	0.0	0.0
nighttime	0.0	0.0	1.0	0.0	0.0	0.0	0.0	0.0	0.0	0.0
keograms	0.0	0.0	1.0	0.0	0.0	0.0	0.0	0.0	0.0	0.0
when	0.25	0.5	0.25	0.0	0.0	0.0	0.0	0.0	0.0	0.0
present	0.0	0.5	0.5	0.0	0.0	0.0	0.0	0.0	0.0	0.0
brief	0.0	0.5	0.0	0.0	0.0	0.0	0.5	0.0	0.0	0.0
confocal	0.0	0.0	0.0	0.0	0.0	0.0	1.0	0.0	0.0	0.0
microscopy	0.0	0.0	0.0	0.5	0.0	0.0	0.5	0.0	0.0	0.0
oral	0.0	0.0	0.0	0.0	0.0	0.0	1.0	0.0	0.0	0.0
streptococcal	0.0	0.0	0.0	0.0	0.0	0.0	1.0	0.0	0.0	0.0
biofilms	0.0	0.0	0.0	0.0	0.6666666666666666	0.0	0.3333333333333333	0.0	0.0	0.0
positioning	0.0	0.0	0.5	0.0	0.0	0.0	0.5	0.0	0.0	0.0
start	0.0	1.0	0.0	0.0	0.0	0.0	0.0	0.0	0.0	0.0
date	0.0	1.0	0.0	0.0	0.0	0.0	0.0	0.0	0.0	0.0
rainy	0.0	1.0	0.0	0.0	0.0	0.0	0.0	0.0	0.0	0.0
america	0.0	1.0	0.0	0.0	0.0	0.0	0.0	0.0	0.0	0.0
reliable	0.5	0.5	0.0	0.0	0.0	0.0	0.0	0.0	0.0	0.0
outlook	0.0	1.0	0.0	0.0	0.0	0.0	0.0	0.0	0.0	0.0
nanoscale	0.0	0.0	0.0	0.0	0.0	1.0	0.0	0.0	0.0	0.0
hsilicon	0.0	0.0	0.0	0.0	0.0	1.0	0.0	0.0	0.0	0.0
timehistory	0.0	0.0	1.0	0.0	0.0	0.0	0.0	0.0	0.0	0.0
stormtime	0.0	0.0	1.0	0.0	0.0	0.0	0.0	0.0	0.0	0.0
achieving	1.0	0.0	0.0	0.0	0.0	0.0	0.0	0.0	0.0	0.0
tension	0.0	0.0	0.0	0.0	1.0	0.0	0.0	0.0	0.0	0.0
molten	0.0	0.0	0.0	0.0	1.0	0.0	0.0	0.0	0.0	0.0
titanates	0.0	0.0	0.0	0.0	1.0	0.0	0.0	0.0	0.0	0.0
electrostatic	0.0	0.0	0.5	0.25	0.25	0.0	0.0	0.0	0.0	0.0
probing	0.6666666666666666	0.3333333333333333	0.0	0.0	0.0	0.0	0.0	0.0	0.0	0.0
supertidal	0.0	1.0	0.0	0.0	0.0	0.0	0.0	0.0	0.0	0.0
base	0.0	0.0	0.0	0.5	0.0	0.0	0.0	0.0	0.5	0.0
barberton	0.0	0.0	0.0	1.0	0.0	0.0	0.0	0.0	0.0	0.0
archean	0.0	0.0	0.0	1.0	0.0	0.0	0.0	0.0	0.0	0.0
drilling	0.0	0.0	0.0	1.0	0.0	0.0	0.0	0.0	0.0	0.0
paleoarchean	0.0	0.0	0.0	1.0	0.0	0.0	0.0	0.0	0.0	0.0
strata	0.0	0.0	0.0	1.0	0.0	0.0	0.0	0.0	0.0	0.0
greenstone	0.0	0.0	0.0	1.0	0.0	0.0	0.0	0.0	0.0	0.0
techophoresisenabled	0.0	0.0	0.0	0.0	0.0	1.0	0.0	0.0	0.0	0.0
electrokinetic	0.0	0.0	0.0	0.0	0.0	1.0	0.0	0.0	0.0	0.0
preparation	0.0	0.5	0.0	0.0	0.0	0.5	0.0	0.0	0.0	0.0
pulsating	0.0	0.0	0.5	0.0	0.0	0.5	0.0	0.0	0.0	0.0
threefluid	0.0	0.0	1.0	0.0	0.0	0.0	0.0	0.0	0.0	0.0
vega	0.0	0.0	0.0	1.0	0.0	0.0	0.0	0.0	0.0	0.0
jwstmiri	0.3333333333333333	0.0	0.0	0.6666666666666666	0.0	0.0	0.0	0.0	0.0	0.0
streamer	0.0	0.0	1.0	0.0	0.0	0.0	0.0	0.0	0.0	0.0
sarscov	0.0	0.3333333333333333	0.0	0.0	0.6666666666666666	0.0	0.0	0.0	0.0	0.0
extracellular	0.0	0.0	0.0	0.0	1.0	0.0	0.0	0.0	0.0	0.0
systemic	0.0	0.0	0.0	0.0	1.0	0.0	0.0	0.0	0.0	0.0
infection	0.0	0.0	0.0	0.0	1.0	0.0	0.0	0.0	0.0	0.0
formic	1.0	0.0	0.0	0.0	0.0	0.0	0.0	0.0	0.0	0.0
acidammonia	1.0	0.0	0.0	0.0	0.0	0.0	0.0	0.0	0.0	0.0
heterodimer	1.0	0.0	0.0	0.0	0.0	0.0	0.0	0.0	0.0	0.0
ccsdtlevel	1.0	0.0	0.0	0.0	0.0	0.0	0.0	0.0	0.0	0.0
allows	1.0	0.0	0.0	0.0	0.0	0.0	0.0	0.0	0.0	0.0
toiband	1.0	0.0	0.0	0.0	0.0	0.0	0.0	0.0	0.0	0.0
independent	0.0	0.0	0.0	0.0	0.0	1.0	0.0	0.0	0.0	0.0
mechanicsbased	0.0	0.0	0.0	0.0	0.0	1.0	0.0	0.0	0.0	0.0
systemofsystems	0.0	0.0	0.0	0.0	0.0	1.0	0.0	0.0	0.0	0.0
transportation	0.0	0.0	0.0	0.0	0.0	0.0	0.0	0.0	1.0	0.0
homology	0.0	0.0	0.0	0.0	0.0	0.0	0.0	0.0	1.0	0.0
mainbelt	0.0	0.0	0.0	1.0	0.0	0.0	0.0	0.0	0.0	0.0
trojan	0.0	0.0	0.0	0.5	0.0	0.0	0.0	0.0	0.5	0.0
economic	0.0	1.0	0.0	0.0	0.0	0.0	0.0	0.0	0.0	0.0
cost	0.0	1.0	0.0	0.0	0.0	0.0	0.0	0.0	0.0	0.0
pmsubsubexposure	0.0	1.0	0.0	0.0	0.0	0.0	0.0	0.0	0.0	0.0
consecutive	0.0	1.0	0.0	0.0	0.0	0.0	0.0	0.0	0.0	0.0
interview	0.0	1.0	0.0	0.0	0.0	0.0	0.0	0.0	0.0	0.0
chis	0.0	1.0	0.0	0.0	0.0	0.0	0.0	0.0	0.0	0.0
obscurers	1.0	0.0	0.0	0.0	0.0	0.0	0.0	0.0	0.0	0.0
absorbers	1.0	0.0	0.0	0.0	0.0	0.0	0.0	0.0	0.0	0.0
teflon	0.0	0.0	0.0	0.0	0.0	1.0	0.0	0.0	0.0	0.0
afcoated	0.0	0.0	0.0	0.0	0.0	1.0	0.0	0.0	0.0	0.0
nanotextured	0.0	0.0	0.0	0.0	0.0	1.0	0.0	0.0	0.0	0.0
aluminum	0.0	0.0	0.0	0.0	0.0	1.0	0.0	0.0	0.0	0.0
jumping	0.0	0.0	0.0	0.0	0.0	1.0	0.0	0.0	0.0	0.0
rectification	0.0	0.0	0.0	0.0	0.0	1.0	0.0	0.0	0.0	0.0
limited	0.0	0.0	0.0	1.0	0.0	0.0	0.0	0.0	0.0	0.0
exomoon	0.0	0.0	0.0	1.0	0.0	0.0	0.0	0.0	0.0	0.0
comptonization	1.0	0.0	0.0	0.0	0.0	0.0	0.0	0.0	0.0	0.0
blackhole	1.0	0.0	0.0	0.0	0.0	0.0	0.0	0.0	0.0	0.0
coronae	1.0	0.0	0.0	0.0	0.0	0.0	0.0	0.0	0.0	0.0
steel	0.0	0.0	0.0	0.0	1.0	0.0	0.0	0.0	0.0	0.0
pedersen	1.0	0.0	0.0	0.0	0.0	0.0	0.0	0.0	0.0	0.0
conductance	0.5	0.5	0.0	0.0	0.0	0.0	0.0	0.0	0.0	0.0
galileo	1.0	0.0	0.0	0.0	0.0	0.0	0.0	0.0	0.0	0.0
rayleighmieraman	0.0	1.0	0.0	0.0	0.0	0.0	0.0	0.0	0.0	0.0
rmr	0.0	1.0	0.0	0.0	0.0	0.0	0.0	0.0	0.0	0.0
prsupsup	0.0	0.0	0.0	0.0	1.0	0.0	0.0	0.0	0.0	0.0
ndsupsup	0.0	0.0	0.0	0.0	1.0	0.0	0.0	0.0	0.0	0.0
deactivating	0.0	0.0	0.0	0.0	1.0	0.0	0.0	0.0	0.0	0.0
ersupsupsupsupisubsub	0.0	0.0	0.0	0.0	1.0	0.0	0.0	0.0	0.0	0.0
glass	0.0	0.0	0.0	0.0	1.0	0.0	0.0	0.0	0.0	0.0
deepocean	0.0	1.0	0.0	0.0	0.0	0.0	0.0	0.0	0.0	0.0
expression	0.0	0.0	0.3333333333333333	0.3333333333333333	0.0	0.0	0.3333333333333333	0.0	0.0	0.0
fieldline	0.0	0.0	1.0	0.0	0.0	0.0	0.0	0.0	0.0	0.0
rayleightaylor	0.0	0.0	1.0	0.0	0.0	0.0	0.0	0.0	0.0	0.0
kpc	1.0	0.0	0.0	0.0	0.0	0.0	0.0	0.0	0.0	0.0
polynya	0.0	1.0	0.0	0.0	0.0	0.0	0.0	0.0	0.0	0.0
durability	0.0	0.0	0.0	0.0	0.0	1.0	0.0	0.0	0.0	0.0
electrospun	0.0	0.0	0.0	0.0	0.0	1.0	0.0	0.0	0.0	0.0
ptfepeo	0.0	0.0	0.0	0.0	0.0	1.0	0.0	0.0	0.0	0.0
labile	0.0	0.0	0.0	1.0	0.0	0.0	0.0	0.0	0.0	0.0
tardigrade	0.0	0.0	0.0	1.0	0.0	0.0	0.0	0.0	0.0	0.0
protein	0.0	0.3333333333333333	0.0	0.6666666666666666	0.0	0.0	0.0	0.0	0.0	0.0
biostasis	0.0	0.0	0.0	1.0	0.0	0.0	0.0	0.0	0.0	0.0
step	0.0	1.0	0.0	0.0	0.0	0.0	0.0	0.0	0.0	0.0
xai	0.0	1.0	0.0	0.0	0.0	0.0	0.0	0.0	0.0	0.0
processlevel	0.0	1.0	0.0	0.0	0.0	0.0	0.0	0.0	0.0	0.0
sciences	0.0	1.0	0.0	0.0	0.0	0.0	0.0	0.0	0.0	0.0
icedebris	0.0	1.0	0.0	0.0	0.0	0.0	0.0	0.0	0.0	0.0
nupchu	0.0	1.0	0.0	0.0	0.0	0.0	0.0	0.0	0.0	0.0
kanchenjunga	0.0	1.0	0.0	0.0	0.0	0.0	0.0	0.0	0.0	0.0
nepal	0.0	1.0	0.0	0.0	0.0	0.0	0.0	0.0	0.0	0.0
selfconsistent	0.5	0.0	0.5	0.0	0.0	0.0	0.0	0.0	0.0	0.0
covariability	0.0	1.0	0.0	0.0	0.0	0.0	0.0	0.0	0.0	0.0
divergence	0.0	0.5	0.0	0.5	0.0	0.0	0.0	0.0	0.0	0.0
optimizing	0.0	0.0	0.0	0.0	0.0	0.0	0.0	0.0	1.0	0.0
pinfin	0.0	0.0	0.0	0.0	0.0	0.0	0.0	0.0	1.0	0.0
turbine	0.0	0.0	0.0	0.0	0.0	0.0	0.0	0.0	1.0	0.0
geometric	0.0	0.0	0.0	0.0	0.0	0.0	0.0	0.0	1.0	0.0
motors	0.0	0.0	0.0	0.0	0.0	0.0	0.0	0.0	1.0	0.0
subhz	0.0	0.0	0.0	0.0	0.0	1.0	0.0	0.0	0.0	0.0
linewidth	0.0	0.0	0.0	0.0	0.0	1.0	0.0	0.0	0.0	0.0
nm	0.0	0.3333333333333333	0.3333333333333333	0.0	0.0	0.3333333333333333	0.0	0.0	0.0	0.0
nitride	0.0	0.0	0.0	0.0	0.0	1.0	0.0	0.0	0.0	0.0
gmj	1.0	0.0	0.0	0.0	0.0	0.0	0.0	0.0	0.0	0.0
zbf	0.0	0.0	0.0	1.0	0.0	0.0	0.0	0.0	0.0	0.0
fastrising	0.0	0.0	0.0	1.0	0.0	0.0	0.0	0.0	0.0	0.0
hydrogenpoor	0.0	0.0	0.0	1.0	0.0	0.0	0.0	0.0	0.0	0.0
superluminous	0.0	0.0	0.0	1.0	0.0	0.0	0.0	0.0	0.0	0.0
smclast	1.0	0.0	0.0	0.0	0.0	0.0	0.0	0.0	0.0	0.0
extracted	1.0	0.0	0.0	0.0	0.0	0.0	0.0	0.0	0.0	0.0
rockets	0.0	0.0	0.0	0.0	0.0	1.0	0.0	0.0	0.0	0.0
extendedsource	0.0	0.0	0.0	0.0	0.0	1.0	0.0	0.0	0.0	0.0
nonreciprocity	0.0	0.0	0.0	0.0	1.0	0.0	0.0	0.0	0.0	0.0
metastability	0.0	0.0	0.0	0.0	1.0	0.0	0.0	0.0	0.0	0.0
reconfiguration	0.0	0.0	0.0	0.0	1.0	0.0	0.0	0.0	0.0	0.0
coassembly	0.0	0.0	0.0	0.0	1.0	0.0	0.0	0.0	0.0	0.0
hyperonic	1.0	0.0	0.0	0.0	0.0	0.0	0.0	0.0	0.0	0.0
terminal	0.0	0.0	0.0	0.0	0.0	1.0	0.0	0.0	0.0	0.0
pi	0.0	0.0	0.5	0.0	0.0	0.5	0.0	0.0	0.0	0.0
quiescent	1.0	0.0	0.0	0.0	0.0	0.0	0.0	0.0	0.0	0.0
fitted	0.0	1.0	0.0	0.0	0.0	0.0	0.0	0.0	0.0	0.0
scpstepselection	0.0	1.0	0.0	0.0	0.0	0.0	0.0	0.0	0.0	0.0
functionsscp	0.0	1.0	0.0	0.0	0.0	0.0	0.0	0.0	0.0	0.0
scpissfscp	0.0	1.0	0.0	0.0	0.0	0.0	0.0	0.0	0.0	0.0
automatic	0.0	0.0	1.0	0.0	0.0	0.0	0.0	0.0	0.0	0.0
encoding	0.0	0.0	0.5	0.5	0.0	0.0	0.0	0.0	0.0	0.0
unlabeled	0.0	0.0	1.0	0.0	0.0	0.0	0.0	0.0	0.0	0.0
dimensional	0.0	0.0	1.0	0.0	0.0	0.0	0.0	0.0	0.0	0.0
enabling	0.0	0.0	1.0	0.0	0.0	0.0	0.0	0.0	0.0	0.0
similarity	0.0	0.0	1.0	0.0	0.0	0.0	0.0	0.0	0.0	0.0
searches	0.0	0.0	1.0	0.0	0.0	0.0	0.0	0.0	0.0	0.0
mempsepiii	0.0	0.0	1.0	0.0	0.0	0.0	0.0	0.0	0.0	0.0
learningoriented	0.0	0.0	1.0	0.0	0.0	0.0	0.0	0.0	0.0	0.0
occurrence	0.0	0.0	1.0	0.0	0.0	0.0	0.0	0.0	0.0	0.0
polyurethanes	0.0	0.0	0.0	0.0	0.0	0.0	0.0	0.0	1.0	0.0
polypyridazine	0.0	0.0	0.0	0.0	0.0	0.0	0.0	0.0	1.0	0.0
polyamide	0.0	0.0	0.0	0.0	0.0	0.0	0.0	0.0	1.0	0.0
isitetrazine	0.0	0.0	0.0	0.0	0.0	0.0	0.0	0.0	1.0	0.0
tracking	0.0	0.75	0.0	0.0	0.0	0.0	0.0	0.0	0.25	0.0
hourly	0.0	1.0	0.0	0.0	0.0	0.0	0.0	0.0	0.0	0.0
progression	0.0	1.0	0.0	0.0	0.0	0.0	0.0	0.0	0.0	0.0
wildfires	0.0	1.0	0.0	0.0	0.0	0.0	0.0	0.0	0.0	0.0
dawndusk	0.0	0.0	0.0	1.0	0.0	0.0	0.0	0.0	0.0	0.0
mhdaepic	0.0	0.0	0.0	1.0	0.0	0.0	0.0	0.0	0.0	0.0
multiinstrumental	0.0	1.0	0.0	0.0	0.0	0.0	0.0	0.0	0.0	0.0
calibrating	0.0	1.0	0.0	0.0	0.0	0.0	0.0	0.0	0.0	0.0
spectrometers	0.0	1.0	0.0	0.0	0.0	0.0	0.0	0.0	0.0	0.0
highperformance	0.0	1.0	0.0	0.0	0.0	0.0	0.0	0.0	0.0	0.0
chromatography	0.0	1.0	0.0	0.0	0.0	0.0	0.0	0.0	0.0	0.0
positive	0.0	1.0	0.0	0.0	0.0	0.0	0.0	0.0	0.0	0.0
factorization	0.0	1.0	0.0	0.0	0.0	0.0	0.0	0.0	0.0	0.0
autocorrelated	0.0	1.0	0.0	0.0	0.0	0.0	0.0	0.0	0.0	0.0
conditioned	0.0	1.0	0.0	0.0	0.0	0.0	0.0	0.0	0.0	0.0
latin	0.0	1.0	0.0	0.0	0.0	0.0	0.0	0.0	0.0	0.0
hypercube	0.0	1.0	0.0	0.0	0.0	0.0	0.0	0.0	0.0	0.0
temporal	0.0	0.6	0.2	0.2	0.0	0.0	0.0	0.0	0.0	0.0
mantle	0.0	0.0	0.0	1.0	0.0	0.0	0.0	0.0	0.0	0.0
magmatic	0.0	0.0	0.0	1.0	0.0	0.0	0.0	0.0	0.0	0.0
equivariant	0.0	0.0	0.0	0.0	0.0	1.0	0.0	0.0	0.0	0.0
interatomic	0.0	0.0	0.0	0.0	0.0	1.0	0.0	0.0	0.0	0.0
potentials	0.0	0.0	0.0	0.0	0.0	1.0	0.0	0.0	0.0	0.0
peculiarities	0.0	0.0	1.0	0.0	0.0	0.0	0.0	0.0	0.0	0.0
seismology	0.0	0.0	0.0	1.0	0.0	0.0	0.0	0.0	0.0	0.0
rubblepile	0.0	0.0	0.0	1.0	0.0	0.0	0.0	0.0	0.0	0.0
difftune	0.0	0.0	0.0	0.0	0.0	0.0	0.0	0.0	1.0	0.0
autotuning	0.0	0.0	0.0	0.0	0.0	0.0	0.0	0.0	1.0	0.0
autodifferentiation	0.0	0.0	0.0	0.0	0.0	0.0	0.0	0.0	1.0	0.0
rapid	0.0	0.0	0.5	0.5	0.0	0.0	0.0	0.0	0.0	0.0
selfgravity	0.0	0.0	0.0	1.0	0.0	0.0	0.0	0.0	0.0	0.0
anaerobic	0.0	0.0	0.0	1.0	0.0	0.0	0.0	0.0	0.0	0.0
hypersaline	0.0	0.0	0.0	1.0	0.0	0.0	0.0	0.0	0.0	0.0
subtraction	0.0	0.0	0.0	1.0	0.0	0.0	0.0	0.0	0.0	0.0
condensed	0.0	0.0	0.0	1.0	0.0	0.0	0.0	0.0	0.0	0.0
scuba	1.0	0.0	0.0	0.0	0.0	0.0	0.0	0.0	0.0	0.0
selections	1.0	0.0	0.0	0.0	0.0	0.0	0.0	0.0	0.0	0.0
suppressed	1.0	0.0	0.0	0.0	0.0	0.0	0.0	0.0	0.0	0.0
densities	0.5	0.0	0.0	0.5	0.0	0.0	0.0	0.0	0.0	0.0
instabilityregulated	1.0	0.0	0.0	0.0	0.0	0.0	0.0	0.0	0.0	0.0
bullet	1.0	0.0	0.0	0.0	0.0	0.0	0.0	0.0	0.0	0.0
morphologies	1.0	0.0	0.0	0.0	0.0	0.0	0.0	0.0	0.0	0.0
chargedparticle	0.0	0.0	1.0	0.0	0.0	0.0	0.0	0.0	0.0	0.0
software	0.0	0.5	0.5	0.0	0.0	0.0	0.0	0.0	0.0	0.0
discretization	0.0	0.0	1.0	0.0	0.0	0.0	0.0	0.0	0.0	0.0
alternative	1.0	0.0	0.0	0.0	0.0	0.0	0.0	0.0	0.0	0.0
laws	0.5	0.0	0.5	0.0	0.0	0.0	0.0	0.0	0.0	0.0
morphological	0.0	0.0	0.0	1.0	0.0	0.0	0.0	0.0	0.0	0.0
ijwsti	1.0	0.0	0.0	0.0	0.0	0.0	0.0	0.0	0.0	0.0
unveil	1.0	0.0	0.0	0.0	0.0	0.0	0.0	0.0	0.0	0.0
unseen	1.0	0.0	0.0	0.0	0.0	0.0	0.0	0.0	0.0	0.0
nongaussianity	1.0	0.0	0.0	0.0	0.0	0.0	0.0	0.0	0.0	0.0
fortnight	0.0	1.0	0.0	0.0	0.0	0.0	0.0	0.0	0.0	0.0
solitary	0.0	1.0	0.0	0.0	0.0	0.0	0.0	0.0	0.0	0.0
indonesian	0.0	1.0	0.0	0.0	0.0	0.0	0.0	0.0	0.0	0.0
seas	0.0	1.0	0.0	0.0	0.0	0.0	0.0	0.0	0.0	0.0
swot	0.0	1.0	0.0	0.0	0.0	0.0	0.0	0.0	0.0	0.0
microscale	0.3333333333333333	0.6666666666666666	0.0	0.0	0.0	0.0	0.0	0.0	0.0	0.0
diskwind	1.0	0.0	0.0	0.0	0.0	0.0	0.0	0.0	0.0	0.0
irma	0.0	1.0	0.0	0.0	0.0	0.0	0.0	0.0	0.0	0.0
nongeophysical	0.0	0.0	1.0	0.0	0.0	0.0	0.0	0.0	0.0	0.0
residuals	0.0	0.0	1.0	0.0	0.0	0.0	0.0	0.0	0.0	0.0
swarm	0.0	0.0	1.0	0.0	0.0	0.0	0.0	0.0	0.0	0.0
quiet	0.0	0.0	1.0	0.0	0.0	0.0	0.0	0.0	0.0	0.0
scparkenstonescp	1.0	0.0	0.0	0.0	0.0	0.0	0.0	0.0	0.0	0.0
unresolved	1.0	0.0	0.0	0.0	0.0	0.0	0.0	0.0	0.0	0.0
entrained	1.0	0.0	0.0	0.0	0.0	0.0	0.0	0.0	0.0	0.0
controls	0.0	1.0	0.0	0.0	0.0	0.0	0.0	0.0	0.0	0.0
overshooting	0.0	1.0	0.0	0.0	0.0	0.0	0.0	0.0	0.0	0.0
ratelimiting	0.0	0.0	0.0	0.0	0.0	1.0	0.0	0.0	0.0	0.0
ink	0.0	0.0	0.0	0.0	0.0	1.0	0.0	0.0	0.0	0.0
writing	0.0	0.0	0.0	0.0	0.0	1.0	0.0	0.0	0.0	0.0
viscous	0.0	0.0	0.0	0.0	0.0	1.0	0.0	0.0	0.0	0.0
inks	0.0	0.0	0.0	0.0	0.0	1.0	0.0	0.0	0.0	0.0
parabolic	0.0	0.0	0.0	0.0	0.0	1.0	0.0	0.0	0.0	0.0
flights	0.0	0.0	0.0	0.0	0.0	1.0	0.0	0.0	0.0	0.0
impurity	0.0	1.0	0.0	0.0	0.0	0.0	0.0	0.0	0.0	0.0
polarity	0.0	1.0	0.0	0.0	0.0	0.0	0.0	0.0	0.0	0.0
inverting	0.0	1.0	0.0	0.0	0.0	0.0	0.0	0.0	0.0	0.0
unintentional	0.0	1.0	0.0	0.0	0.0	0.0	0.0	0.0	0.0	0.0
doping	0.0	1.0	0.0	0.0	0.0	0.0	0.0	0.0	0.0	0.0
alsubixisubinsubixisubassubiyisubsbsubiyisub	0.0	1.0	0.0	0.0	0.0	0.0	0.0	0.0	0.0	0.0
beam	0.0	1.0	0.0	0.0	0.0	0.0	0.0	0.0	0.0	0.0
epitaxy	0.0	1.0	0.0	0.0	0.0	0.0	0.0	0.0	0.0	0.0
warehousing	0.0	1.0	0.0	0.0	0.0	0.0	0.0	0.0	0.0	0.0
physically	0.6666666666666666	0.0	0.3333333333333333	0.0	0.0	0.0	0.0	0.0	0.0	0.0
bedrock	0.0	1.0	0.0	0.0	0.0	0.0	0.0	0.0	0.0	0.0
incision	0.0	1.0	0.0	0.0	0.0	0.0	0.0	0.0	0.0	0.0
nearthreshold	0.0	1.0	0.0	0.0	0.0	0.0	0.0	0.0	0.0	0.0
gravelbed	0.0	1.0	0.0	0.0	0.0	0.0	0.0	0.0	0.0	0.0
settle	1.0	0.0	0.0	0.0	0.0	0.0	0.0	0.0	0.0	0.0
staircases	1.0	0.0	0.0	0.0	0.0	0.0	0.0	0.0	0.0	0.0
shield	0.0	0.0	0.0	0.0	0.0	1.0	0.0	0.0	0.0	0.0
tialloy	0.0	0.0	0.0	0.0	0.0	1.0	0.0	0.0	0.0	0.0
printed	0.0	0.0	0.0	0.0	0.0	1.0	0.0	0.0	0.0	0.0
wr	0.0	0.0	0.0	0.0	0.0	1.0	0.0	0.0	0.0	0.0
waveguide	0.5	0.0	0.0	0.0	0.0	0.5	0.0	0.0	0.0	0.0
rectangular	0.0	0.0	0.0	0.0	0.0	1.0	0.0	0.0	0.0	0.0
horn	0.0	0.0	0.0	0.0	0.0	1.0	0.0	0.0	0.0	0.0
antenna	0.0	0.0	0.0	0.0	0.0	1.0	0.0	0.0	0.0	0.0
wband	0.0	0.0	0.0	0.0	0.0	1.0	0.0	0.0	0.0	0.0
elevated	0.3333333333333333	0.3333333333333333	0.0	0.0	0.0	0.0	0.3333333333333333	0.0	0.0	0.0
shapefromshading	0.0	0.0	0.0	1.0	0.0	0.0	0.0	0.0	0.0	0.0
refinement	0.0	0.0	0.0	1.0	0.0	0.0	0.0	0.0	0.0	0.0
lola	0.0	0.0	0.0	1.0	0.0	0.0	0.0	0.0	0.0	0.0
lroc	0.0	0.0	0.0	1.0	0.0	0.0	0.0	0.0	0.0	0.0
nac	0.0	0.0	0.0	1.0	0.0	0.0	0.0	0.0	0.0	0.0
elevation	0.0	0.0	0.0	1.0	0.0	0.0	0.0	0.0	0.0	0.0
upcoming	0.0	0.0	0.0	1.0	0.0	0.0	0.0	0.0	0.0	0.0
fresh	0.0	0.0	0.0	1.0	0.0	0.0	0.0	0.0	0.0	0.0
crest	0.0	0.0	0.0	1.0	0.0	0.0	0.0	0.0	0.0	0.0
floor	0.0	0.0	0.0	1.0	0.0	0.0	0.0	0.0	0.0	0.0
flank	0.0	0.0	0.0	1.0	0.0	0.0	0.0	0.0	0.0	0.0
outlines	0.0	0.0	0.0	1.0	0.0	0.0	0.0	0.0	0.0	0.0
siren	1.0	0.0	0.0	0.0	0.0	0.0	0.0	0.0	0.0	0.0
latest	1.0	0.0	0.0	0.0	0.0	0.0	0.0	0.0	0.0	0.0
afterglow	1.0	0.0	0.0	0.0	0.0	0.0	0.0	0.0	0.0	0.0
nitrous	0.0	1.0	0.0	0.0	0.0	0.0	0.0	0.0	0.0	0.0
kindling	0.0	0.0	0.0	0.0	0.0	1.0	0.0	0.0	0.0	0.0
detectability	0.0	0.0	0.0	0.5	0.0	0.5	0.0	0.0	0.0	0.0
trapum	1.0	0.0	0.0	0.0	0.0	0.0	0.0	0.0	0.0	0.0
redback	1.0	0.0	0.0	0.0	0.0	0.0	0.0	0.0	0.0	0.0
psrj	1.0	0.0	0.0	0.0	0.0	0.0	0.0	0.0	0.0	0.0
rnacatalyzed	0.0	0.0	0.0	1.0	0.0	0.0	0.0	0.0	0.0	0.0
catalytic	0.0	0.0	0.0	1.0	0.0	0.0	0.0	0.0	0.0	0.0
crystals	0.0	0.0	0.0	1.0	0.0	0.0	0.0	0.0	0.0	0.0
reflectedlight	0.5	0.0	0.0	0.5	0.0	0.0	0.0	0.0	0.0	0.0
could	0.0	0.0	1.0	0.0	0.0	0.0	0.0	0.0	0.0	0.0
wake	0.0	0.0	1.0	0.0	0.0	0.0	0.0	0.0	0.0	0.0
thirdorder	0.0	0.0	0.0	1.0	0.0	0.0	0.0	0.0	0.0	0.0
seu	0.0	0.0	0.0	1.0	0.0	0.0	0.0	0.0	0.0	0.0
sige	0.0	0.0	0.0	1.0	0.0	0.0	0.0	0.0	0.0	0.0
lna	0.0	0.0	0.0	1.0	0.0	0.0	0.0	0.0	0.0	0.0
slowtoalfvn	1.0	0.0	0.0	0.0	0.0	0.0	0.0	0.0	0.0	0.0
poletopole	0.0	0.0	0.0	1.0	0.0	0.0	0.0	0.0	0.0	0.0
twist	1.0	0.0	0.0	0.0	0.0	0.0	0.0	0.0	0.0	0.0
fr	1.0	0.0	0.0	0.0	0.0	0.0	0.0	0.0	0.0	0.0
zeroangularmomentum	1.0	0.0	0.0	0.0	0.0	0.0	0.0	0.0	0.0	0.0
f	0.0	0.0	1.0	0.0	0.0	0.0	0.0	0.0	0.0	0.0
punch	0.0	0.0	1.0	0.0	0.0	0.0	0.0	0.0	0.0	0.0
associations	0.0	0.5	0.0	0.5	0.0	0.0	0.0	0.0	0.0	0.0
cometary	0.0	0.0	0.0	1.0	0.0	0.0	0.0	0.0	0.0	0.0
synthesizing	0.0	0.0	0.0	1.0	0.0	0.0	0.0	0.0	0.0	0.0
rosetta	0.0	0.0	0.0	1.0	0.0	0.0	0.0	0.0	0.0	0.0
restratification	0.0	1.0	0.0	0.0	0.0	0.0	0.0	0.0	0.0	0.0
polynyas	0.0	1.0	0.0	0.0	0.0	0.0	0.0	0.0	0.0	0.0
cgolsvdiskwide	1.0	0.0	0.0	0.0	0.0	0.0	0.0	0.0	0.0	0.0
cholla	1.0	0.0	0.0	0.0	0.0	0.0	0.0	0.0	0.0	0.0
nulling	1.0	0.0	0.0	0.0	0.0	0.0	0.0	0.0	0.0	0.0
hip	1.0	0.0	0.0	0.0	0.0	0.0	0.0	0.0	0.0	0.0
particulates	0.0	1.0	0.0	0.0	0.0	0.0	0.0	0.0	0.0	0.0
calculating	0.0	0.5	0.5	0.0	0.0	0.0	0.0	0.0	0.0	0.0
kd	0.0	1.0	0.0	0.0	0.0	0.0	0.0	0.0	0.0	0.0
spacebased	0.0	1.0	0.0	0.0	0.0	0.0	0.0	0.0	0.0	0.0
stabilizes	0.0	1.0	0.0	0.0	0.0	0.0	0.0	0.0	0.0	0.0
mussel	0.0	1.0	0.0	0.0	0.0	0.0	0.0	0.0	0.0	0.0
supersonic	0.0	0.0	0.0	0.0	0.0	1.0	0.0	0.0	0.0	0.0
parachute	0.0	0.0	0.0	0.0	0.0	1.0	0.0	0.0	0.0	0.0
inflation	0.0	0.0	0.0	0.0	0.0	1.0	0.0	0.0	0.0	0.0
injury	0.0	0.0	0.0	0.0	0.0	0.0	0.0	1.0	0.0	0.0
vehicle	0.0	0.5	0.0	0.0	0.0	0.0	0.0	0.5	0.0	0.0
ltv	0.0	0.0	0.0	0.0	0.0	0.0	0.0	1.0	0.0	0.0
extravehicular	0.0	0.0	0.0	0.0	0.0	0.0	0.0	1.0	0.0	0.0
evas	0.0	0.0	0.0	0.0	0.0	0.0	0.0	1.0	0.0	0.0
overlapping	0.0	1.0	0.0	0.0	0.0	0.0	0.0	0.0	0.0	0.0
extractive	0.0	1.0	0.0	0.0	0.0	0.0	0.0	0.0	0.0	0.0
rights	0.0	1.0	0.0	0.0	0.0	0.0	0.0	0.0	0.0	0.0
deforestation	0.0	1.0	0.0	0.0	0.0	0.0	0.0	0.0	0.0	0.0
degradation	0.0	0.5	0.0	0.0	0.0	0.5	0.0	0.0	0.0	0.0
managed	0.0	1.0	0.0	0.0	0.0	0.0	0.0	0.0	0.0	0.0
quasi	0.0	0.0	1.0	0.0	0.0	0.0	0.0	0.0	0.0	0.0
xvii	1.0	0.0	0.0	0.0	0.0	0.0	0.0	0.0	0.0	0.0
highmultiplicity	1.0	0.0	0.0	0.0	0.0	0.0	0.0	0.0	0.0	0.0
income	0.0	1.0	0.0	0.0	0.0	0.0	0.0	0.0	0.0	0.0
race	0.0	1.0	0.0	0.0	0.0	0.0	0.0	0.0	0.0	0.0
disparities	0.0	1.0	0.0	0.0	0.0	0.0	0.0	0.0	0.0	0.0
evacuation	0.0	1.0	0.0	0.0	0.0	0.0	0.0	0.0	0.0	0.0
contingent	0.0	0.5	0.0	0.0	0.0	0.0	0.0	0.5	0.0	0.0
upon	0.25	0.75	0.0	0.0	0.0	0.0	0.0	0.0	0.0	0.0
highaltitude	0.0	0.0	0.3333333333333333	0.0	0.3333333333333333	0.3333333333333333	0.0	0.0	0.0	0.0
balloonlaunched	0.0	0.0	0.0	0.0	0.0	1.0	0.0	0.0	0.0	0.0
uncrewed	0.0	0.0	0.0	0.0	0.0	1.0	0.0	0.0	0.0	0.0
qualitative	0.0	0.0	0.0	0.0	0.0	1.0	0.0	0.0	0.0	0.0
infrasound	0.0	0.5	0.0	0.0	0.0	0.5	0.0	0.0	0.0	0.0
microphone	0.0	0.0	0.0	0.0	0.0	1.0	0.0	0.0	0.0	0.0
boreal	0.0	1.0	0.0	0.0	0.0	0.0	0.0	0.0	0.0	0.0
additively	0.0	0.0	1.0	0.0	0.0	0.0	0.0	0.0	0.0	0.0
plastic	0.0	0.0	0.5	0.5	0.0	0.0	0.0	0.0	0.0	0.0
nama	0.0	1.0	0.0	0.0	0.0	0.0	0.0	0.0	0.0	0.0
integrator	0.0	1.0	0.0	0.0	0.0	0.0	0.0	0.0	0.0	0.0
quantify	0.0	1.0	0.0	0.0	0.0	0.0	0.0	0.0	0.0	0.0
severe	0.0	0.6666666666666666	0.3333333333333333	0.0	0.0	0.0	0.0	0.0	0.0	0.0
radiance	0.0	1.0	0.0	0.0	0.0	0.0	0.0	0.0	0.0	0.0
derecho	0.0	1.0	0.0	0.0	0.0	0.0	0.0	0.0	0.0	0.0
stepselection	0.0	1.0	0.0	0.0	0.0	0.0	0.0	0.0	0.0	0.0
uses	1.0	0.0	0.0	0.0	0.0	0.0	0.0	0.0	0.0	0.0
radialvelocity	0.5	0.0	0.5	0.0	0.0	0.0	0.0	0.0	0.0	0.0
cmlstm	1.0	0.0	0.0	0.0	0.0	0.0	0.0	0.0	0.0	0.0
memorybased	1.0	0.0	0.0	0.0	0.0	0.0	0.0	0.0	0.0	0.0
emulator	1.0	0.0	0.0	0.0	0.0	0.0	0.0	0.0	0.0	0.0
ontogenetic	0.0	1.0	0.0	0.0	0.0	0.0	0.0	0.0	0.0	0.0
stages	0.0	1.0	0.0	0.0	0.0	0.0	0.0	0.0	0.0	0.0
mangrove	0.0	1.0	0.0	0.0	0.0	0.0	0.0	0.0	0.0	0.0
restoration	0.0	1.0	0.0	0.0	0.0	0.0	0.0	0.0	0.0	0.0
vesicles	0.5	0.0	0.0	0.5	0.0	0.0	0.0	0.0	0.0	0.0
peptides	1.0	0.0	0.0	0.0	0.0	0.0	0.0	0.0	0.0	0.0
chirality	0.5	0.5	0.0	0.0	0.0	0.0	0.0	0.0	0.0	0.0
protocellassociated	1.0	0.0	0.0	0.0	0.0	0.0	0.0	0.0	0.0	0.0
confirmation	1.0	0.0	0.0	0.0	0.0	0.0	0.0	0.0	0.0	0.0
protonband	0.0	0.0	1.0	0.0	0.0	0.0	0.0	0.0	0.0	0.0
wavevector	0.0	0.0	1.0	0.0	0.0	0.0	0.0	0.0	0.0	0.0
followup	0.0	0.0	0.0	1.0	0.0	0.0	0.0	0.0	0.0	0.0
kicks	0.0	0.0	0.0	1.0	0.0	0.0	0.0	0.0	0.0	0.0
arar	0.0	0.0	0.0	1.0	0.0	0.0	0.0	0.0	0.0	0.0
antiquity	0.0	0.0	0.0	1.0	0.0	0.0	0.0	0.0	0.0	0.0
paleomagnetosphere	0.0	0.0	0.0	1.0	0.0	0.0	0.0	0.0	0.0	0.0
interferometric	0.0	1.0	0.0	0.0	0.0	0.0	0.0	0.0	0.0	0.0
freeflow	0.0	0.0	0.0	0.0	0.0	1.0	0.0	0.0	0.0	0.0
dielectrophoretic	0.0	0.0	0.0	0.0	0.0	1.0	0.0	0.0	0.0	0.0
micronscale	0.0	0.0	0.0	0.0	0.0	1.0	0.0	0.0	0.0	0.0
nonuniform	0.0	0.0	0.0	0.0	0.0	1.0	0.0	0.0	0.0	0.0
porescalegenerated	0.0	0.0	0.0	0.0	0.0	1.0	0.0	0.0	0.0	0.0
paperbased	0.0	0.0	0.0	0.0	0.0	1.0	0.0	0.0	0.0	0.0
nircammiri	1.0	0.0	0.0	0.0	0.0	0.0	0.0	0.0	0.0	0.0
patterns	0.0	0.3333333333333333	0.6666666666666666	0.0	0.0	0.0	0.0	0.0	0.0	0.0
highmass	1.0	0.0	0.0	0.0	0.0	0.0	0.0	0.0	0.0	0.0
counterparts	1.0	0.0	0.0	0.0	0.0	0.0	0.0	0.0	0.0	0.0
lisa	1.0	0.0	0.0	0.0	0.0	0.0	0.0	0.0	0.0	0.0
archival	1.0	0.0	0.0	0.0	0.0	0.0	0.0	0.0	0.0	0.0
lsst	1.0	0.0	0.0	0.0	0.0	0.0	0.0	0.0	0.0	0.0
alter	0.0	1.0	0.0	0.0	0.0	0.0	0.0	0.0	0.0	0.0
cmip	0.0	1.0	0.0	0.0	0.0	0.0	0.0	0.0	0.0	0.0
generations	0.0	1.0	0.0	0.0	0.0	0.0	0.0	0.0	0.0	0.0
newly	0.3333333333333333	0.3333333333333333	0.0	0.3333333333333333	0.0	0.0	0.0	0.0	0.0	0.0
earthmoon	0.0	0.0	0.0	1.0	0.0	0.0	0.0	0.0	0.0	0.0
switchbackrelated	0.0	0.0	1.0	0.0	0.0	0.0	0.0	0.0	0.0	0.0
dips	0.0	0.0	1.0	0.0	0.0	0.0	0.0	0.0	0.0	0.0
experiment	0.42857142857142855	0.14285714285714285	0.14285714285714285	0.0	0.0	0.2857142857142857	0.0	0.0	0.0	0.0
selforganizingmaps	1.0	0.0	0.0	0.0	0.0	0.0	0.0	0.0	0.0	0.0
subduction	0.0	1.0	0.0	0.0	0.0	0.0	0.0	0.0	0.0	0.0
modulates	0.0	1.0	0.0	0.0	0.0	0.0	0.0	0.0	0.0	0.0
megathrust	0.0	1.0	0.0	0.0	0.0	0.0	0.0	0.0	0.0	0.0
magnitude	0.0	1.0	0.0	0.0	0.0	0.0	0.0	0.0	0.0	0.0
recurrence	0.0	1.0	0.0	0.0	0.0	0.0	0.0	0.0	0.0	0.0
gene	0.0	0.0	0.0	0.5	0.0	0.0	0.5	0.0	0.0	0.0
insulin	0.0	0.0	0.0	0.0	0.0	0.0	1.0	0.0	0.0	0.0
estrogen	0.0	0.0	0.0	0.0	0.0	0.0	1.0	0.0	0.0	0.0
extension	0.0	0.0	0.0	0.0	0.0	0.0	0.0	0.0	1.0	0.0
axial	0.0	0.0	1.0	0.0	0.0	0.0	0.0	0.0	0.0	0.0
attack	0.0	0.0	0.0	0.0	0.0	0.0	0.0	0.0	1.0	0.0
laboratorygenerated	0.0	0.0	1.0	0.0	0.0	0.0	0.0	0.0	0.0	0.0
isolation	0.0	0.0	0.0	0.0	0.0	1.0	0.0	0.0	0.0	0.0
ihalomonasi	0.0	0.0	0.0	0.0	0.0	1.0	0.0	0.0	0.0	0.0
nonaxenic	0.0	0.0	0.0	0.0	0.0	1.0	0.0	0.0	0.0	0.0
growthassociated	0.0	0.0	0.0	0.0	0.0	1.0	0.0	0.0	0.0	0.0
biopolyesters	0.0	0.0	0.0	0.0	0.0	1.0	0.0	0.0	0.0	0.0
feedstocks	0.0	0.0	0.0	0.0	0.0	1.0	0.0	0.0	0.0	0.0
op	0.0	0.0	0.0	0.0	0.0	1.0	0.0	0.0	0.0	0.0
cnx	0.0	0.0	0.0	0.0	0.0	1.0	0.0	0.0	0.0	0.0
cox	0.0	0.0	0.0	0.0	0.0	1.0	0.0	0.0	0.0	0.0
ndns	0.0	0.0	0.0	0.0	0.0	1.0	0.0	0.0	0.0	0.0
reactions	0.0	0.0	0.0	0.0	0.0	1.0	0.0	0.0	0.0	0.0
mountain	0.0	1.0	0.0	0.0	0.0	0.0	0.0	0.0	0.0	0.0
customized	0.0	1.0	0.0	0.0	0.0	0.0	0.0	0.0	0.0	0.0
altimetry	0.0	1.0	0.0	0.0	0.0	0.0	0.0	0.0	0.0	0.0
meanderbend	0.0	1.0	0.0	0.0	0.0	0.0	0.0	0.0	0.0	0.0
captured	0.0	1.0	0.0	0.0	0.0	0.0	0.0	0.0	0.0	0.0
dronebased	0.0	1.0	0.0	0.0	0.0	0.0	0.0	0.0	0.0	0.0
lack	0.0	1.0	0.0	0.0	0.0	0.0	0.0	0.0	0.0	0.0
maintenance	0.0	1.0	0.0	0.0	0.0	0.0	0.0	0.0	0.0	0.0
indiana	0.0	1.0	0.0	0.0	0.0	0.0	0.0	0.0	0.0	0.0
nanoantennabased	0.0	0.0	1.0	0.0	0.0	0.0	0.0	0.0	0.0	0.0
genetic	0.0	0.0	0.0	0.5	0.0	0.5	0.0	0.0	0.0	0.0
scpiiifscp	0.0	0.0	0.0	1.0	0.0	0.0	0.0	0.0	0.0	0.0
fitzwater	0.0	0.0	0.0	1.0	0.0	0.0	0.0	0.0	0.0	0.0
pass	0.0	0.0	0.0	1.0	0.0	0.0	0.0	0.0	0.0	0.0
zinder	0.0	0.0	0.0	1.0	0.0	0.0	0.0	0.0	0.0	0.0
pallasite	0.0	0.0	0.0	1.0	0.0	0.0	0.0	0.0	0.0	0.0
hit	0.0	1.0	0.0	0.0	0.0	0.0	0.0	0.0	0.0	0.0
miss	0.0	1.0	0.0	0.0	0.0	0.0	0.0	0.0	0.0	0.0
weekly	0.0	1.0	0.0	0.0	0.0	0.0	0.0	0.0	0.0	0.0
breeding	0.0	1.0	0.0	0.0	0.0	0.0	0.0	0.0	0.0	0.0
phenology	0.0	1.0	0.0	0.0	0.0	0.0	0.0	0.0	0.0	0.0
outpace	0.0	1.0	0.0	0.0	0.0	0.0	0.0	0.0	0.0	0.0
latitudinal	0.0	1.0	0.0	0.0	0.0	0.0	0.0	0.0	0.0	0.0
elevational	0.0	1.0	0.0	0.0	0.0	0.0	0.0	0.0	0.0	0.0
birds	0.5	0.5	0.0	0.0	0.0	0.0	0.0	0.0	0.0	0.0
guaranteed	0.0	0.0	0.0	0.5	0.0	0.0	0.0	0.0	0.5	0.0
reachable	0.0	0.0	0.0	1.0	0.0	0.0	0.0	0.0	0.0	0.0
approximation	0.0	0.0	0.0	1.0	0.0	0.0	0.0	0.0	0.0	0.0
changed	0.0	0.0	0.0	1.0	0.0	0.0	0.0	0.0	0.0	0.0
authority	0.0	0.0	0.0	1.0	0.0	0.0	0.0	0.0	0.0	0.0
reaction	0.0	1.0	0.0	0.0	0.0	0.0	0.0	0.0	0.0	0.0
hosubsub	0.0	0.5	0.5	0.0	0.0	0.0	0.0	0.0	0.0	0.0
hsubsubo	0.5	0.5	0.0	0.0	0.0	0.0	0.0	0.0	0.0	0.0
nonclassical	0.0	1.0	0.0	0.0	0.0	0.0	0.0	0.0	0.0	0.0
subiceshelf	0.0	1.0	0.0	0.0	0.0	0.0	0.0	0.0	0.0	0.0
channels	0.0	0.5	0.0	0.5	0.0	0.0	0.0	0.0	0.0	0.0
oceandriven	0.0	1.0	0.0	0.0	0.0	0.0	0.0	0.0	0.0	0.0
subgridscale	0.0	0.0	0.0	0.0	0.0	0.0	0.0	0.0	1.0	0.0
decaying	0.0	0.0	0.0	0.0	0.0	0.0	0.0	0.0	1.0	0.0
stratified	0.0	0.0	0.0	0.0	0.0	0.0	0.0	0.0	1.0	0.0
attractive	1.0	0.0	0.0	0.0	0.0	0.0	0.0	0.0	0.0	0.0
fuzzy	1.0	0.0	0.0	0.0	0.0	0.0	0.0	0.0	0.0	0.0
selfinteractions	1.0	0.0	0.0	0.0	0.0	0.0	0.0	0.0	0.0	0.0
spatiotemporally	0.0	1.0	0.0	0.0	0.0	0.0	0.0	0.0	0.0	0.0
detailed	0.0	0.8	0.0	0.2	0.0	0.0	0.0	0.0	0.0	0.0
benefits	0.0	0.6666666666666666	0.0	0.0	0.0	0.3333333333333333	0.0	0.0	0.0	0.0
emissionspart	0.0	1.0	0.0	0.0	0.0	0.0	0.0	0.0	0.0	0.0
assumptions	0.0	0.5	0.5	0.0	0.0	0.0	0.0	0.0	0.0	0.0
lonestar	0.0	0.0	0.0	0.0	0.0	1.0	0.0	0.0	0.0	0.0
flashlight	0.0	0.0	0.0	0.0	0.0	1.0	0.0	0.0	0.0	0.0
preventing	0.0	1.0	0.0	0.0	0.0	0.0	0.0	0.0	0.0	0.0
zoonosis	0.0	1.0	0.0	0.0	0.0	0.0	0.0	0.0	0.0	0.0
mutations	0.0	0.5	0.0	0.0	0.0	0.0	0.0	0.5	0.0	0.0
enhance	0.0	1.0	0.0	0.0	0.0	0.0	0.0	0.0	0.0	0.0
humananimal	0.0	1.0	0.0	0.0	0.0	0.0	0.0	0.0	0.0	0.0
crosstransmission	0.0	1.0	0.0	0.0	0.0	0.0	0.0	0.0	0.0	0.0
requirements	0.0	0.0	0.0	0.0	0.0	0.0	0.0	1.0	0.0	0.0
objectives	0.0	0.0	0.0	0.0	0.0	0.0	0.0	1.0	0.0	0.0
neither	0.0	0.0	0.0	0.0	0.0	0.0	0.0	1.0	0.0	0.0
formulate	0.0	0.0	0.0	0.0	0.0	0.0	0.0	1.0	0.0	0.0
innovation	0.0	0.0	0.0	0.0	0.0	0.0	0.0	1.0	0.0	0.0
contests	0.0	0.0	0.0	0.0	0.0	0.0	0.0	1.0	0.0	0.0
cartography	1.0	0.0	0.0	0.0	0.0	0.0	0.0	0.0	0.0	0.0
sagittarius	1.0	0.0	0.0	0.0	0.0	0.0	0.0	0.0	0.0	0.0
stream	0.6666666666666666	0.0	0.3333333333333333	0.0	0.0	0.0	0.0	0.0	0.0	0.0
transits	1.0	0.0	0.0	0.0	0.0	0.0	0.0	0.0	0.0	0.0
cataract	0.0	0.0	0.0	0.0	0.0	0.0	0.0	1.0	0.0	0.0
stock	0.0	0.0	0.0	0.0	0.0	0.0	0.0	1.0	0.0	0.0
ray	0.6666666666666666	0.0	0.0	0.0	0.0	0.0	0.0	0.3333333333333333	0.0	0.0
hze	0.0	0.0	0.0	0.0	0.0	0.0	0.0	1.0	0.0	0.0
thermococcus	0.0	0.0	0.0	1.0	0.0	0.0	0.0	0.0	0.0	0.0
kodakarensis	0.0	0.0	0.0	1.0	0.0	0.0	0.0	0.0	0.0	0.0
tk	0.0	0.0	0.0	1.0	0.0	0.0	0.0	0.0	0.0	0.0
ap	0.0	0.0	0.0	1.0	0.0	0.0	0.0	0.0	0.0	0.0
lyase	0.0	0.0	0.0	1.0	0.0	0.0	0.0	0.0	0.0	0.0
fold	0.0	0.0	0.0	1.0	0.0	0.0	0.0	0.0	0.0	0.0
osupsup	0.0	0.0	1.0	0.0	0.0	0.0	0.0	0.0	0.0	0.0
conics	0.0	0.0	1.0	0.0	0.0	0.0	0.0	0.0	0.0	0.0
cloak	0.0	0.0	1.0	0.0	0.0	0.0	0.0	0.0	0.0	0.0
msl	0.0	0.0	0.0	1.0	0.0	0.0	0.0	0.0	0.0	0.0
sam	0.0	0.0	0.0	1.0	0.0	0.0	0.0	0.0	0.0	0.0
dragons	1.0	0.0	0.0	0.0	0.0	0.0	0.0	0.0	0.0	0.0
many	0.5	0.0	0.0	0.5	0.0	0.0	0.0	0.0	0.0	0.0
colours	1.0	0.0	0.0	0.0	0.0	0.0	0.0	0.0	0.0	0.0
cr	1.0	0.0	0.0	0.0	0.0	0.0	0.0	0.0	0.0	0.0
draconis	1.0	0.0	0.0	0.0	0.0	0.0	0.0	0.0	0.0	0.0
gong	0.0	0.0	1.0	0.0	0.0	0.0	0.0	0.0	0.0	0.0
magnetograms	0.0	0.0	1.0	0.0	0.0	0.0	0.0	0.0	0.0	0.0
last	0.0	0.0	1.0	0.0	0.0	0.0	0.0	0.0	0.0	0.0
riverine	0.0	1.0	0.0	0.0	0.0	0.0	0.0	0.0	0.0	0.0
suspended	0.0	1.0	0.0	0.0	0.0	0.0	0.0	0.0	0.0	0.0
solids	0.0	1.0	0.0	0.0	0.0	0.0	0.0	0.0	0.0	0.0
decouple	0.0	1.0	0.0	0.0	0.0	0.0	0.0	0.0	0.0	0.0
digitized	0.0	1.0	0.0	0.0	0.0	0.0	0.0	0.0	0.0	0.0
icepenetrating	0.0	1.0	0.0	0.0	0.0	0.0	0.0	0.0	0.0	0.0
acquired	0.0	1.0	0.0	0.0	0.0	0.0	0.0	0.0	0.0	0.0
mergerdriven	1.0	0.0	0.0	0.0	0.0	0.0	0.0	0.0	0.0	0.0
icm	1.0	0.0	0.0	0.0	0.0	0.0	0.0	0.0	0.0	0.0
practical	0.0	0.6666666666666666	0.3333333333333333	0.0	0.0	0.0	0.0	0.0	0.0	0.0
towards	0.0	0.6	0.4	0.0	0.0	0.0	0.0	0.0	0.0	0.0
equity	0.0	0.0	1.0	0.0	0.0	0.0	0.0	0.0	0.0	0.0
buildings	0.0	1.0	0.0	0.0	0.0	0.0	0.0	0.0	0.0	0.0
hitab	0.0	1.0	0.0	0.0	0.0	0.0	0.0	0.0	0.0	0.0
chicago	0.0	1.0	0.0	0.0	0.0	0.0	0.0	0.0	0.0	0.0
shortorbit	0.0	0.0	1.0	0.0	0.0	0.0	0.0	0.0	0.0	0.0
movingpuncture	1.0	0.0	0.0	0.0	0.0	0.0	0.0	0.0	0.0	0.0
magnetorotational	1.0	0.0	0.0	0.0	0.0	0.0	0.0	0.0	0.0	0.0
steadystate	1.0	0.0	0.0	0.0	0.0	0.0	0.0	0.0	0.0	0.0
flash	0.0	0.0	0.0	0.0	0.0	1.0	0.0	0.0	0.0	0.0
nickel	0.0	0.0	0.0	0.0	0.0	1.0	0.0	0.0	0.0	0.0
ltmin	0.0	0.0	0.0	0.0	0.0	1.0	0.0	0.0	0.0	0.0
nearfar	1.0	0.0	0.0	0.0	0.0	0.0	0.0	0.0	0.0	0.0
protolocal	1.0	0.0	0.0	0.0	0.0	0.0	0.0	0.0	0.0	0.0
presentday	0.6666666666666666	0.3333333333333333	0.0	0.0	0.0	0.0	0.0	0.0	0.0	0.0
stellarbh	1.0	0.0	0.0	0.0	0.0	0.0	0.0	0.0	0.0	0.0
silicate	0.0	0.0	0.0	1.0	0.0	0.0	0.0	0.0	0.0	0.0
mineralmelt	0.0	0.0	0.0	1.0	0.0	0.0	0.0	0.0	0.0	0.0
plankton	0.0	1.0	0.0	0.0	0.0	0.0	0.0	0.0	0.0	0.0
pace	0.0	1.0	0.0	0.0	0.0	0.0	0.0	0.0	0.0	0.0
bands	0.0	1.0	0.0	0.0	0.0	0.0	0.0	0.0	0.0	0.0
determining	0.0	0.3333333333333333	0.6666666666666666	0.0	0.0	0.0	0.0	0.0	0.0	0.0
maskenabled	0.0	0.0	0.0	0.0	0.0	1.0	0.0	0.0	0.0	0.0
topography	0.0	0.0	0.0	0.0	0.0	1.0	0.0	0.0	0.0	0.0
selfcalibration	0.0	0.0	0.0	0.0	0.0	1.0	0.0	0.0	0.0	0.0
cabledriven	0.0	0.0	0.0	0.0	0.0	1.0	0.0	0.0	0.0	0.0
robots	0.0	0.0	0.0	0.0	0.0	1.0	0.0	0.0	0.0	0.0
covariancebased	0.0	0.0	0.0	0.0	0.0	1.0	0.0	0.0	0.0	0.0
upstream	0.0	0.0	0.0	0.0	0.0	0.0	1.0	0.0	0.0	0.0
electrohydrodynamic	0.0	0.0	0.0	0.0	0.0	0.6666666666666666	0.3333333333333333	0.0	0.0	0.0
microchannel	0.0	0.0	0.0	0.0	0.0	0.0	1.0	0.0	0.0	0.0
evaporators	0.0	0.0	0.0	0.0	0.0	0.0	1.0	0.0	0.0	0.0
snoopi	0.0	1.0	0.0	0.0	0.0	0.0	0.0	0.0	0.0	0.0
soop	0.0	1.0	0.0	0.0	0.0	0.0	0.0	0.0	0.0	0.0
intermittency	1.0	0.0	0.0	0.0	0.0	0.0	0.0	0.0	0.0	0.0
arising	1.0	0.0	0.0	0.0	0.0	0.0	0.0	0.0	0.0	0.0
wet	0.0	1.0	0.0	0.0	0.0	0.0	0.0	0.0	0.0	0.0
scavenging	0.0	1.0	0.0	0.0	0.0	0.0	0.0	0.0	0.0	0.0
longrange	0.5	0.5	0.0	0.0	0.0	0.0	0.0	0.0	0.0	0.0
nanotube	0.0	0.0	0.0	0.0	0.0	1.0	0.0	0.0	0.0	0.0
frequencydispersed	0.0	0.0	1.0	0.0	0.0	0.0	0.0	0.0	0.0	0.0
nearsun	0.0	0.0	1.0	0.0	0.0	0.0	0.0	0.0	0.0	0.0
beams	0.0	0.0	0.5	0.5	0.0	0.0	0.0	0.0	0.0	0.0
innovative	0.0	1.0	0.0	0.0	0.0	0.0	0.0	0.0	0.0	0.0
damping	0.0	0.0	1.0	0.0	0.0	0.0	0.0	0.0	0.0	0.0
access	0.0	0.0	0.0	1.0	0.0	0.0	0.0	0.0	0.0	0.0
shadowing	0.0	0.0	0.0	1.0	0.0	0.0	0.0	0.0	0.0	0.0
timevarying	0.0	0.0	0.0	1.0	0.0	0.0	0.0	0.0	0.0	0.0
ignition	0.0	0.0	0.0	0.5	0.0	0.5	0.0	0.0	0.0	0.0
dormant	0.0	0.0	0.0	1.0	0.0	0.0	0.0	0.0	0.0	0.0
atbcc	0.0	0.0	0.0	1.0	0.0	0.0	0.0	0.0	0.0	0.0
february	0.0	0.0	1.0	0.0	0.0	0.0	0.0	0.0	0.0	0.0
k	1.0	0.0	0.0	0.0	0.0	0.0	0.0	0.0	0.0	0.0
calm	1.0	0.0	0.0	0.0	0.0	0.0	0.0	0.0	0.0	0.0
electrocatalytic	0.0	0.0	0.0	0.0	0.0	1.0	0.0	0.0	0.0	0.0
energyefficient	0.0	0.0	0.0	0.0	0.0	1.0	0.0	0.0	0.0	0.0
ammonia	0.0	0.0	0.0	0.0	0.0	1.0	0.0	0.0	0.0	0.0
records	0.0	1.0	0.0	0.0	0.0	0.0	0.0	0.0	0.0	0.0
autorift	0.0	1.0	0.0	0.0	0.0	0.0	0.0	0.0	0.0	0.0
cautorift	0.0	1.0	0.0	0.0	0.0	0.0	0.0	0.0	0.0	0.0
applied	0.0	1.0	0.0	0.0	0.0	0.0	0.0	0.0	0.0	0.0
planetscope	0.0	1.0	0.0	0.0	0.0	0.0	0.0	0.0	0.0	0.0
ztf	0.0	0.0	0.0	1.0	0.0	0.0	0.0	0.0	0.0	0.0
expanding	1.0	0.0	0.0	0.0	0.0	0.0	0.0	0.0	0.0	0.0
frontiers	1.0	0.0	0.0	0.0	0.0	0.0	0.0	0.0	0.0	0.0
cooldwarf	1.0	0.0	0.0	0.0	0.0	0.0	0.0	0.0	0.0	0.0
espresso	1.0	0.0	0.0	0.0	0.0	0.0	0.0	0.0	0.0	0.0
highlatitudes	0.0	1.0	0.0	0.0	0.0	0.0	0.0	0.0	0.0	0.0
oscpiiiscp	1.0	0.0	0.0	0.0	0.0	0.0	0.0	0.0	0.0	0.0
gammarayfaint	1.0	0.0	0.0	0.0	0.0	0.0	0.0	0.0	0.0	0.0
accretionpowered	1.0	0.0	0.0	0.0	0.0	0.0	0.0	0.0	0.0	0.0
hypernebulae	1.0	0.0	0.0	0.0	0.0	0.0	0.0	0.0	0.0	0.0
stirring	0.0	1.0	0.0	0.0	0.0	0.0	0.0	0.0	0.0	0.0
implementing	0.0	1.0	0.0	0.0	0.0	0.0	0.0	0.0	0.0	0.0
incomplete	0.0	1.0	0.0	0.0	0.0	0.0	0.0	0.0	0.0	0.0
offshore	0.0	1.0	0.0	0.0	0.0	0.0	0.0	0.0	0.0	0.0
veryhighfrequency	0.0	0.0	0.0	1.0	0.0	0.0	0.0	0.0	0.0	0.0
marsquakes	0.0	0.0	0.0	1.0	0.0	0.0	0.0	0.0	0.0	0.0
gt	1.0	0.0	0.0	0.0	0.0	0.0	0.0	0.0	0.0	0.0
seals	0.0	1.0	0.0	0.0	0.0	0.0	0.0	0.0	0.0	0.0
posttranscriptional	0.0	0.0	0.0	1.0	0.0	0.0	0.0	0.0	0.0	0.0
capping	0.0	0.0	0.0	1.0	0.0	0.0	0.0	0.0	0.0	0.0
generates	0.0	0.0	0.0	1.0	0.0	0.0	0.0	0.0	0.0	0.0
coenzyme	0.0	0.0	0.0	1.0	0.0	0.0	0.0	0.0	0.0	0.0
alinked	0.0	0.0	0.0	1.0	0.0	0.0	0.0	0.0	0.0	0.0
evolutionary	0.0	0.0	0.5	0.5	0.0	0.0	0.0	0.0	0.0	0.0
counterhelical	0.0	0.0	1.0	0.0	0.0	0.0	0.0	0.0	0.0	0.0
explore	0.0	0.5	0.5	0.0	0.0	0.0	0.0	0.0	0.0	0.0
posttropical	0.0	1.0	0.0	0.0	0.0	0.0	0.0	0.0	0.0	0.0
trappiste	0.0	0.0	0.0	1.0	0.0	0.0	0.0	0.0	0.0	0.0
ch	0.0	0.0	0.0	1.0	0.0	0.0	0.0	0.0	0.0	0.0
haze	0.0	0.0	0.0	1.0	0.0	0.0	0.0	0.0	0.0	0.0
innermost	1.0	0.0	0.0	0.0	0.0	0.0	0.0	0.0	0.0	0.0
dissimilarity	0.0	1.0	0.0	0.0	0.0	0.0	0.0	0.0	0.0	0.0
matters	0.0	1.0	0.0	0.0	0.0	0.0	0.0	0.0	0.0	0.0
insertion	0.0	1.0	0.0	0.0	0.0	0.0	0.0	0.0	0.0	0.0
smap	0.0	1.0	0.0	0.0	0.0	0.0	0.0	0.0	0.0	0.0
nonrepeating	1.0	0.0	0.0	0.0	0.0	0.0	0.0	0.0	0.0	0.0
chimefrb	1.0	0.0	0.0	0.0	0.0	0.0	0.0	0.0	0.0	0.0
baseband	1.0	0.0	0.0	0.0	0.0	0.0	0.0	0.0	0.0	0.0
kinematic	1.0	0.0	0.0	0.0	0.0	0.0	0.0	0.0	0.0	0.0
puzzle	1.0	0.0	0.0	0.0	0.0	0.0	0.0	0.0	0.0	0.0
unravels	1.0	0.0	0.0	0.0	0.0	0.0	0.0	0.0	0.0	0.0
intrasample	0.0	0.0	0.0	1.0	0.0	0.0	0.0	0.0	0.0	0.0
osmium	0.0	0.0	0.0	1.0	0.0	0.0	0.0	0.0	0.0	0.0
isotope	0.0	0.0	0.0	1.0	0.0	0.0	0.0	0.0	0.0	0.0
disequilibrium	0.0	0.0	0.0	1.0	0.0	0.0	0.0	0.0	0.0	0.0
progressive	0.0	0.0	0.0	1.0	0.0	0.0	0.0	0.0	0.0	0.0
digestion	0.0	0.0	0.0	1.0	0.0	0.0	0.0	0.0	0.0	0.0
procedure	0.0	0.0	0.0	1.0	0.0	0.0	0.0	0.0	0.0	0.0
genome	0.0	0.0	0.0	0.5	0.5	0.0	0.0	0.0	0.0	0.0
predates	0.0	0.0	0.0	1.0	0.0	0.0	0.0	0.0	0.0	0.0
symbiodiniaceae	0.0	0.0	0.0	1.0	0.0	0.0	0.0	0.0	0.0	0.0
dinoflagellates	0.0	0.0	0.0	1.0	0.0	0.0	0.0	0.0	0.0	0.0
pixel	0.0	1.0	0.0	0.0	0.0	0.0	0.0	0.0	0.0	0.0
walking	0.0	1.0	0.0	0.0	0.0	0.0	0.0	0.0	0.0	0.0
forestarctic	0.0	1.0	0.0	0.0	0.0	0.0	0.0	0.0	0.0	0.0
ecotone	0.0	1.0	0.0	0.0	0.0	0.0	0.0	0.0	0.0	0.0
groundtruthing	0.0	1.0	0.0	0.0	0.0	0.0	0.0	0.0	0.0	0.0
greenness	0.0	1.0	0.0	0.0	0.0	0.0	0.0	0.0	0.0	0.0
scpndviscp	0.0	1.0	0.0	0.0	0.0	0.0	0.0	0.0	0.0	0.0
midlatitude	0.0	0.0	1.0	0.0	0.0	0.0	0.0	0.0	0.0	0.0
bubblelike	0.0	0.0	1.0	0.0	0.0	0.0	0.0	0.0	0.0	0.0
superdepletion	0.0	0.0	1.0	0.0	0.0	0.0	0.0	0.0	0.0	0.0
bliss	0.0	0.0	1.0	0.0	0.0	0.0	0.0	0.0	0.0	0.0
stormenhanced	0.0	0.0	1.0	0.0	0.0	0.0	0.0	0.0	0.0	0.0
wintertime	0.0	1.0	0.0	0.0	0.0	0.0	0.0	0.0	0.0	0.0
adjoint	0.0	0.25	0.0	0.0	0.0	0.0	0.0	0.0	0.75	0.0
userfriendly	0.0	1.0	0.0	0.0	0.0	0.0	0.0	0.0	0.0	0.0
platform	0.0	1.0	0.0	0.0	0.0	0.0	0.0	0.0	0.0	0.0
mobilize	0.0	1.0	0.0	0.0	0.0	0.0	0.0	0.0	0.0	0.0
satellitefield	0.0	1.0	0.0	0.0	0.0	0.0	0.0	0.0	0.0	0.0
phenological	0.0	1.0	0.0	0.0	0.0	0.0	0.0	0.0	0.0	0.0
communitylevel	0.0	1.0	0.0	0.0	0.0	0.0	0.0	0.0	0.0	0.0
examination	0.0	0.0	1.0	0.0	0.0	0.0	0.0	0.0	0.0	0.0
east	0.25	0.75	0.0	0.0	0.0	0.0	0.0	0.0	0.0	0.0
asian	0.0	1.0	0.0	0.0	0.0	0.0	0.0	0.0	0.0	0.0
monsoon	0.0	1.0	0.0	0.0	0.0	0.0	0.0	0.0	0.0	0.0
delivers	0.0	1.0	0.0	0.0	0.0	0.0	0.0	0.0	0.0	0.0
shortlived	0.0	1.0	0.0	0.0	0.0	0.0	0.0	0.0	0.0	0.0
chlorine	0.0	0.5	0.0	0.5	0.0	0.0	0.0	0.0	0.0	0.0
substances	0.0	1.0	0.0	0.0	0.0	0.0	0.0	0.0	0.0	0.0
compression	0.0	1.0	0.0	0.0	0.0	0.0	0.0	0.0	0.0	0.0
alongside	0.0	1.0	0.0	0.0	0.0	0.0	0.0	0.0	0.0	0.0
oregon	0.0	1.0	0.0	0.0	0.0	0.0	0.0	0.0	0.0	0.0
upwelling	0.0	1.0	0.0	0.0	0.0	0.0	0.0	0.0	0.0	0.0
multitier	0.0	1.0	0.0	0.0	0.0	0.0	0.0	0.0	0.0	0.0
urbanization	0.0	1.0	0.0	0.0	0.0	0.0	0.0	0.0	0.0	0.0
countries	0.0	1.0	0.0	0.0	0.0	0.0	0.0	0.0	0.0	0.0
mk	0.0	0.0	0.0	1.0	0.0	0.0	0.0	0.0	0.0	0.0
refreshing	0.0	0.0	0.0	1.0	0.0	0.0	0.0	0.0	0.0	0.0
hydrologic	0.0	1.0	0.0	0.0	0.0	0.0	0.0	0.0	0.0	0.0
retrieve	0.0	1.0	0.0	0.0	0.0	0.0	0.0	0.0	0.0	0.0
outshining	1.0	0.0	0.0	0.0	0.0	0.0	0.0	0.0	0.0	0.0
prevents	0.5	0.0	0.0	0.0	0.0	0.0	0.0	0.5	0.0	0.0
highz	1.0	0.0	0.0	0.0	0.0	0.0	0.0	0.0	0.0	0.0
hyperlocal	0.0	1.0	0.0	0.0	0.0	0.0	0.0	0.0	0.0	0.0
informatics	0.0	1.0	0.0	0.0	0.0	0.0	0.0	0.0	0.0	0.0
eclipsing	1.0	0.0	0.0	0.0	0.0	0.0	0.0	0.0	0.0	0.0
radii	0.6666666666666666	0.0	0.3333333333333333	0.0	0.0	0.0	0.0	0.0	0.0	0.0
affected	1.0	0.0	0.0	0.0	0.0	0.0	0.0	0.0	0.0	0.0
spots	1.0	0.0	0.0	0.0	0.0	0.0	0.0	0.0	0.0	0.0
third	1.0	0.0	0.0	0.0	0.0	0.0	0.0	0.0	0.0	0.0
tdcosmo	1.0	0.0	0.0	0.0	0.0	0.0	0.0	0.0	0.0	0.0
belts	0.0	0.0	0.5	0.5	0.0	0.0	0.0	0.0	0.0	0.0
slot	0.0	0.0	0.0	1.0	0.0	0.0	0.0	0.0	0.0	0.0
aienabled	0.0	1.0	0.0	0.0	0.0	0.0	0.0	0.0	0.0	0.0
pre	0.0	1.0	0.0	0.0	0.0	0.0	0.0	0.0	0.0	0.0
postwildfire	0.0	1.0	0.0	0.0	0.0	0.0	0.0	0.0	0.0	0.0
quantified	0.0	1.0	0.0	0.0	0.0	0.0	0.0	0.0	0.0	0.0
correspond	0.0	1.0	0.0	0.0	0.0	0.0	0.0	0.0	0.0	0.0
pigmentbased	0.0	1.0	0.0	0.0	0.0	0.0	0.0	0.0	0.0	0.0
turbulentlike	0.0	0.0	1.0	0.0	0.0	0.0	0.0	0.0	0.0	0.0
harris	0.0	0.0	1.0	0.0	0.0	0.0	0.0	0.0	0.0	0.0
configuration	0.0	0.0	1.0	0.0	0.0	0.0	0.0	0.0	0.0	0.0
plasmoids	0.0	0.0	1.0	0.0	0.0	0.0	0.0	0.0	0.0	0.0
plasmoid	1.0	0.0	0.0	0.0	0.0	0.0	0.0	0.0	0.0	0.0
patchy	1.0	0.0	0.0	0.0	0.0	0.0	0.0	0.0	0.0	0.0
planetarymass	1.0	0.0	0.0	0.0	0.0	0.0	0.0	0.0	0.0	0.0
simp	1.0	0.0	0.0	0.0	0.0	0.0	0.0	0.0	0.0	0.0
experimentally	0.0	0.0	0.0	0.5	0.0	0.5	0.0	0.0	0.0	0.0
prebiotically	0.0	0.0	0.0	1.0	0.0	0.0	0.0	0.0	0.0	0.0
plausible	0.5	0.0	0.0	0.5	0.0	0.0	0.0	0.0	0.0	0.0
phospholipid	0.0	0.0	0.0	1.0	0.0	0.0	0.0	0.0	0.0	0.0
greenlands	0.0	1.0	0.0	0.0	0.0	0.0	0.0	0.0	0.0	0.0
responds	0.0	1.0	0.0	0.0	0.0	0.0	0.0	0.0	0.0	0.0
bus	0.0	0.0	0.0	0.0	0.0	1.0	0.0	0.0	0.0	0.0
telescopes	0.0	0.0	0.0	0.0	0.0	1.0	0.0	0.0	0.0	0.0
pipes	0.0	0.0	0.0	0.0	0.0	1.0	0.0	0.0	0.0	0.0
roaring	1.0	0.0	0.0	0.0	0.0	0.0	0.0	0.0	0.0	0.0
softly	1.0	0.0	0.0	0.0	0.0	0.0	0.0	0.0	0.0	0.0
whispering	1.0	0.0	0.0	0.0	0.0	0.0	0.0	0.0	0.0	0.0
atcow	1.0	0.0	0.0	0.0	0.0	0.0	0.0	0.0	0.0	0.0
traps	0.0	0.0	0.0	1.0	0.0	0.0	0.0	0.0	0.0	0.0
diurnally	0.0	0.0	0.0	1.0	0.0	0.0	0.0	0.0	0.0	0.0
viii	1.0	0.0	0.0	0.0	0.0	0.0	0.0	0.0	0.0	0.0
emissionline	1.0	0.0	0.0	0.0	0.0	0.0	0.0	0.0	0.0	0.0
widefield	1.0	0.0	0.0	0.0	0.0	0.0	0.0	0.0	0.0	0.0
slitless	1.0	0.0	0.0	0.0	0.0	0.0	0.0	0.0	0.0	0.0
consumption	0.0	0.0	0.0	1.0	0.0	0.0	0.0	0.0	0.0	0.0
partiallyhydrated	0.0	0.0	0.0	1.0	0.0	0.0	0.0	0.0	0.0	0.0
peridotites	0.0	0.0	0.0	1.0	0.0	0.0	0.0	0.0	0.0	0.0
oman	0.0	0.0	0.0	1.0	0.0	0.0	0.0	0.0	0.0	0.0
geological	0.0	0.0	0.0	1.0	0.0	0.0	0.0	0.0	0.0	0.0
vehicular	0.0	0.0	0.0	0.0	0.0	0.0	0.0	0.0	1.0	0.0
rhythms	0.0	0.0	0.0	0.5	0.0	0.0	0.0	0.5	0.0	0.0
seaweed	0.0	0.0	0.0	1.0	0.0	0.0	0.0	0.0	0.0	0.0
igracilariopsis	0.0	0.0	0.0	1.0	0.0	0.0	0.0	0.0	0.0	0.0
chordai	0.0	0.0	0.0	1.0	0.0	0.0	0.0	0.0	0.0	0.0
characterized	0.0	0.0	0.0	1.0	0.0	0.0	0.0	0.0	0.0	0.0
regulatory	0.0	0.0	0.0	1.0	0.0	0.0	0.0	0.0	0.0	0.0
metabolism	0.0	0.0	0.0	0.5	0.0	0.0	0.0	0.5	0.0	0.0
mobile	0.0	1.0	0.0	0.0	0.0	0.0	0.0	0.0	0.0	0.0
alabama	0.0	1.0	0.0	0.0	0.0	0.0	0.0	0.0	0.0	0.0
farside	0.0	0.0	1.0	0.0	0.0	0.0	0.0	0.0	0.0	0.0
advancements	0.0	0.0	1.0	0.0	0.0	0.0	0.0	0.0	0.0	0.0
economical	0.0	1.0	0.0	0.0	0.0	0.0	0.0	0.0	0.0	0.0
tunable	0.0	0.5	0.0	0.0	0.0	0.5	0.0	0.0	0.0	0.0
diode	0.0	1.0	0.0	0.0	0.0	0.0	0.0	0.0	0.0	0.0
fastresponse	0.0	1.0	0.0	0.0	0.0	0.0	0.0	0.0	0.0	0.0
deforestationdriven	0.0	1.0	0.0	0.0	0.0	0.0	0.0	0.0	0.0	0.0
greatest	0.0	1.0	0.0	0.0	0.0	0.0	0.0	0.0	0.0	0.0
drier	0.0	1.0	0.0	0.0	0.0	0.0	0.0	0.0	0.0	0.0
lowaerosol	0.0	1.0	0.0	0.0	0.0	0.0	0.0	0.0	0.0	0.0
southeast	0.0	1.0	0.0	0.0	0.0	0.0	0.0	0.0	0.0	0.0
asia	0.0	1.0	0.0	0.0	0.0	0.0	0.0	0.0	0.0	0.0
plasmaspheric	0.0	0.0	1.0	0.0	0.0	0.0	0.0	0.0	0.0	0.0
explicit	0.0	0.0	1.0	0.0	0.0	0.0	0.0	0.0	0.0	0.0
trajectories	0.0	0.0	1.0	0.0	0.0	0.0	0.0	0.0	0.0	0.0
windows	0.0	0.0	1.0	0.0	0.0	0.0	0.0	0.0	0.0	0.0
volumes	0.0	0.0	1.0	0.0	0.0	0.0	0.0	0.0	0.0	0.0
continuouswave	1.0	0.0	0.0	0.0	0.0	0.0	0.0	0.0	0.0	0.0
gaasalgaas	1.0	0.0	0.0	0.0	0.0	0.0	0.0	0.0	0.0	0.0
versus	0.0	0.5	0.5	0.0	0.0	0.0	0.0	0.0	0.0	0.0
katachi	1.0	0.0	0.0	0.0	0.0	0.0	0.0	0.0	0.0	0.0
decoding	1.0	0.0	0.0	0.0	0.0	0.0	0.0	0.0	0.0	0.0
interpretable	1.0	0.0	0.0	0.0	0.0	0.0	0.0	0.0	0.0	0.0
cnns	1.0	0.0	0.0	0.0	0.0	0.0	0.0	0.0	0.0	0.0
submev	0.0	0.0	1.0	0.0	0.0	0.0	0.0	0.0	0.0	0.0
fractional	0.0	0.0	1.0	0.0	0.0	0.0	0.0	0.0	0.0	0.0
trend	0.0	1.0	0.0	0.0	0.0	0.0	0.0	0.0	0.0	0.0
pattern	0.0	1.0	0.0	0.0	0.0	0.0	0.0	0.0	0.0	0.0
internally	0.0	0.5	0.5	0.0	0.0	0.0	0.0	0.0	0.0	0.0
visualizing	1.0	0.0	0.0	0.0	0.0	0.0	0.0	0.0	0.0	0.0
detections	1.0	0.0	0.0	0.0	0.0	0.0	0.0	0.0	0.0	0.0
basosubsub	0.0	0.0	0.0	0.0	0.0	1.0	0.0	0.0	0.0	0.0
paintpaper	0.0	0.0	0.0	0.0	0.0	1.0	0.0	0.0	0.0	0.0
duallayer	0.0	0.0	0.0	0.0	0.0	1.0	0.0	0.0	0.0	0.0
pharmacologic	0.0	0.0	0.0	0.0	0.0	0.0	0.0	1.0	0.0	0.0
complement	0.0	0.0	0.0	0.0	0.0	0.0	0.0	1.0	0.0	0.0
receptor	0.0	0.0	0.0	0.0	0.0	0.0	0.0	1.0	0.0	0.0
dendritic	0.0	0.0	0.0	0.0	0.0	0.0	0.0	1.0	0.0	0.0
impairment	0.0	0.0	0.0	0.0	0.0	0.0	0.0	1.0	0.0	0.0
acute	0.0	0.0	0.0	0.0	0.0	0.0	0.0	1.0	0.0	0.0
cranial	0.0	0.0	0.0	0.0	0.0	0.0	0.0	1.0	0.0	0.0
germicidal	0.0	1.0	0.0	0.0	0.0	0.0	0.0	0.0	0.0	0.0
limonene	0.0	1.0	0.0	0.0	0.0	0.0	0.0	0.0	0.0	0.0
datadriven	0.0	0.5	0.5	0.0	0.0	0.0	0.0	0.0	0.0	0.0
speeds	0.0	0.0	1.0	0.0	0.0	0.0	0.0	0.0	0.0	0.0
pdrsall	1.0	0.0	0.0	0.0	0.0	0.0	0.0	0.0	0.0	0.0
wd	1.0	0.0	0.0	0.0	0.0	0.0	0.0	0.0	0.0	0.0
generate	1.0	0.0	0.0	0.0	0.0	0.0	0.0	0.0	0.0	0.0
electrodynamics	0.0	0.0	1.0	0.0	0.0	0.0	0.0	0.0	0.0	0.0
northerly	0.0	1.0	0.0	0.0	0.0	0.0	0.0	0.0	0.0	0.0
lowlevel	0.0	1.0	0.0	0.0	0.0	0.0	0.0	0.0	0.0	0.0
distant	0.5	0.0	0.0	0.5	0.0	0.0	0.0	0.0	0.0	0.0
stacking	1.0	0.0	0.0	0.0	0.0	0.0	0.0	0.0	0.0	0.0
groups	1.0	0.0	0.0	0.0	0.0	0.0	0.0	0.0	0.0	0.0
topographic	0.0	1.0	0.0	0.0	0.0	0.0	0.0	0.0	0.0	0.0
raung	0.0	1.0	0.0	0.0	0.0	0.0	0.0	0.0	0.0	0.0
volcano	0.0	1.0	0.0	0.0	0.0	0.0	0.0	0.0	0.0	0.0
fanlooptop	0.0	0.0	1.0	0.0	0.0	0.0	0.0	0.0	0.0	0.0
ribbons	0.0	0.0	1.0	0.0	0.0	0.0	0.0	0.0	0.0	0.0
superior	0.0	1.0	0.0	0.0	0.0	0.0	0.0	0.0	0.0	0.0
extents	0.0	1.0	0.0	0.0	0.0	0.0	0.0	0.0	0.0	0.0
contamination	0.0	1.0	0.0	0.0	0.0	0.0	0.0	0.0	0.0	0.0
private	0.0	1.0	0.0	0.0	0.0	0.0	0.0	0.0	0.0	0.0
wells	0.0	1.0	0.0	0.0	0.0	0.0	0.0	0.0	0.0	0.0
rainfall	0.0	1.0	0.0	0.0	0.0	0.0	0.0	0.0	0.0	0.0
climatological	0.0	1.0	0.0	0.0	0.0	0.0	0.0	0.0	0.0	0.0
augusta	0.0	1.0	0.0	0.0	0.0	0.0	0.0	0.0	0.0	0.0
georgia	0.0	1.0	0.0	0.0	0.0	0.0	0.0	0.0	0.0	0.0
reorganization	0.0	1.0	0.0	0.0	0.0	0.0	0.0	0.0	0.0	0.0
beneath	0.0	1.0	0.0	0.0	0.0	0.0	0.0	0.0	0.0	0.0
top	0.0	1.0	0.0	0.0	0.0	0.0	0.0	0.0	0.0	0.0
comma	0.0	1.0	0.0	0.0	0.0	0.0	0.0	0.0	0.0	0.0
head	0.0	1.0	0.0	0.0	0.0	0.0	0.0	0.0	0.0	0.0
you	1.0	0.0	0.0	0.0	0.0	0.0	0.0	0.0	0.0	0.0
inclinationdriving	1.0	0.0	0.0	0.0	0.0	0.0	0.0	0.0	0.0	0.0
triggers	0.0	1.0	0.0	0.0	0.0	0.0	0.0	0.0	0.0	0.0
larsen	0.0	1.0	0.0	0.0	0.0	0.0	0.0	0.0	0.0	0.0
multiyear	0.0	1.0	0.0	0.0	0.0	0.0	0.0	0.0	0.0	0.0
landfast	0.0	1.0	0.0	0.0	0.0	0.0	0.0	0.0	0.0	0.0
breakout	0.0	1.0	0.0	0.0	0.0	0.0	0.0	0.0	0.0	0.0
initial	0.4	0.2	0.0	0.4	0.0	0.0	0.0	0.0	0.0	0.0
amalgame	1.0	0.0	0.0	0.0	0.0	0.0	0.0	0.0	0.0	0.0
filter	1.0	0.0	0.0	0.0	0.0	0.0	0.0	0.0	0.0	0.0
bank	1.0	0.0	0.0	0.0	0.0	0.0	0.0	0.0	0.0	0.0
disrupts	0.0	1.0	0.0	0.0	0.0	0.0	0.0	0.0	0.0	0.0
cre	0.0	1.0	0.0	0.0	0.0	0.0	0.0	0.0	0.0	0.0
panels	0.0	0.0	0.0	1.0	0.0	0.0	0.0	0.0	0.0	0.0
technosignature	0.0	0.0	0.0	1.0	0.0	0.0	0.0	0.0	0.0	0.0
singlemolecule	0.0	0.0	0.0	0.0	0.0	0.0	0.0	1.0	0.0	0.0
longread	0.0	0.0	0.0	0.0	0.0	0.0	0.0	1.0	0.0	0.0
methylation	0.0	0.0	0.0	0.0	0.0	0.0	0.0	1.0	0.0	0.0
profiling	0.0	0.0	0.0	0.0	0.0	0.0	0.0	1.0	0.0	0.0
dna	0.0	0.0	0.0	0.0	0.0	0.0	0.0	1.0	0.0	0.0
regulated	0.0	0.0	0.0	0.0	0.0	0.0	0.0	1.0	0.0	0.0
elongator	0.0	0.0	0.0	0.0	0.0	0.0	0.0	1.0	0.0	0.0
subunit	0.0	0.0	0.0	0.0	0.0	0.0	0.0	1.0	0.0	0.0
roots	0.0	0.0	0.0	0.0	0.0	0.0	0.0	1.0	0.0	0.0
experiencing	0.0	0.0	0.0	0.0	0.0	0.0	0.0	1.0	0.0	0.0
trifluoride	0.0	1.0	0.0	0.0	0.0	0.0	0.0	0.0	0.0	0.0
spectropolarimetric	1.0	0.0	0.0	0.0	0.0	0.0	0.0	0.0	0.0	0.0
pks	1.0	0.0	0.0	0.0	0.0	0.0	0.0	0.0	0.0	0.0
mechanistic	0.0	0.0	0.0	0.0	0.0	0.0	0.0	0.0	1.0	0.0
shrinkage	0.0	0.0	0.0	0.0	0.0	0.0	0.0	0.0	1.0	0.0
porosity	0.0	0.0	0.0	0.0	0.0	0.0	0.0	0.0	1.0	0.0
additive	0.0	0.0	0.0	0.0	0.0	0.0	0.0	0.0	1.0	0.0
manufacturing	0.0	0.0	0.0	0.0	0.0	0.6666666666666666	0.0	0.0	0.3333333333333333	0.0
concurrent	1.0	0.0	0.0	0.0	0.0	0.0	0.0	0.0	0.0	0.0
pitchangle	1.0	0.0	0.0	0.0	0.0	0.0	0.0	0.0	0.0	0.0
ionelectron	1.0	0.0	0.0	0.0	0.0	0.0	0.0	0.0	0.0	0.0
bh	1.0	0.0	0.0	0.0	0.0	0.0	0.0	0.0	0.0	0.0
progenitor	1.0	0.0	0.0	0.0	0.0	0.0	0.0	0.0	0.0	0.0
ed	1.0	0.0	0.0	0.0	0.0	0.0	0.0	0.0	0.0	0.0
measurability	0.0	0.0	0.0	0.0	0.0	1.0	0.0	0.0	0.0	0.0
heliocentric	0.0	0.0	0.0	0.0	0.0	1.0	0.0	0.0	0.0	0.0
boron	0.5	0.0	0.0	0.0	0.0	0.5	0.0	0.0	0.0	0.0
panarctic	0.0	1.0	0.0	0.0	0.0	0.0	0.0	0.0	0.0	0.0
interplay	0.0	0.0	1.0	0.0	0.0	0.0	0.0	0.0	0.0	0.0
traveling	0.0	0.0	1.0	0.0	0.0	0.0	0.0	0.0	0.0	0.0
atmosphericionospheric	0.0	0.0	1.0	0.0	0.0	0.0	0.0	0.0	0.0	0.0
sami	0.0	0.0	1.0	0.0	0.0	0.0	0.0	0.0	0.0	0.0
gitm	0.0	0.0	1.0	0.0	0.0	0.0	0.0	0.0	0.0	0.0
wings	0.0	0.0	0.0	1.0	0.0	0.0	0.0	0.0	0.0	0.0
junowaves	0.0	0.0	0.0	1.0	0.0	0.0	0.0	0.0	0.0	0.0
salty	0.0	1.0	0.0	0.0	0.0	0.0	0.0	0.0	0.0	0.0
argo	0.0	1.0	0.0	0.0	0.0	0.0	0.0	0.0	0.0	0.0
floats	0.0	1.0	0.0	0.0	0.0	0.0	0.0	0.0	0.0	0.0
affects	0.0	1.0	0.0	0.0	0.0	0.0	0.0	0.0	0.0	0.0
lostonlos	0.0	0.0	0.0	0.0	0.0	0.0	0.0	0.0	1.0	0.0
xpattern	0.0	0.0	1.0	0.0	0.0	0.0	0.0	0.0	0.0	0.0
crests	0.0	0.0	1.0	0.0	0.0	0.0	0.0	0.0	0.0	0.0
excesses	1.0	0.0	0.0	0.0	0.0	0.0	0.0	0.0	0.0	0.0
compare	1.0	0.0	0.0	0.0	0.0	0.0	0.0	0.0	0.0	0.0
isolated	0.6666666666666666	0.0	0.0	0.0	0.3333333333333333	0.0	0.0	0.0	0.0	0.0
telomeric	0.0	0.0	0.0	0.0	1.0	0.0	0.0	0.0	0.0	0.0
climbing	0.0	0.0	0.0	0.0	1.0	0.0	0.0	0.0	0.0	0.0
jetmode	1.0	0.0	0.0	0.0	0.0	0.0	0.0	0.0	0.0	0.0
dominates	1.0	0.0	0.0	0.0	0.0	0.0	0.0	0.0	0.0	0.0
highlift	0.0	0.0	0.0	0.0	0.0	0.0	0.0	0.0	1.0	0.0
thrust	0.0	0.0	0.0	0.0	0.0	0.5	0.0	0.0	0.5	0.0
vectoring	0.0	0.0	0.0	0.0	0.0	0.0	0.0	0.0	1.0	0.0
resilient	0.0	0.0	0.0	0.0	0.0	1.0	0.0	0.0	0.0	0.0
postagb	1.0	0.0	0.0	0.0	0.0	0.0	0.0	0.0	0.0	0.0
various	0.0	0.0	1.0	0.0	0.0	0.0	0.0	0.0	0.0	0.0
stateoftheart	0.0	0.0	1.0	0.0	0.0	0.0	0.0	0.0	0.0	0.0
sites	0.0	0.0	0.0	1.0	0.0	0.0	0.0	0.0	0.0	0.0
tube	0.3333333333333333	0.0	0.3333333333333333	0.0	0.0	0.3333333333333333	0.0	0.0	0.0	0.0
seed	0.0	0.0	1.0	0.0	0.0	0.0	0.0	0.0	0.0	0.0
minima	0.0	0.0	1.0	0.0	0.0	0.0	0.0	0.0	0.0	0.0
pathfinder	1.0	0.0	0.0	0.0	0.0	0.0	0.0	0.0	0.0	0.0
knowledge	1.0	0.0	0.0	0.0	0.0	0.0	0.0	0.0	0.0	0.0
astronomy	1.0	0.0	0.0	0.0	0.0	0.0	0.0	0.0	0.0	0.0
forward	0.0	0.5	0.0	0.0	0.0	0.5	0.0	0.0	0.0	0.0
beamriding	0.0	0.0	0.0	0.0	0.0	1.0	0.0	0.0	0.0	0.0
sail	0.0	0.0	0.0	0.0	0.0	1.0	0.0	0.0	0.0	0.0
weathering	0.0	0.0	0.0	0.0	0.0	1.0	0.0	0.0	0.0	0.0
dprinted	0.0	0.0	0.0	0.0	0.0	1.0	0.0	0.0	0.0	0.0
dinos	1.0	0.0	0.0	0.0	0.0	0.0	0.0	0.0	0.0	0.0
lensingdynamics	1.0	0.0	0.0	0.0	0.0	0.0	0.0	0.0	0.0	0.0
deviation	1.0	0.0	0.0	0.0	0.0	0.0	0.0	0.0	0.0	0.0
ellipticals	1.0	0.0	0.0	0.0	0.0	0.0	0.0	0.0	0.0	0.0
bro	0.0	1.0	0.0	0.0	0.0	0.0	0.0	0.0	0.0	0.0
profiler	0.0	1.0	0.0	0.0	0.0	0.0	0.0	0.0	0.0	0.0
nadir	0.0	0.6666666666666666	0.0	0.3333333333333333	0.0	0.0	0.0	0.0	0.0	0.0
mapper	0.0	1.0	0.0	0.0	0.0	0.0	0.0	0.0	0.0	0.0
ompsnm	0.0	1.0	0.0	0.0	0.0	0.0	0.0	0.0	0.0	0.0
board	0.0	0.5	0.0	0.0	0.5	0.0	0.0	0.0	0.0	0.0
suominpp	0.0	1.0	0.0	0.0	0.0	0.0	0.0	0.0	0.0	0.0
shorttimescale	0.0	0.0	0.0	1.0	0.0	0.0	0.0	0.0	0.0	0.0
ganymedes	0.0	0.0	0.0	1.0	0.0	0.0	0.0	0.0	0.0	0.0
fingerprint	0.0	1.0	0.0	0.0	0.0	0.0	0.0	0.0	0.0	0.0
buffering	0.0	1.0	0.0	0.0	0.0	0.0	0.0	0.0	0.0	0.0
adjustments	0.0	1.0	0.0	0.0	0.0	0.0	0.0	0.0	0.0	0.0
mlodydeep	1.0	0.0	0.0	0.0	0.0	0.0	0.0	0.0	0.0	0.0
learninggenerated	1.0	0.0	0.0	0.0	0.0	0.0	0.0	0.0	0.0	0.0
synchrotron	1.0	0.0	0.0	0.0	0.0	0.0	0.0	0.0	0.0	0.0
coefficients	1.0	0.0	0.0	0.0	0.0	0.0	0.0	0.0	0.0	0.0
acct	1.0	0.0	0.0	0.0	0.0	0.0	0.0	0.0	0.0	0.0
matching	1.0	0.0	0.0	0.0	0.0	0.0	0.0	0.0	0.0	0.0
pulsational	1.0	0.0	0.0	0.0	0.0	0.0	0.0	0.0	0.0	0.0
retrieving	0.0	1.0	0.0	0.0	0.0	0.0	0.0	0.0	0.0	0.0
uvvis	0.0	1.0	0.0	0.0	0.0	0.0	0.0	0.0	0.0	0.0
singlescattering	0.0	1.0	0.0	0.0	0.0	0.0	0.0	0.0	0.0	0.0
synergy	0.0	0.5	0.0	0.0	0.0	0.5	0.0	0.0	0.0	0.0
oracles	0.0	1.0	0.0	0.0	0.0	0.0	0.0	0.0	0.0	0.0
cgy	0.0	0.0	0.0	0.0	0.0	0.0	0.0	1.0	0.0	0.0
doses	0.0	0.0	0.0	0.0	0.0	0.0	0.0	1.0	0.0	0.0
apparent	0.0	0.0	0.0	0.0	0.0	0.0	0.0	1.0	0.0	0.0
increase	0.0	0.0	0.5	0.0	0.0	0.0	0.0	0.5	0.0	0.0
taking	0.0	0.0	0.0	0.0	0.0	0.0	0.0	1.0	0.0	0.0
propensity	0.0	0.0	0.5	0.0	0.0	0.0	0.0	0.5	0.0	0.0
female	0.0	0.0	0.0	0.0	0.0	0.0	0.0	1.0	0.0	0.0
rats	0.0	0.0	0.0	0.0	0.0	0.0	0.0	1.0	0.0	0.0
colorado	0.0	1.0	0.0	0.0	0.0	0.0	0.0	0.0	0.0	0.0
soybean	0.0	1.0	0.0	0.0	0.0	0.0	0.0	0.0	0.0	0.0
argentina	0.0	1.0	0.0	0.0	0.0	0.0	0.0	0.0	0.0	0.0
sequential	0.0	0.0	0.5	0.5	0.0	0.0	0.0	0.0	0.0	0.0
gentle	0.0	0.0	0.0	1.0	0.0	0.0	0.0	0.0	0.0	0.0
encapsulation	0.0	0.0	0.0	1.0	0.0	0.0	0.0	0.0	0.0	0.0
protocells	0.0	0.0	0.0	1.0	0.0	0.0	0.0	0.0	0.0	0.0
higherorder	0.0	0.0	1.0	0.0	0.0	0.0	0.0	0.0	0.0	0.0
term	0.0	0.0	1.0	0.0	0.0	0.0	0.0	0.0	0.0	0.0
away	0.0	0.0	1.0	0.0	0.0	0.0	0.0	0.0	0.0	0.0
nearinfrared	0.5	0.0	0.25	0.25	0.0	0.0	0.0	0.0	0.0	0.0
rare	0.0	0.0	0.0	1.0	0.0	0.0	0.0	0.0	0.0	0.0
classes	0.0	0.0	0.0	1.0	0.0	0.0	0.0	0.0	0.0	0.0
straincontrolled	0.0	0.0	0.0	0.0	0.0	0.0	0.0	0.0	1.0	0.0
actuation	0.0	0.0	0.0	0.0	0.0	0.0	0.0	0.0	1.0	0.0
ab	1.0	0.0	0.0	0.0	0.0	0.0	0.0	0.0	0.0	0.0
initio	1.0	0.0	0.0	0.0	0.0	0.0	0.0	0.0	0.0	0.0
naclhsubsub	1.0	0.0	0.0	0.0	0.0	0.0	0.0	0.0	0.0	0.0
correct	1.0	0.0	0.0	0.0	0.0	0.0	0.0	0.0	0.0	0.0
shockionized	1.0	0.0	0.0	0.0	0.0	0.0	0.0	0.0	0.0	0.0
designing	0.0	0.0	0.0	1.0	0.0	0.0	0.0	0.0	0.0	0.0
collagens	0.0	0.0	0.0	1.0	0.0	0.0	0.0	0.0	0.0	0.0
shed	0.0	0.0	0.0	1.0	0.0	0.0	0.0	0.0	0.0	0.0
structurefunction	0.0	0.0	0.0	1.0	0.0	0.0	0.0	0.0	0.0	0.0
disorders	0.0	0.0	0.0	0.5	0.0	0.0	0.0	0.5	0.0	0.0
latitudedependent	0.5	0.0	0.0	0.5	0.0	0.0	0.0	0.0	0.0	0.0
modulations	1.0	0.0	0.0	0.0	0.0	0.0	0.0	0.0	0.0	0.0
luhman	1.0	0.0	0.0	0.0	0.0	0.0	0.0	0.0	0.0	0.0
longest	1.0	0.0	0.0	0.0	0.0	0.0	0.0	0.0	0.0	0.0
curve	1.0	0.0	0.0	0.0	0.0	0.0	0.0	0.0	0.0	0.0
extrasolar	1.0	0.0	0.0	0.0	0.0	0.0	0.0	0.0	0.0	0.0
slabs	0.0	1.0	0.0	0.0	0.0	0.0	0.0	0.0	0.0	0.0
nancy	1.0	0.0	0.0	0.0	0.0	0.0	0.0	0.0	0.0	0.0
grace	1.0	0.0	0.0	0.0	0.0	0.0	0.0	0.0	0.0	0.0
maialike	0.0	1.0	0.0	0.0	0.0	0.0	0.0	0.0	0.0	0.0
pm	0.0	1.0	0.0	0.0	0.0	0.0	0.0	0.0	0.0	0.0
speciation	0.0	1.0	0.0	0.0	0.0	0.0	0.0	0.0	0.0	0.0
plagioclase	0.0	0.0	0.0	1.0	0.0	0.0	0.0	0.0	0.0	0.0
variance	0.0	0.0	0.0	1.0	0.0	0.0	0.0	0.0	0.0	0.0
complication	0.0	0.0	0.0	1.0	0.0	0.0	0.0	0.0	0.0	0.0
efforts	0.0	0.0	0.0	1.0	0.0	0.0	0.0	0.0	0.0	0.0
identify	0.0	0.0	0.0	1.0	0.0	0.0	0.0	0.0	0.0	0.0
terrains	0.0	0.0	0.0	1.0	0.0	0.0	0.0	0.0	0.0	0.0
dolan	0.0	1.0	0.0	0.0	0.0	0.0	0.0	0.0	0.0	0.0
severity	0.0	1.0	0.0	0.0	0.0	0.0	0.0	0.0	0.0	0.0
earthbased	0.0	0.0	1.0	0.0	0.0	0.0	0.0	0.0	0.0	0.0
transmitters	0.0	0.0	1.0	0.0	0.0	0.0	0.0	0.0	0.0	0.0
freshwater	0.0	0.5	0.0	0.5	0.0	0.0	0.0	0.0	0.0	0.0
saline	0.0	1.0	0.0	0.0	0.0	0.0	0.0	0.0	0.0	0.0
typology	0.0	1.0	0.0	0.0	0.0	0.0	0.0	0.0	0.0	0.0
hydroclimate	0.0	1.0	0.0	0.0	0.0	0.0	0.0	0.0	0.0	0.0
seagrass	0.0	1.0	0.0	0.0	0.0	0.0	0.0	0.0	0.0	0.0
izostera	0.0	1.0	0.0	0.0	0.0	0.0	0.0	0.0	0.0	0.0
nolteii	0.0	1.0	0.0	0.0	0.0	0.0	0.0	0.0	0.0	0.0
commercial	0.0	1.0	0.0	0.0	0.0	0.0	0.0	0.0	0.0	0.0
clam	0.0	1.0	0.0	0.0	0.0	0.0	0.0	0.0	0.0	0.0
observer	0.0	0.0	0.0	0.3333333333333333	0.0	0.3333333333333333	0.0	0.0	0.3333333333333333	0.0
replica	0.0	0.0	0.0	0.0	0.0	1.0	0.0	0.0	0.0	0.0
cyberphysical	0.0	0.0	0.0	0.0	0.0	1.0	0.0	0.0	0.0	0.0
featherweight	1.0	0.0	0.0	0.0	0.0	0.0	0.0	0.0	0.0	0.0
myr	0.6666666666666666	0.0	0.0	0.3333333333333333	0.0	0.0	0.0	0.0	0.0	0.0
regularized	0.0	0.0	0.0	0.0	0.0	1.0	0.0	0.0	0.0	0.0
immersed	0.0	0.0	0.0	0.0	0.0	1.0	0.0	0.0	0.0	0.0
combustion	0.0	0.0	0.0	0.0	0.0	1.0	0.0	0.0	0.0	0.0
droplets	0.0	0.0	0.0	0.0	0.0	1.0	0.0	0.0	0.0	0.0
impacting	0.0	0.0	0.5	0.0	0.0	0.5	0.0	0.0	0.0	0.0
diagnosing	0.0	1.0	0.0	0.0	0.0	0.0	0.0	0.0	0.0	0.0
arcticboreal	0.0	1.0	0.0	0.0	0.0	0.0	0.0	0.0	0.0	0.0
complementary	0.0	1.0	0.0	0.0	0.0	0.0	0.0	0.0	0.0	0.0
necessary	0.0	0.0	1.0	0.0	0.0	0.0	0.0	0.0	0.0	0.0
switchback	0.0	0.0	1.0	0.0	0.0	0.0	0.0	0.0	0.0	0.0
accreted	0.0	0.0	0.0	1.0	0.0	0.0	0.0	0.0	0.0	0.0
magma	0.0	0.0	0.0	1.0	0.0	0.0	0.0	0.0	0.0	0.0
blows	1.0	0.0	0.0	0.0	0.0	0.0	0.0	0.0	0.0	0.0
superbubbles	1.0	0.0	0.0	0.0	0.0	0.0	0.0	0.0	0.0	0.0
fluxindependent	0.0	0.0	1.0	0.0	0.0	0.0	0.0	0.0	0.0	0.0
pygeoweaver	0.0	1.0	0.0	0.0	0.0	0.0	0.0	0.0	0.0	0.0
tangible	0.0	1.0	0.0	0.0	0.0	0.0	0.0	0.0	0.0	0.0
workflow	0.0	1.0	0.0	0.0	0.0	0.0	0.0	0.0	0.0	0.0
fairness	0.0	1.0	0.0	0.0	0.0	0.0	0.0	0.0	0.0	0.0
interseismic	0.0	1.0	0.0	0.0	0.0	0.0	0.0	0.0	0.0	0.0
uplift	0.0	1.0	0.0	0.0	0.0	0.0	0.0	0.0	0.0	0.0
anticlines	0.0	1.0	0.0	0.0	0.0	0.0	0.0	0.0	0.0	0.0
rakhinebangladesh	0.0	1.0	0.0	0.0	0.0	0.0	0.0	0.0	0.0	0.0
alos	0.0	1.0	0.0	0.0	0.0	0.0	0.0	0.0	0.0	0.0
musealma	1.0	0.0	0.0	0.0	0.0	0.0	0.0	0.0	0.0	0.0
gasrich	0.5	0.0	0.0	0.5	0.0	0.0	0.0	0.0	0.0	0.0
vascular	0.0	1.0	0.0	0.0	0.0	0.0	0.0	0.0	0.0	0.0
topsoil	0.0	1.0	0.0	0.0	0.0	0.0	0.0	0.0	0.0	0.0
subarctic	0.0	1.0	0.0	0.0	0.0	0.0	0.0	0.0	0.0	0.0
fens	0.0	1.0	0.0	0.0	0.0	0.0	0.0	0.0	0.0	0.0
unoccupied	0.0	1.0	0.0	0.0	0.0	0.0	0.0	0.0	0.0	0.0
uavs	0.0	1.0	0.0	0.0	0.0	0.0	0.0	0.0	0.0	0.0
metals	1.0	0.0	0.0	0.0	0.0	0.0	0.0	0.0	0.0	0.0
kcwi	1.0	0.0	0.0	0.0	0.0	0.0	0.0	0.0	0.0	0.0
magnesium	0.5	0.5	0.0	0.0	0.0	0.0	0.0	0.0	0.0	0.0
neighborhoodlevel	0.0	1.0	0.0	0.0	0.0	0.0	0.0	0.0	0.0	0.0
dioxide	0.0	0.6666666666666666	0.0	0.3333333333333333	0.0	0.0	0.0	0.0	0.0	0.0
inequalities	0.0	1.0	0.0	0.0	0.0	0.0	0.0	0.0	0.0	0.0
contribute	0.0	1.0	0.0	0.0	0.0	0.0	0.0	0.0	0.0	0.0
moderateresolution	0.0	1.0	0.0	0.0	0.0	0.0	0.0	0.0	0.0	0.0
spectroradiometer	0.0	1.0	0.0	0.0	0.0	0.0	0.0	0.0	0.0	0.0
snowcover	0.0	1.0	0.0	0.0	0.0	0.0	0.0	0.0	0.0	0.0
creation	0.5	0.5	0.0	0.0	0.0	0.0	0.0	0.0	0.0	0.0
sirs	0.0	0.0	1.0	0.0	0.0	0.0	0.0	0.0	0.0	0.0
corotating	0.0	0.0	1.0	0.0	0.0	0.0	0.0	0.0	0.0	0.0
cirs	0.0	0.0	1.0	0.0	0.0	0.0	0.0	0.0	0.0	0.0
sunrunnerd	0.0	0.0	1.0	0.0	0.0	0.0	0.0	0.0	0.0	0.0
threestage	0.0	0.0	0.0	1.0	0.0	0.0	0.0	0.0	0.0	0.0
cap	0.0	0.0	0.5	0.5	0.0	0.0	0.0	0.0	0.0	0.0
carbonates	0.0	0.0	0.0	1.0	0.0	0.0	0.0	0.0	0.0	0.0
marinoan	0.0	0.0	0.0	1.0	0.0	0.0	0.0	0.0	0.0	0.0
snowball	0.0	0.0	0.0	1.0	0.0	0.0	0.0	0.0	0.0	0.0
glaciation	0.0	0.0	0.0	1.0	0.0	0.0	0.0	0.0	0.0	0.0
geochemistry	0.0	0.0	0.0	1.0	0.0	0.0	0.0	0.0	0.0	0.0
electrononly	0.0	0.0	1.0	0.0	0.0	0.0	0.0	0.0	0.0	0.0
upward	0.0	0.0	1.0	0.0	0.0	0.0	0.0	0.0	0.0	0.0
propagating	0.0	0.0	1.0	0.0	0.0	0.0	0.0	0.0	0.0	0.0
migrating	0.0	0.0	1.0	0.0	0.0	0.0	0.0	0.0	0.0	0.0
employing	0.0	0.0	1.0	0.0	0.0	0.0	0.0	0.0	0.0	0.0
euhforiaopenggcm	0.0	0.0	1.0	0.0	0.0	0.0	0.0	0.0	0.0	0.0
geoeffectiveness	0.0	0.0	1.0	0.0	0.0	0.0	0.0	0.0	0.0	0.0
localization	0.0	0.0	0.0	0.0	0.0	1.0	0.0	0.0	0.0	0.0
public	0.0	1.0	0.0	0.0	0.0	0.0	0.0	0.0	0.0	0.0
structured	0.0	1.0	0.0	0.0	0.0	0.0	0.0	0.0	0.0	0.0
exposures	0.0	1.0	0.0	0.0	0.0	0.0	0.0	0.0	0.0	0.0
vulnerable	0.0	1.0	0.0	0.0	0.0	0.0	0.0	0.0	0.0	0.0
decretion	1.0	0.0	0.0	0.0	0.0	0.0	0.0	0.0	0.0	0.0
bexray	1.0	0.0	0.0	0.0	0.0	0.0	0.0	0.0	0.0	0.0
aspect	1.0	0.0	0.0	0.0	0.0	0.0	0.0	0.0	0.0	0.0
thaw	0.0	1.0	0.0	0.0	0.0	0.0	0.0	0.0	0.0	0.0
beta	0.0	0.0	1.0	0.0	0.0	0.0	0.0	0.0	0.0	0.0
crosscorrelation	1.0	0.0	0.0	0.0	0.0	0.0	0.0	0.0	0.0	0.0
hscssp	1.0	0.0	0.0	0.0	0.0	0.0	0.0	0.0	0.0	0.0
unobscured	1.0	0.0	0.0	0.0	0.0	0.0	0.0	0.0	0.0	0.0
residing	1.0	0.0	0.0	0.0	0.0	0.0	0.0	0.0	0.0	0.0
halos	1.0	0.0	0.0	0.0	0.0	0.0	0.0	0.0	0.0	0.0
decorrelation	0.0	1.0	0.0	0.0	0.0	0.0	0.0	0.0	0.0	0.0
teegardens	1.0	0.0	0.0	0.0	0.0	0.0	0.0	0.0	0.0	0.0
revisited	1.0	0.0	0.0	0.0	0.0	0.0	0.0	0.0	0.0	0.0
radiometry	0.0	1.0	0.0	0.0	0.0	0.0	0.0	0.0	0.0	0.0
pulse	0.5	0.0	0.0	0.5	0.0	0.0	0.0	0.0	0.0	0.0
copper	0.0	0.0	1.0	0.0	0.0	0.0	0.0	0.0	0.0	0.0
permalloys	0.0	0.0	1.0	0.0	0.0	0.0	0.0	0.0	0.0	0.0
lagrangian	0.0	0.5	0.5	0.0	0.0	0.0	0.0	0.0	0.0	0.0
perspectives	0.0	0.0	1.0	0.0	0.0	0.0	0.0	0.0	0.0	0.0
sculptor	1.0	0.0	0.0	0.0	0.0	0.0	0.0	0.0	0.0	0.0
phosphates	0.0	0.0	0.0	1.0	0.0	0.0	0.0	0.0	0.0	0.0
igneous	0.0	0.0	0.0	1.0	0.0	0.0	0.0	0.0	0.0	0.0
aqueous	0.0	0.0	0.0	1.0	0.0	0.0	0.0	0.0	0.0	0.0
astrobiological	0.0	0.0	0.0	1.0	0.0	0.0	0.0	0.0	0.0	0.0
northwest	0.0	1.0	0.0	0.0	0.0	0.0	0.0	0.0	0.0	0.0
dropsonde	0.0	1.0	0.0	0.0	0.0	0.0	0.0	0.0	0.0	0.0
nanosilicates	0.0	1.0	0.0	0.0	0.0	0.0	0.0	0.0	0.0	0.0
dft	0.0	1.0	0.0	0.0	0.0	0.0	0.0	0.0	0.0	0.0
tddft	0.0	1.0	0.0	0.0	0.0	0.0	0.0	0.0	0.0	0.0
monolayercovered	0.0	0.0	0.0	0.0	1.0	0.0	0.0	0.0	0.0	0.0
cylinder	0.0	0.0	0.0	0.0	1.0	0.0	0.0	0.0	0.0	0.0
knife	0.0	0.0	0.0	0.0	1.0	0.0	0.0	0.0	0.0	0.0
reptile	0.0	0.0	1.0	0.0	0.0	0.0	0.0	0.0	0.0	0.0
cirbe	0.0	0.0	1.0	0.0	0.0	0.0	0.0	0.0	0.0	0.0
berkeleyrwawc	0.0	1.0	0.0	0.0	0.0	0.0	0.0	0.0	0.0	0.0
cygnssbased	0.0	1.0	0.0	0.0	0.0	0.0	0.0	0.0	0.0	0.0
watermask	0.0	1.0	0.0	0.0	0.0	0.0	0.0	0.0	0.0	0.0
unveils	0.0	1.0	0.0	0.0	0.0	0.0	0.0	0.0	0.0	0.0
tropics	0.0	1.0	0.0	0.0	0.0	0.0	0.0	0.0	0.0	0.0
grind	1.0	0.0	0.0	0.0	0.0	0.0	0.0	0.0	0.0	0.0
spins	1.0	0.0	0.0	0.0	0.0	0.0	0.0	0.0	0.0	0.0
halt	1.0	0.0	0.0	0.0	0.0	0.0	0.0	0.0	0.0	0.0
most	0.0	0.0	0.0	0.0	0.0	0.0	0.0	0.0	1.0	0.0
permissive	0.0	0.0	0.0	0.0	0.0	0.0	0.0	0.0	1.0	0.0
brake	0.0	0.0	0.0	0.0	0.0	0.0	0.0	0.0	1.0	0.0
automotive	0.0	0.0	0.0	0.0	0.0	0.0	0.0	0.0	1.0	0.0
nonrotating	1.0	0.0	0.0	0.0	0.0	0.0	0.0	0.0	0.0	0.0
magellanic	1.0	0.0	0.0	0.0	0.0	0.0	0.0	0.0	0.0	0.0
q	1.0	0.0	0.0	0.0	0.0	0.0	0.0	0.0	0.0	0.0
subpahsub	1.0	0.0	0.0	0.0	0.0	0.0	0.0	0.0	0.0	0.0
nh	1.0	0.0	0.0	0.0	0.0	0.0	0.0	0.0	0.0	0.0
iav	1.0	0.0	0.0	0.0	0.0	0.0	0.0	0.0	0.0	0.0
oxidoreductases	0.0	0.0	0.0	1.0	0.0	0.0	0.0	0.0	0.0	0.0
spheroid	0.0	0.0	1.0	0.0	0.0	0.0	0.0	0.0	0.0	0.0
euhforia	0.0	0.0	1.0	0.0	0.0	0.0	0.0	0.0	0.0	0.0
timeresolved	0.0	0.0	0.0	0.5	0.0	0.5	0.0	0.0	0.0	0.0
retarding	0.0	0.0	0.0	0.0	0.0	1.0	0.0	0.0	0.0	0.0
analyzer	0.0	0.0	0.0	0.5	0.0	0.5	0.0	0.0	0.0	0.0
xuvdriven	1.0	0.0	0.0	0.0	0.0	0.0	0.0	0.0	0.0	0.0
toiand	1.0	0.0	0.0	0.0	0.0	0.0	0.0	0.0	0.0	0.0
lupi	1.0	0.0	0.0	0.0	0.0	0.0	0.0	0.0	0.0	0.0
warmings	0.0	1.0	0.0	0.0	0.0	0.0	0.0	0.0	0.0	0.0
heated	0.0	0.0	0.5	0.0	0.0	0.5	0.0	0.0	0.0	0.0
compressible	0.0	0.0	1.0	0.0	0.0	0.0	0.0	0.0	0.0	0.0
microlens	1.0	0.0	0.0	0.0	0.0	0.0	0.0	0.0	0.0	0.0
wideseparation	1.0	0.0	0.0	0.0	0.0	0.0	0.0	0.0	0.0	0.0
signpost	1.0	0.0	0.0	0.0	0.0	0.0	0.0	0.0	0.0	0.0
prefer	1.0	0.0	0.0	0.0	0.0	0.0	0.0	0.0	0.0	0.0
similar	1.0	0.0	0.0	0.0	0.0	0.0	0.0	0.0	0.0	0.0
bermuda	0.0	1.0	0.0	0.0	0.0	0.0	0.0	0.0	0.0	0.0
nanoparticle	0.0	0.0	0.0	0.0	0.0	1.0	0.0	0.0	0.0	0.0
paints	0.0	0.0	0.0	0.0	0.0	1.0	0.0	0.0	0.0	0.0
driftdispersed	0.0	0.0	0.0	1.0	0.0	0.0	0.0	0.0	0.0	0.0
crustal	0.0	0.0	0.0	1.0	0.0	0.0	0.0	0.0	0.0	0.0
geostationary	0.0	0.5	0.5	0.0	0.0	0.0	0.0	0.0	0.0	0.0
plasmasphere	0.0	0.0	1.0	0.0	0.0	0.0	0.0	0.0	0.0	0.0
dc	0.0	1.0	0.0	0.0	0.0	0.0	0.0	0.0	0.0	0.0
downwind	0.0	1.0	0.0	0.0	0.0	0.0	0.0	0.0	0.0	0.0
consequences	0.0	1.0	0.0	0.0	0.0	0.0	0.0	0.0	0.0	0.0
wakes	0.0	0.0	0.0	1.0	0.0	0.0	0.0	0.0	0.0	0.0
bending	0.0	0.0	0.0	1.0	0.0	0.0	0.0	0.0	0.0	0.0
modifying	0.0	0.0	0.0	1.0	0.0	0.0	0.0	0.0	0.0	0.0
identifies	0.0	1.0	0.0	0.0	0.0	0.0	0.0	0.0	0.0	0.0
bering	0.0	1.0	0.0	0.0	0.0	0.0	0.0	0.0	0.0	0.0
straits	0.0	1.0	0.0	0.0	0.0	0.0	0.0	0.0	0.0	0.0
amplified	0.0	1.0	0.0	0.0	0.0	0.0	0.0	0.0	0.0	0.0
margin	0.0	1.0	0.0	0.0	0.0	0.0	0.0	0.0	0.0	0.0
troposphericstratospheric	0.0	0.0	0.0	0.0	0.0	0.0	0.0	0.0	1.0	0.0
ucx	0.0	0.0	0.0	0.0	0.0	0.0	0.0	0.0	1.0	0.0
geoschem	0.0	0.0	0.0	0.0	0.0	0.0	0.0	0.0	1.0	0.0
emet	0.0	1.0	0.0	0.0	0.0	0.0	0.0	0.0	0.0	0.0
emergencebased	0.0	1.0	0.0	0.0	0.0	0.0	0.0	0.0	0.0	0.0
tigrayan	0.0	1.0	0.0	0.0	0.0	0.0	0.0	0.0	0.0	0.0
farmers	0.0	1.0	0.0	0.0	0.0	0.0	0.0	0.0	0.0	0.0
war	0.0	1.0	0.0	0.0	0.0	0.0	0.0	0.0	0.0	0.0
ethane	0.0	1.0	0.0	0.0	0.0	0.0	0.0	0.0	0.0	0.0
dropouts	0.0	0.0	1.0	0.0	0.0	0.0	0.0	0.0	0.0	0.0
thrusters	0.0	0.0	0.0	0.0	0.0	1.0	0.0	0.0	0.0	0.0
mw	0.0	0.5	0.0	0.0	0.0	0.0	0.0	0.0	0.5	0.0
kashmir	0.0	1.0	0.0	0.0	0.0	0.0	0.0	0.0	0.0	0.0
preface	0.0	0.0	0.0	1.0	0.0	0.0	0.0	0.0	0.0	0.0
vestalike	0.0	0.0	0.0	1.0	0.0	0.0	0.0	0.0	0.0	0.0
existed	0.0	0.0	0.0	1.0	0.0	0.0	0.0	0.0	0.0	0.0
coded	0.0	0.0	1.0	0.0	0.0	0.0	0.0	0.0	0.0	0.0
pitch	0.0	0.0	1.0	0.0	0.0	0.0	0.0	0.0	0.0	0.0
inducedstrain	0.0	0.0	0.0	0.0	0.0	0.0	0.0	0.0	1.0	0.0
actuators	0.0	0.0	0.0	0.0	0.0	0.0	0.0	0.0	1.0	0.0
morphing	0.0	0.0	0.0	0.0	0.0	0.0	0.0	0.0	1.0	0.0
multielement	0.0	0.0	0.0	0.0	0.0	0.0	0.0	0.0	1.0	0.0
airfoils	0.0	0.0	0.0	0.0	0.0	0.0	0.0	0.0	1.0	0.0
improvement	0.0	0.0	0.0	1.0	0.0	0.0	0.0	0.0	0.0	0.0
cycloidal	0.0	0.0	0.0	1.0	0.0	0.0	0.0	0.0	0.0	0.0
codedaperture	0.0	0.0	0.0	1.0	0.0	0.0	0.0	0.0	0.0	0.0
benchmark	1.0	0.0	0.0	0.0	0.0	0.0	0.0	0.0	0.0	0.0
constrains	1.0	0.0	0.0	0.0	0.0	0.0	0.0	0.0	0.0	0.0
weakened	1.0	0.0	0.0	0.0	0.0	0.0	0.0	0.0	0.0	0.0
mature	1.0	0.0	0.0	0.0	0.0	0.0	0.0	0.0	0.0	0.0
sunlike	1.0	0.0	0.0	0.0	0.0	0.0	0.0	0.0	0.0	0.0
cation	0.0	0.0	0.0	1.0	0.0	0.0	0.0	0.0	0.0	0.0
exchange	0.0	0.5	0.0	0.5	0.0	0.0	0.0	0.0	0.0	0.0
montmorillonite	0.0	0.0	0.0	1.0	0.0	0.0	0.0	0.0	0.0	0.0
selective	0.0	0.0	0.0	1.0	0.0	0.0	0.0	0.0	0.0	0.0
adsorption	0.0	0.0	0.0	1.0	0.0	0.0	0.0	0.0	0.0	0.0
amino	0.0	0.0	0.0	1.0	0.0	0.0	0.0	0.0	0.0	0.0
acids	0.0	0.5	0.0	0.5	0.0	0.0	0.0	0.0	0.0	0.0
advantages	0.0	0.0	0.0	0.0	0.0	1.0	0.0	0.0	0.0	0.0
ph	0.0	0.0	0.0	0.0	0.0	1.0	0.0	0.0	0.0	0.0
soilless	0.0	0.0	0.0	0.0	0.0	1.0	0.0	0.0	0.0	0.0
windline	1.0	0.0	0.0	0.0	0.0	0.0	0.0	0.0	0.0	0.0
relic	1.0	0.0	0.0	0.0	0.0	0.0	0.0	0.0	0.0	0.0
gpm	0.0	1.0	0.0	0.0	0.0	0.0	0.0	0.0	0.0	0.0
dissociative	0.0	0.0	0.0	0.0	0.0	1.0	0.0	0.0	0.0	0.0
recombination	0.0	0.0	0.0	0.0	0.0	1.0	0.0	0.0	0.0	0.0
rotationally	0.5	0.0	0.0	0.0	0.0	0.5	0.0	0.0	0.0	0.0
xmlnsmmlhttpwwwworgmathmathmlmmlmsupmmlmrowmmlmiarhmmlmimmlmrowmmlmommlmommlmsupmmlmath	0.0	0.0	0.0	0.0	0.0	1.0	0.0	0.0	0.0	0.0
sedimentology	0.0	0.0	0.0	1.0	0.0	0.0	0.0	0.0	0.0	0.0
shenandoah	0.0	0.0	0.0	1.0	0.0	0.0	0.0	0.0	0.0	0.0
fan	0.0	0.0	0.0	1.0	0.0	0.0	0.0	0.0	0.0	0.0
longitudinally	0.0	0.0	0.0	1.0	0.0	0.0	0.0	0.0	0.0	0.0
asymmetrical	0.0	0.0	0.0	1.0	0.0	0.0	0.0	0.0	0.0	0.0
steve	0.0	0.0	1.0	0.0	0.0	0.0	0.0	0.0	0.0	0.0
submarine	0.0	0.0	1.0	0.0	0.0	0.0	0.0	0.0	0.0	0.0
cables	0.0	0.0	1.0	0.0	0.0	0.0	0.0	0.0	0.0	0.0
fingering	0.0	0.0	1.0	0.0	0.0	0.0	0.0	0.0	0.0	0.0
footpoint	0.0	0.0	1.0	0.0	0.0	0.0	0.0	0.0	0.0	0.0
explosive	0.0	0.0	0.0	1.0	0.0	0.0	0.0	0.0	0.0	0.0
nucleosynthesis	0.5	0.0	0.0	0.5	0.0	0.0	0.0	0.0	0.0	0.0
corecollapse	0.0	0.0	0.0	1.0	0.0	0.0	0.0	0.0	0.0	0.0
almg	0.0	0.0	0.0	1.0	0.0	0.0	0.0	0.0	0.0	0.0
compositions	0.0	0.0	0.0	1.0	0.0	0.0	0.0	0.0	0.0	0.0
rotationdominated	1.0	0.0	0.0	0.0	0.0	0.0	0.0	0.0	0.0	0.0
fed	1.0	0.0	0.0	0.0	0.0	0.0	0.0	0.0	0.0	0.0
collapsing	1.0	0.0	0.0	0.0	0.0	0.0	0.0	0.0	0.0	0.0
gravomagnetosheetlets	1.0	0.0	0.0	0.0	0.0	0.0	0.0	0.0	0.0	0.0
misaligned	1.0	0.0	0.0	0.0	0.0	0.0	0.0	0.0	0.0	0.0
auscale	1.0	0.0	0.0	0.0	0.0	0.0	0.0	0.0	0.0	0.0
twentyfirst	0.0	1.0	0.0	0.0	0.0	0.0	0.0	0.0	0.0	0.0
glacierspecific	0.0	1.0	0.0	0.0	0.0	0.0	0.0	0.0	0.0	0.0
before	0.0	0.0	0.0	1.0	0.0	0.0	0.0	0.0	0.0	0.0
pressures	0.5	0.0	0.0	0.5	0.0	0.0	0.0	0.0	0.0	0.0
supervolatile	0.0	0.0	0.0	1.0	0.0	0.0	0.0	0.0	0.0	0.0
heliosheath	0.0	0.0	1.0	0.0	0.0	0.0	0.0	0.0	0.0	0.0
spinorbit	1.0	0.0	0.0	0.0	0.0	0.0	0.0	0.0	0.0	0.0
imaged	1.0	0.0	0.0	0.0	0.0	0.0	0.0	0.0	0.0	0.0
incompressible	0.0	0.0	0.0	0.0	0.0	0.0	0.0	0.0	1.0	0.0
mcdr	0.0	1.0	0.0	0.0	0.0	0.0	0.0	0.0	0.0	0.0
informationtheorybased	0.0	0.0	1.0	0.0	0.0	0.0	0.0	0.0	0.0	0.0
systemlevel	0.0	0.0	1.0	0.0	0.0	0.0	0.0	0.0	0.0	0.0
babcockleighton	0.0	0.0	1.0	0.0	0.0	0.0	0.0	0.0	0.0	0.0
modeldata	0.0	0.0	1.0	0.0	0.0	0.0	0.0	0.0	0.0	0.0
toroidal	0.0	0.0	1.0	0.0	0.0	0.0	0.0	0.0	0.0	0.0
meanfield	0.0	0.0	1.0	0.0	0.0	0.0	0.0	0.0	0.0	0.0
rules	0.0	0.0	1.0	0.0	0.0	0.0	0.0	0.0	0.0	0.0
rise	0.25	0.25	0.25	0.25	0.0	0.0	0.0	0.0	0.0	0.0
raindrop	0.0	1.0	0.0	0.0	0.0	0.0	0.0	0.0	0.0	0.0
implication	0.0	1.0	0.0	0.0	0.0	0.0	0.0	0.0	0.0	0.0
metro	0.0	1.0	0.0	0.0	0.0	0.0	0.0	0.0	0.0	0.0
manila	0.0	1.0	0.0	0.0	0.0	0.0	0.0	0.0	0.0	0.0
philippines	0.0	1.0	0.0	0.0	0.0	0.0	0.0	0.0	0.0	0.0
hunt	1.0	0.0	0.0	0.0	0.0	0.0	0.0	0.0	0.0	0.0
maturing	1.0	0.0	0.0	0.0	0.0	0.0	0.0	0.0	0.0	0.0
thyme	1.0	0.0	0.0	0.0	0.0	0.0	0.0	0.0	0.0	0.0
earthsized	1.0	0.0	0.0	0.0	0.0	0.0	0.0	0.0	0.0	0.0
solarlike	1.0	0.0	0.0	0.0	0.0	0.0	0.0	0.0	0.0	0.0
ursa	1.0	0.0	0.0	0.0	0.0	0.0	0.0	0.0	0.0	0.0
evolve	0.0	0.0	1.0	0.0	0.0	0.0	0.0	0.0	0.0	0.0
microstreams	0.0	0.0	1.0	0.0	0.0	0.0	0.0	0.0	0.0	0.0
freezethaw	0.0	0.0	0.0	0.0	0.0	1.0	0.0	0.0	0.0	0.0
temperatureswings	0.0	0.0	0.0	0.0	0.0	1.0	0.0	0.0	0.0	0.0
fading	0.0	0.0	0.0	1.0	0.0	0.0	0.0	0.0	0.0	0.0
why	1.0	0.0	0.0	0.0	0.0	0.0	0.0	0.0	0.0	0.0
did	1.0	0.0	0.0	0.0	0.0	0.0	0.0	0.0	0.0	0.0
ways	1.0	0.0	0.0	0.0	0.0	0.0	0.0	0.0	0.0	0.0
unusually	1.0	0.0	0.0	0.0	0.0	0.0	0.0	0.0	0.0	0.0
comb	0.0	1.0	0.0	0.0	0.0	0.0	0.0	0.0	0.0	0.0
fourier	0.0	1.0	0.0	0.0	0.0	0.0	0.0	0.0	0.0	0.0
list	0.0	1.0	0.0	0.0	0.0	0.0	0.0	0.0	0.0	0.0
marvel	0.0	1.0	0.0	0.0	0.0	0.0	0.0	0.0	0.0	0.0
nextgeneration	0.0	1.0	0.0	0.0	0.0	0.0	0.0	0.0	0.0	0.0
sensingbased	0.0	1.0	0.0	0.0	0.0	0.0	0.0	0.0	0.0	0.0
learningdriven	0.0	1.0	0.0	0.0	0.0	0.0	0.0	0.0	0.0	0.0
exhibiting	0.0	0.0	0.5	0.0	0.0	0.0	0.0	0.0	0.5	0.0
periods	1.0	0.0	0.0	0.0	0.0	0.0	0.0	0.0	0.0	0.0
sectors	1.0	0.0	0.0	0.0	0.0	0.0	0.0	0.0	0.0	0.0
prime	1.0	0.0	0.0	0.0	0.0	0.0	0.0	0.0	0.0	0.0
unifying	0.0	0.0	1.0	0.0	0.0	0.0	0.0	0.0	0.0	0.0
mixed	0.5	0.0	0.5	0.0	0.0	0.0	0.0	0.0	0.0	0.0
modes	0.0	0.0	1.0	0.0	0.0	0.0	0.0	0.0	0.0	0.0
redsloped	0.0	0.0	0.0	1.0	0.0	0.0	0.0	0.0	0.0	0.0
longduration	1.0	0.0	0.0	0.0	0.0	0.0	0.0	0.0	0.0	0.0
options	0.0	1.0	0.0	0.0	0.0	0.0	0.0	0.0	0.0	0.0
midatlantic	0.0	1.0	0.0	0.0	0.0	0.0	0.0	0.0	0.0	0.0
lowlatitude	0.0	0.0	1.0	0.0	0.0	0.0	0.0	0.0	0.0	0.0
reconnected	0.0	0.0	1.0	0.0	0.0	0.0	0.0	0.0	0.0	0.0
northward	0.0	0.0	1.0	0.0	0.0	0.0	0.0	0.0	0.0	0.0
bce	0.0	0.0	1.0	0.0	0.0	0.0	0.0	0.0	0.0	0.0
miyake	0.0	0.0	1.0	0.0	0.0	0.0	0.0	0.0	0.0	0.0
solarproton	0.0	0.0	1.0	0.0	0.0	0.0	0.0	0.0	0.0	0.0
updrafts	0.0	1.0	0.0	0.0	0.0	0.0	0.0	0.0	0.0	0.0
snowstorms	0.0	1.0	0.0	0.0	0.0	0.0	0.0	0.0	0.0	0.0
hotelectron	0.0	0.0	0.0	0.0	0.0	1.0	0.0	0.0	0.0	0.0
plasmonics	0.0	0.0	0.0	0.0	0.0	1.0	0.0	0.0	0.0	0.0
radiationregulated	1.0	0.0	0.0	0.0	0.0	0.0	0.0	0.0	0.0	0.0
obscuration	1.0	0.0	0.0	0.0	0.0	0.0	0.0	0.0	0.0	0.0
redshiftdependent	1.0	0.0	0.0	0.0	0.0	0.0	0.0	0.0	0.0	0.0
gannon	0.0	0.0	1.0	0.0	0.0	0.0	0.0	0.0	0.0	0.0
superstorm	0.0	0.0	1.0	0.0	0.0	0.0	0.0	0.0	0.0	0.0
xrays	1.0	0.0	0.0	0.0	0.0	0.0	0.0	0.0	0.0	0.0
ophiuchis	1.0	0.0	0.0	0.0	0.0	0.0	0.0	0.0	0.0	0.0
tetraether	0.0	0.0	0.0	1.0	0.0	0.0	0.0	0.0	0.0	0.0
archaeal	0.0	0.0	0.0	1.0	0.0	0.0	0.0	0.0	0.0	0.0
lipids	0.0	0.0	0.0	1.0	0.0	0.0	0.0	0.0	0.0	0.0
promote	0.0	0.0	0.0	1.0	0.0	0.0	0.0	0.0	0.0	0.0
survival	0.0	0.0	0.0	1.0	0.0	0.0	0.0	0.0	0.0	0.0
happens	1.0	0.0	0.0	0.0	0.0	0.0	0.0	0.0	0.0	0.0
canucs	1.0	0.0	0.0	0.0	0.0	0.0	0.0	0.0	0.0	0.0
ijwstiniriss	1.0	0.0	0.0	0.0	0.0	0.0	0.0	0.0	0.0	0.0
grism	1.0	0.0	0.0	0.0	0.0	0.0	0.0	0.0	0.0	0.0
bead	0.0	0.0	1.0	0.0	0.0	0.0	0.0	0.0	0.0	0.0
almaimf	1.0	0.0	0.0	0.0	0.0	0.0	0.0	0.0	0.0	0.0
xv	1.0	0.0	0.0	0.0	0.0	0.0	0.0	0.0	0.0	0.0
gps	0.0	1.0	0.0	0.0	0.0	0.0	0.0	0.0	0.0	0.0
signs	0.0	0.0	1.0	0.0	0.0	0.0	0.0	0.0	0.0	0.0
forcefree	0.0	0.0	1.0	0.0	0.0	0.0	0.0	0.0	0.0	0.0
sigmoids	0.0	0.0	1.0	0.0	0.0	0.0	0.0	0.0	0.0	0.0
spacings	0.0	0.0	0.0	1.0	0.0	0.0	0.0	0.0	0.0	0.0
picaso	1.0	0.0	0.0	0.0	0.0	0.0	0.0	0.0	0.0	0.0
keplerb	1.0	0.0	0.0	0.0	0.0	0.0	0.0	0.0	0.0	0.0
electrolytedependent	0.0	0.0	0.0	0.0	0.0	0.0	0.0	0.0	1.0	0.0
liion	0.0	0.0	0.0	0.0	0.0	0.0	0.0	0.0	1.0	0.0
chargetransfer	0.0	0.0	0.0	0.0	0.0	0.0	0.0	0.0	1.0	0.0
lisubixisubcoosubsub	0.0	0.0	0.0	0.0	0.0	0.0	0.0	0.0	1.0	0.0
interface	0.0	0.0	0.0	0.0	0.0	0.3333333333333333	0.3333333333333333	0.0	0.3333333333333333	0.0
nearest	1.0	0.0	0.0	0.0	0.0	0.0	0.0	0.0	0.0	0.0
brightest	1.0	0.0	0.0	0.0	0.0	0.0	0.0	0.0	0.0	0.0
millisecond	1.0	0.0	0.0	0.0	0.0	0.0	0.0	0.0	0.0	0.0
psr	1.0	0.0	0.0	0.0	0.0	0.0	0.0	0.0	0.0	0.0
scpmetbasescp	0.0	0.0	0.0	1.0	0.0	0.0	0.0	0.0	0.0	0.0
been	0.0	0.0	0.0	1.0	0.0	0.0	0.0	0.0	0.0	0.0
astromat	0.0	0.0	0.0	1.0	0.0	0.0	0.0	0.0	0.0	0.0
optically	1.0	0.0	0.0	0.0	0.0	0.0	0.0	0.0	0.0	0.0
unification	1.0	0.0	0.0	0.0	0.0	0.0	0.0	0.0	0.0	0.0
xrayselected	1.0	0.0	0.0	0.0	0.0	0.0	0.0	0.0	0.0	0.0
quasiparallel	0.0	0.0	1.0	0.0	0.0	0.0	0.0	0.0	0.0	0.0
abundant	1.0	0.0	0.0	0.0	0.0	0.0	0.0	0.0	0.0	0.0
submicron	1.0	0.0	0.0	0.0	0.0	0.0	0.0	0.0	0.0	0.0
sexspecific	0.0	0.0	0.0	0.0	0.0	0.0	0.0	1.0	0.0	0.0
gcrsim	0.0	0.0	0.0	0.0	0.0	0.0	0.0	1.0	0.0	0.0
gamma	0.0	0.0	0.0	0.0	0.0	0.0	0.0	1.0	0.0	0.0
brains	0.0	0.0	0.0	0.0	0.0	0.0	0.0	1.0	0.0	0.0
hearts	0.0	0.0	0.0	0.0	0.0	0.0	0.0	1.0	0.0	0.0
kidneys	0.0	0.0	0.0	0.0	0.0	0.0	0.0	1.0	0.0	0.0
alzheimers	0.0	0.0	0.0	0.0	0.0	0.0	0.0	1.0	0.0	0.0
disease	0.0	0.0	0.0	0.0	0.0	0.0	0.0	1.0	0.0	0.0
pollen	0.0	1.0	0.0	0.0	0.0	0.0	0.0	0.0	0.0	0.0
hydrometeors	0.0	1.0	0.0	0.0	0.0	0.0	0.0	0.0	0.0	0.0
astrophysical	1.0	0.0	0.0	0.0	0.0	0.0	0.0	0.0	0.0	0.0
inference	0.6666666666666666	0.0	0.0	0.0	0.0	0.0	0.0	0.0	0.3333333333333333	0.0
indoor	0.0	1.0	0.0	0.0	0.0	0.0	0.0	0.0	0.0	0.0
athletic	0.0	1.0	0.0	0.0	0.0	0.0	0.0	0.0	0.0	0.0
quasiperiodically	1.0	0.0	0.0	0.0	0.0	0.0	0.0	0.0	0.0	0.0
erupting	1.0	0.0	0.0	0.0	0.0	0.0	0.0	0.0	0.0	0.0
gsn	1.0	0.0	0.0	0.0	0.0	0.0	0.0	0.0	0.0	0.0
elssie	0.0	0.0	0.0	1.0	0.0	0.0	0.0	0.0	0.0	0.0
stereo	0.0	0.0	0.0	1.0	0.0	0.0	0.0	0.0	0.0	0.0
switching	0.0	0.0	0.0	0.0	0.0	0.5	0.0	0.0	0.5	0.0
engine	0.0	0.0	0.0	0.0	0.0	0.0	0.0	0.0	1.0	0.0
reflection	0.0	0.0	1.0	0.0	0.0	0.0	0.0	0.0	0.0	0.0
harps	0.0	0.0	1.0	0.0	0.0	0.0	0.0	0.0	0.0	0.0
dm	1.0	0.0	0.0	0.0	0.0	0.0	0.0	0.0	0.0	0.0
tau	1.0	0.0	0.0	0.0	0.0	0.0	0.0	0.0	0.0	0.0
rethinking	0.0	0.0	0.0	0.0	0.0	1.0	0.0	0.0	0.0	0.0
propellantoptimal	0.0	0.0	0.0	0.0	0.0	1.0	0.0	0.0	0.0	0.0
powered	0.0	0.0	0.0	0.0	0.0	1.0	0.0	0.0	0.0	0.0
descent	0.0	0.0	0.0	0.0	0.0	1.0	0.0	0.0	0.0	0.0
tongahunga	0.0	1.0	0.0	0.0	0.0	0.0	0.0	0.0	0.0	0.0
haapai	0.0	1.0	0.0	0.0	0.0	0.0	0.0	0.0	0.0	0.0
overionized	1.0	0.0	0.0	0.0	0.0	0.0	0.0	0.0	0.0	0.0
anchored	1.0	0.0	0.0	0.0	0.0	0.0	0.0	0.0	0.0	0.0
xrism	1.0	0.0	0.0	0.0	0.0	0.0	0.0	0.0	0.0	0.0
quasars	1.0	0.0	0.0	0.0	0.0	0.0	0.0	0.0	0.0	0.0
erqs	1.0	0.0	0.0	0.0	0.0	0.0	0.0	0.0	0.0	0.0
bellybutton	0.0	0.0	0.0	0.0	1.0	0.0	0.0	0.0	0.0	0.0
accessible	0.0	0.0	0.0	0.0	1.0	0.0	0.0	0.0	0.0	0.0
customizable	0.0	0.0	0.0	0.0	1.0	0.0	0.0	0.0	0.0	0.0
deeplearning	0.0	0.0	0.0	0.0	1.0	0.0	0.0	0.0	0.0	0.0
knearestneighbors	0.0	1.0	0.0	0.0	0.0	0.0	0.0	0.0	0.0	0.0
topological	0.0	1.0	0.0	0.0	0.0	0.0	0.0	0.0	0.0	0.0
pca	0.0	1.0	0.0	0.0	0.0	0.0	0.0	0.0	0.0	0.0
rnasequence	0.0	1.0	0.0	0.0	0.0	0.0	0.0	0.0	0.0	0.0
ngtsb	1.0	0.0	0.0	0.0	0.0	0.0	0.0	0.0	0.0	0.0
saturn	0.5	0.0	0.0	0.5	0.0	0.0	0.0	0.0	0.0	0.0
analogue	0.5	0.0	0.0	0.5	0.0	0.0	0.0	0.0	0.0	0.0
multiomics	0.0	0.0	0.0	0.0	1.0	0.0	0.0	0.0	0.0	0.0
kras	0.0	0.0	0.0	0.0	1.0	0.0	0.0	0.0	0.0	0.0
inflammatory	0.0	0.0	0.0	0.0	1.0	0.0	0.0	0.0	0.0	0.0
ultrafaint	1.0	0.0	0.0	0.0	0.0	0.0	0.0	0.0	0.0	0.0
exert	1.0	0.0	0.0	0.0	0.0	0.0	0.0	0.0	0.0	0.0
equal	1.0	0.0	0.0	0.0	0.0	0.0	0.0	0.0	0.0	0.0
torques	1.0	0.0	0.0	0.0	0.0	0.0	0.0	0.0	0.0	0.0
thick	1.0	0.0	0.0	0.0	0.0	0.0	0.0	0.0	0.0	0.0
arrested	1.0	0.0	0.0	0.0	0.0	0.0	0.0	0.0	0.0	0.0
offgreat	0.0	0.0	1.0	0.0	0.0	0.0	0.0	0.0	0.0	0.0
circle	0.0	0.0	1.0	0.0	0.0	0.0	0.0	0.0	0.0	0.0
cropsight	0.0	1.0	0.0	0.0	0.0	0.0	0.0	0.0	0.0	0.0
operational	0.0	1.0	0.0	0.0	0.0	0.0	0.0	0.0	0.0	0.0
objectbased	0.0	1.0	0.0	0.0	0.0	0.0	0.0	0.0	0.0	0.0
dtarpss	1.0	0.0	0.0	0.0	0.0	0.0	0.0	0.0	0.0	0.0
catalogs	1.0	0.0	0.0	0.0	0.0	0.0	0.0	0.0	0.0	0.0
adaptiveoptics	1.0	0.0	0.0	0.0	0.0	0.0	0.0	0.0	0.0	0.0
silver	0.0	0.0	0.0	0.0	0.0	1.0	0.0	0.0	0.0	0.0
nanoinks	0.0	0.0	0.0	0.0	0.0	1.0	0.0	0.0	0.0	0.0
synthesized	0.0	0.0	0.0	0.0	0.0	1.0	0.0	0.0	0.0	0.0
biobased	0.0	0.0	0.0	0.0	0.0	1.0	0.0	0.0	0.0	0.0
polymers	0.0	0.0	0.0	0.0	0.0	1.0	0.0	0.0	0.0	0.0
printing	0.0	0.0	0.0	0.0	0.0	1.0	0.0	0.0	0.0	0.0
inspace	0.0	0.0	0.0	0.0	0.0	1.0	0.0	0.0	0.0	0.0
kcl	0.0	0.0	1.0	0.0	0.0	0.0	0.0	0.0	0.0	0.0
remnants	1.0	0.0	0.0	0.0	0.0	0.0	0.0	0.0	0.0	0.0
daq	1.0	0.0	0.0	0.0	0.0	0.0	0.0	0.0	0.0	0.0
subclass	1.0	0.0	0.0	0.0	0.0	0.0	0.0	0.0	0.0	0.0
links	1.0	0.0	0.0	0.0	0.0	0.0	0.0	0.0	0.0	0.0
spinup	1.0	0.0	0.0	0.0	0.0	0.0	0.0	0.0	0.0	0.0
pyridone	0.0	0.0	0.0	0.0	0.0	0.0	0.0	1.0	0.0	0.0
ribosides	0.0	0.0	0.0	0.0	0.0	0.0	0.0	1.0	0.0	0.0
nad	0.0	0.0	0.0	0.0	0.0	0.0	0.0	1.0	0.0	0.0
overoxidation	0.0	0.0	0.0	0.0	0.0	0.0	0.0	1.0	0.0	0.0
interconnected	0.0	0.0	0.0	1.0	0.0	0.0	0.0	0.0	0.0	0.0
nanoporosity	0.0	0.0	0.0	1.0	0.0	0.0	0.0	0.0	0.0	0.0
clayrich	0.0	0.0	0.0	1.0	0.0	0.0	0.0	0.0	0.0	0.0
astromaterials	0.0	0.0	0.0	1.0	0.0	0.0	0.0	0.0	0.0	0.0
hemispheres	0.0	1.0	0.0	0.0	0.0	0.0	0.0	0.0	0.0	0.0
warmfrontal	0.0	1.0	0.0	0.0	0.0	0.0	0.0	0.0	0.0	0.0
path	0.0	1.0	0.0	0.0	0.0	0.0	0.0	0.0	0.0	0.0
six	1.0	0.0	0.0	0.0	0.0	0.0	0.0	0.0	0.0	0.0
spectroscopically	1.0	0.0	0.0	0.0	0.0	0.0	0.0	0.0	0.0	0.0
confirmed	1.0	0.0	0.0	0.0	0.0	0.0	0.0	0.0	0.0	0.0
protostructures	1.0	0.0	0.0	0.0	0.0	0.0	0.0	0.0	0.0	0.0
satellitemagnetosphere	0.0	0.0	0.0	1.0	0.0	0.0	0.0	0.0	0.0	0.0
terminator	0.0	0.0	1.0	0.0	0.0	0.0	0.0	0.0	0.0	0.0
statetostate	1.0	0.0	0.0	0.0	0.0	0.0	0.0	0.0	0.0	0.0
predicted	1.0	0.0	0.0	0.0	0.0	0.0	0.0	0.0	0.0	0.0
quantumclassical	1.0	0.0	0.0	0.0	0.0	0.0	0.0	0.0	0.0	0.0
barrel	0.0	0.0	1.0	0.0	0.0	0.0	0.0	0.0	0.0	0.0
microburst	0.0	0.0	1.0	0.0	0.0	0.0	0.0	0.0	0.0	0.0
slowlyvarying	0.0	0.0	1.0	0.0	0.0	0.0	0.0	0.0	0.0	0.0
reevaluating	0.0	0.0	0.0	1.0	0.0	0.0	0.0	0.0	0.0	0.0
phosphorus	0.0	0.0	0.0	1.0	0.0	0.0	0.0	0.0	0.0	0.0
olivine	0.0	0.0	0.0	1.0	0.0	0.0	0.0	0.0	0.0	0.0
diffusive	0.0	0.0	0.0	1.0	0.0	0.0	0.0	0.0	0.0	0.0
thermochronology	0.0	0.0	0.0	1.0	0.0	0.0	0.0	0.0	0.0	0.0
viscosities	0.0	0.0	0.0	1.0	0.0	0.0	0.0	0.0	0.0	0.0
superearths	0.0	0.0	0.0	1.0	0.0	0.0	0.0	0.0	0.0	0.0
minineptunes	0.0	0.0	0.0	1.0	0.0	0.0	0.0	0.0	0.0	0.0
micrometeoroid	0.0	0.0	0.0	1.0	0.0	0.0	0.0	0.0	0.0	0.0
graphiterich	0.0	0.0	0.0	1.0	0.0	0.0	0.0	0.0	0.0	0.0
categorization	0.0	0.0	1.0	0.0	0.0	0.0	0.0	0.0	0.0	0.0
isotropy	0.0	0.0	1.0	0.0	0.0	0.0	0.0	0.0	0.0	0.0
elfin	0.0	0.0	1.0	0.0	0.0	0.0	0.0	0.0	0.0	0.0
poes	0.0	0.0	1.0	0.0	0.0	0.0	0.0	0.0	0.0	0.0
fall	1.0	0.0	0.0	0.0	0.0	0.0	0.0	0.0	0.0	0.0
output	1.0	0.0	0.0	0.0	0.0	0.0	0.0	0.0	0.0	0.0
end	1.0	0.0	0.0	0.0	0.0	0.0	0.0	0.0	0.0	0.0
highsensitivity	0.0	0.0	0.0	0.0	0.0	1.0	0.0	0.0	0.0	0.0
batiosubsub	0.0	0.0	0.0	0.0	0.0	1.0	0.0	0.0	0.0	0.0
capacitive	0.0	0.0	0.0	0.0	0.0	1.0	0.0	0.0	0.0	0.0
humidity	0.0	0.0	0.0	0.0	0.0	1.0	0.0	0.0	0.0	0.0
inkjet	0.0	0.0	0.0	0.0	0.0	1.0	0.0	0.0	0.0	0.0
numerics	0.0	0.0	1.0	0.0	0.0	0.0	0.0	0.0	0.0	0.0
settling	0.0	0.0	0.0	1.0	0.0	0.0	0.0	0.0	0.0	0.0
velocimetry	0.0	0.0	0.0	1.0	0.0	0.0	0.0	0.0	0.0	0.0
plutonium	0.0	0.0	0.0	0.0	0.0	0.0	0.0	1.0	0.0	0.0
radium	0.0	0.0	0.0	0.0	0.0	0.0	0.0	1.0	0.0	0.0
heart	0.0	0.0	0.0	0.0	0.0	0.0	0.0	1.0	0.0	0.0
highintensity	0.0	1.0	0.0	0.0	0.0	0.0	0.0	0.0	0.0	0.0
hydraulic	0.0	1.0	0.0	0.0	0.0	0.0	0.0	0.0	0.0	0.0
lahaina	0.0	1.0	0.0	0.0	0.0	0.0	0.0	0.0	0.0	0.0
lowrank	0.0	0.0	0.0	0.0	0.0	0.0	0.0	0.0	1.0	0.0
inputoutput	0.0	0.0	0.0	0.0	0.0	0.0	0.0	0.0	1.0	0.0
operator	0.0	0.0	0.0	0.0	0.0	0.0	0.0	0.0	1.0	0.0
forced	0.0	0.0	0.0	0.0	0.0	0.0	0.0	0.0	1.0	0.0
linearized	0.0	0.0	0.0	0.0	0.0	0.0	0.0	0.0	1.0	0.0
phosphoruscycling	0.0	0.0	0.0	1.0	0.0	0.0	0.0	0.0	0.0	0.0
enzymes	0.0	0.0	0.0	1.0	0.0	0.0	0.0	0.0	0.0	0.0
phylogenomics	0.0	0.0	0.0	1.0	0.0	0.0	0.0	0.0	0.0	0.0
making	0.0	0.0	0.0	0.0	0.0	1.0	0.0	0.0	0.0	0.0
habitats	0.0	0.0	0.0	0.0	0.0	1.0	0.0	0.0	0.0	0.0
interbasin	0.0	1.0	0.0	0.0	0.0	0.0	0.0	0.0	0.0	0.0
bellingshausen	0.0	1.0	0.0	0.0	0.0	0.0	0.0	0.0	0.0	0.0
amundsen	0.0	1.0	0.0	0.0	0.0	0.0	0.0	0.0	0.0	0.0
electrical	0.0	0.0	1.0	0.0	0.0	0.0	0.0	0.0	0.0	0.0
bioregenerative	0.0	0.0	0.0	0.0	1.0	0.0	0.0	0.0	0.0	0.0
dietary	0.0	0.0	0.0	0.0	1.0	0.0	0.0	0.0	0.0	0.0
supplementation	0.0	0.0	0.0	0.0	1.0	0.0	0.0	0.0	0.0	0.0
brassica	0.0	0.0	0.0	0.0	1.0	0.0	0.0	0.0	0.0	0.0
rapa	0.0	0.0	0.0	0.0	1.0	0.0	0.0	0.0	0.0	0.0
var	0.0	0.0	0.0	0.0	1.0	0.0	0.0	0.0	0.0	0.0
nipposinica	0.0	0.0	0.0	0.0	1.0	0.0	0.0	0.0	0.0	0.0
cultivars	0.0	0.0	0.0	0.0	1.0	0.0	0.0	0.0	0.0	0.0
carbonrich	0.0	0.0	0.0	1.0	0.0	0.0	0.0	0.0	0.0	0.0
reestablished	0.0	1.0	0.0	0.0	0.0	0.0	0.0	0.0	0.0	0.0
icygnus	0.0	1.0	0.0	0.0	0.0	0.0	0.0	0.0	0.0	0.0
buccinatori	0.0	1.0	0.0	0.0	0.0	0.0	0.0	0.0	0.0	0.0
trumpeter	0.0	1.0	0.0	0.0	0.0	0.0	0.0	0.0	0.0	0.0
swan	0.0	1.0	0.0	0.0	0.0	0.0	0.0	0.0	0.0	0.0
accounting	0.0	1.0	0.0	0.0	0.0	0.0	0.0	0.0	0.0	0.0
farred	0.0	1.0	0.0	0.0	0.0	0.0	0.0	0.0	0.0	0.0
budgets	0.0	1.0	0.0	0.0	0.0	0.0	0.0	0.0	0.0	0.0
gnssderived	0.0	1.0	0.0	0.0	0.0	0.0	0.0	0.0	0.0	0.0
assumed	0.0	0.5	0.0	0.5	0.0	0.0	0.0	0.0	0.0	0.0
romerea	1.0	0.0	0.0	0.0	0.0	0.0	0.0	0.0	0.0	0.0
threeyear	1.0	0.0	0.0	0.0	0.0	0.0	0.0	0.0	0.0	0.0
tricolor	1.0	0.0	0.0	0.0	0.0	0.0	0.0	0.0	0.0	0.0
bulge	1.0	0.0	0.0	0.0	0.0	0.0	0.0	0.0	0.0	0.0
wolfrayet	1.0	0.0	0.0	0.0	0.0	0.0	0.0	0.0	0.0	0.0
ensemblebased	1.0	0.0	0.0	0.0	0.0	0.0	0.0	0.0	0.0	0.0
nonsteadystate	0.0	1.0	0.0	0.0	0.0	0.0	0.0	0.0	0.0	0.0
stomatal	0.0	1.0	0.0	0.0	0.0	0.0	0.0	0.0	0.0	0.0
highstrength	0.0	0.0	0.0	0.0	0.0	0.0	0.0	1.0	0.0	0.0
twostage	0.0	0.0	0.0	0.0	0.0	0.0	0.0	1.0	0.0	0.0
nitritationanammox	0.0	0.0	0.0	0.0	0.0	0.0	0.0	1.0	0.0	0.0
dualmode	0.0	0.0	0.0	0.0	0.0	0.0	0.0	0.0	1.0	0.0
scramjet	0.0	0.0	0.0	0.0	0.0	0.0	0.0	0.0	1.0	0.0
frontier	1.0	0.0	0.0	0.0	0.0	0.0	0.0	0.0	0.0	0.0
warps	0.0	0.0	0.0	1.0	0.0	0.0	0.0	0.0	0.0	0.0
breaks	0.0	0.0	0.0	1.0	0.0	0.0	0.0	0.0	0.0	0.0
selfinteracting	1.0	0.0	0.0	0.0	0.0	0.0	0.0	0.0	0.0	0.0
hatpb	1.0	0.0	0.0	0.0	0.0	0.0	0.0	0.0	0.0	0.0
niriss	1.0	0.0	0.0	0.0	0.0	0.0	0.0	0.0	0.0	0.0
glaciovolcanism	0.0	0.0	0.0	1.0	0.0	0.0	0.0	0.0	0.0	0.0
risjkull	0.0	0.0	0.0	1.0	0.0	0.0	0.0	0.0	0.0	0.0
iceland	0.0	0.5	0.0	0.5	0.0	0.0	0.0	0.0	0.0	0.0
wide	0.0	0.0	0.0	1.0	0.0	0.0	0.0	0.0	0.0	0.0
intelligence	0.0	1.0	0.0	0.0	0.0	0.0	0.0	0.0	0.0	0.0
shift	0.0	1.0	0.0	0.0	0.0	0.0	0.0	0.0	0.0	0.0
earlywinter	0.0	1.0	0.0	0.0	0.0	0.0	0.0	0.0	0.0	0.0
reductionspart	0.0	1.0	0.0	0.0	0.0	0.0	0.0	0.0	0.0	0.0
benefitperton	0.0	1.0	0.0	0.0	0.0	0.0	0.0	0.0	0.0	0.0
envelopes	1.0	0.0	0.0	0.0	0.0	0.0	0.0	0.0	0.0	0.0
finestructure	1.0	0.0	0.0	0.0	0.0	0.0	0.0	0.0	0.0	0.0
nesupsup	1.0	0.0	0.0	0.0	0.0	0.0	0.0	0.0	0.0	0.0
arsupsup	1.0	0.0	0.0	0.0	0.0	0.0	0.0	0.0	0.0	0.0
pseudoincompressible	0.0	0.0	1.0	0.0	0.0	0.0	0.0	0.0	0.0	0.0
brightness	0.0	0.0	0.0	1.0	0.0	0.0	0.0	0.0	0.0	0.0
oort	0.0	0.0	0.0	1.0	0.0	0.0	0.0	0.0	0.0	0.0
humanagent	0.0	0.0	0.0	0.0	0.0	0.0	0.0	1.0	0.0	0.0
conversation	0.0	0.0	0.0	0.0	0.0	0.0	0.0	1.0	0.0	0.0
epistemic	0.0	0.0	0.0	0.0	0.0	0.0	0.0	1.0	0.0	0.0
superresolve	0.0	0.0	1.0	0.0	0.0	0.0	0.0	0.0	0.0	0.0
crossedfield	0.0	0.0	0.0	0.0	0.0	1.0	0.0	0.0	0.0	0.0
aemulus	1.0	0.0	0.0	0.0	0.0	0.0	0.0	0.0	0.0	0.0
beyondstandard	1.0	0.0	0.0	0.0	0.0	0.0	0.0	0.0	0.0	0.0
isiroccoi	1.0	0.0	0.0	0.0	0.0	0.0	0.0	0.0	0.0	0.0
publicly	1.0	0.0	0.0	0.0	0.0	0.0	0.0	0.0	0.0	0.0
available	1.0	0.0	0.0	0.0	0.0	0.0	0.0	0.0	0.0	0.0
ultrasonic	1.0	0.0	0.0	0.0	0.0	0.0	0.0	0.0	0.0	0.0
transducers	1.0	0.0	0.0	0.0	0.0	0.0	0.0	0.0	0.0	0.0
sonic	1.0	0.0	0.0	0.0	0.0	0.0	0.0	0.0	0.0	0.0
anemometry	1.0	0.0	0.0	0.0	0.0	0.0	0.0	0.0	0.0	0.0
macroecological	0.0	0.0	0.0	1.0	0.0	0.0	0.0	0.0	0.0	0.0
predictors	0.0	0.0	0.0	1.0	0.0	0.0	0.0	0.0	0.0	0.0
apply	0.0	0.0	0.0	1.0	0.0	0.0	0.0	0.0	0.0	0.0
microgeographic	0.0	0.0	0.0	1.0	0.0	0.0	0.0	0.0	0.0	0.0
cladoceran	0.0	0.0	0.0	1.0	0.0	0.0	0.0	0.0	0.0	0.0
larger	1.0	0.0	0.0	0.0	0.0	0.0	0.0	0.0	0.0	0.0
confirms	1.0	0.0	0.0	0.0	0.0	0.0	0.0	0.0	0.0	0.0
supsup	1.0	0.0	0.0	0.0	0.0	0.0	0.0	0.0	0.0	0.0
nonzerofrequency	0.0	0.0	1.0	0.0	0.0	0.0	0.0	0.0	0.0	0.0
ranges	0.0	1.0	0.0	0.0	0.0	0.0	0.0	0.0	0.0	0.0
represent	0.0	1.0	0.0	0.0	0.0	0.0	0.0	0.0	0.0	0.0
void	1.0	0.0	0.0	0.0	0.0	0.0	0.0	0.0	0.0	0.0
centuries	0.0	1.0	0.0	0.0	0.0	0.0	0.0	0.0	0.0	0.0
ismip	0.0	1.0	0.0	0.0	0.0	0.0	0.0	0.0	0.0	0.0
morphometry	0.0	0.5	0.0	0.5	0.0	0.0	0.0	0.0	0.0	0.0
stalked	0.0	1.0	0.0	0.0	0.0	0.0	0.0	0.0	0.0	0.0
barnacle	0.0	1.0	0.0	0.0	0.0	0.0	0.0	0.0	0.0	0.0
pollicipes	0.0	1.0	0.0	0.0	0.0	0.0	0.0	0.0	0.0	0.0
gmelin	0.0	1.0	0.0	0.0	0.0	0.0	0.0	0.0	0.0	0.0
coasts	0.0	1.0	0.0	0.0	0.0	0.0	0.0	0.0	0.0	0.0
nw	0.0	1.0	0.0	0.0	0.0	0.0	0.0	0.0	0.0	0.0
iberia	0.0	1.0	0.0	0.0	0.0	0.0	0.0	0.0	0.0	0.0
epoxy	0.0	0.0	0.0	0.0	0.0	1.0	0.0	0.0	0.0	0.0
glassy	0.0	0.0	0.0	0.0	0.0	1.0	0.0	0.0	0.0	0.0
epoxyamine	0.0	0.0	0.0	0.0	0.0	1.0	0.0	0.0	0.0	0.0
thermosets	0.0	0.0	0.0	0.0	0.0	1.0	0.0	0.0	0.0	0.0
disulfides	0.0	0.0	0.0	0.0	0.0	1.0	0.0	0.0	0.0	0.0
subilisupsup	1.0	0.0	0.0	0.0	0.0	0.0	0.0	0.0	0.0	0.0
microlensing	1.0	0.0	0.0	0.0	0.0	0.0	0.0	0.0	0.0	0.0
reentry	0.0	0.0	1.0	0.0	0.0	0.0	0.0	0.0	0.0	0.0
megaconstellations	0.0	0.0	1.0	0.0	0.0	0.0	0.0	0.0	0.0	0.0
piezoelectric	0.0	0.0	0.0	0.0	0.0	1.0	0.0	0.0	0.0	0.0
impedancebased	0.0	0.0	0.0	0.0	0.0	1.0	0.0	0.0	0.0	0.0
empowered	0.0	0.0	0.0	0.0	0.0	1.0	0.0	0.0	0.0	0.0
multiobjective	0.0	0.0	0.0	0.0	0.0	1.0	0.0	0.0	0.0	0.0
inverse	0.0	0.0	0.0	0.0	0.0	1.0	0.0	0.0	0.0	0.0
hpe	1.0	0.0	0.0	0.0	0.0	0.0	0.0	0.0	0.0	0.0
triply	1.0	0.0	0.0	0.0	0.0	0.0	0.0	0.0	0.0	0.0
beads	1.0	0.0	0.0	0.0	0.0	0.0	0.0	0.0	0.0	0.0
string	1.0	0.0	0.0	0.0	0.0	0.0	0.0	0.0	0.0	0.0
darkmatterdeficient	1.0	0.0	0.0	0.0	0.0	0.0	0.0	0.0	0.0	0.0
minibullet	1.0	0.0	0.0	0.0	0.0	0.0	0.0	0.0	0.0	0.0
satellitesatellite	1.0	0.0	0.0	0.0	0.0	0.0	0.0	0.0	0.0	0.0
butterfly	0.0	0.0	1.0	0.0	0.0	0.0	0.0	0.0	0.0	0.0
ili	0.0	0.0	1.0	0.0	0.0	0.0	0.0	0.0	0.0	0.0
consolidated	1.0	0.0	0.0	0.0	0.0	0.0	0.0	0.0	0.0	0.0
update	1.0	0.0	0.0	0.0	0.0	0.0	0.0	0.0	0.0	0.0
proximity	1.0	0.0	0.0	0.0	0.0	0.0	0.0	0.0	0.0	0.0
harnessing	0.0	1.0	0.0	0.0	0.0	0.0	0.0	0.0	0.0	0.0
fireburning	0.0	1.0	0.0	0.0	0.0	0.0	0.0	0.0	0.0	0.0
locations	0.5	0.5	0.0	0.0	0.0	0.0	0.0	0.0	0.0	0.0
intracluster	1.0	0.0	0.0	0.0	0.0	0.0	0.0	0.0	0.0	0.0
tev	1.0	0.0	0.0	0.0	0.0	0.0	0.0	0.0	0.0	0.0
afgl	1.0	0.0	0.0	0.0	0.0	0.0	0.0	0.0	0.0	0.0
suninduced	0.0	1.0	0.0	0.0	0.0	0.0	0.0	0.0	0.0	0.0
indices	0.0	1.0	0.0	0.0	0.0	0.0	0.0	0.0	0.0	0.0
midwestern	0.0	1.0	0.0	0.0	0.0	0.0	0.0	0.0	0.0	0.0
agroecosystems	0.0	1.0	0.0	0.0	0.0	0.0	0.0	0.0	0.0	0.0
landers	0.0	0.0	0.0	0.0	0.0	1.0	0.0	0.0	0.0	0.0
determinations	1.0	0.0	0.0	0.0	0.0	0.0	0.0	0.0	0.0	0.0
figuring	1.0	0.0	0.0	0.0	0.0	0.0	0.0	0.0	0.0	0.0
enzo	1.0	0.0	0.0	0.0	0.0	0.0	0.0	0.0	0.0	0.0
foggie	1.0	0.0	0.0	0.0	0.0	0.0	0.0	0.0	0.0	0.0
vii	1.0	0.0	0.0	0.0	0.0	0.0	0.0	0.0	0.0	0.0
disassembly	1.0	0.0	0.0	0.0	0.0	0.0	0.0	0.0	0.0	0.0
addition	0.0	1.0	0.0	0.0	0.0	0.0	0.0	0.0	0.0	0.0
carbontooxygen	1.0	0.0	0.0	0.0	0.0	0.0	0.0	0.0	0.0	0.0
waspb	1.0	0.0	0.0	0.0	0.0	0.0	0.0	0.0	0.0	0.0
geminisigrins	1.0	0.0	0.0	0.0	0.0	0.0	0.0	0.0	0.0	0.0
possibility	0.0	0.0	0.0	1.0	0.0	0.0	0.0	0.0	0.0	0.0
magmatism	0.0	0.0	0.0	1.0	0.0	0.0	0.0	0.0	0.0	0.0
magnetism	0.0	0.0	0.0	1.0	0.0	0.0	0.0	0.0	0.0	0.0
they	1.0	0.0	0.0	0.0	0.0	0.0	0.0	0.0	0.0	0.0
appear	1.0	0.0	0.0	0.0	0.0	0.0	0.0	0.0	0.0	0.0
zoomin	1.0	0.0	0.0	0.0	0.0	0.0	0.0	0.0	0.0	0.0
preferences	0.0	1.0	0.0	0.0	0.0	0.0	0.0	0.0	0.0	0.0
managing	0.0	1.0	0.0	0.0	0.0	0.0	0.0	0.0	0.0	0.0
greece	0.0	1.0	0.0	0.0	0.0	0.0	0.0	0.0	0.0	0.0
feo	1.0	0.0	0.0	0.0	0.0	0.0	0.0	0.0	0.0	0.0
logitik	1.0	0.0	0.0	0.0	0.0	0.0	0.0	0.0	0.0	0.0
permeating	1.0	0.0	0.0	0.0	0.0	0.0	0.0	0.0	0.0	0.0
limiting	0.0	0.0	0.0	0.0	1.0	0.0	0.0	0.0	0.0	0.0
volume	0.0	0.0	0.0	0.0	1.0	0.0	0.0	0.0	0.0	0.0
opposed	0.0	0.0	0.0	0.0	1.0	0.0	0.0	0.0	0.0	0.0
salinefluid	0.0	0.0	0.0	1.0	0.0	0.0	0.0	0.0	0.0	0.0
contributing	0.0	0.0	1.0	0.0	0.0	0.0	0.0	0.0	0.0	0.0
directional	0.0	1.0	0.0	0.0	0.0	0.0	0.0	0.0	0.0	0.0
phaseaccurate	0.0	1.0	0.0	0.0	0.0	0.0	0.0	0.0	0.0	0.0
wideswath	0.0	1.0	0.0	0.0	0.0	0.0	0.0	0.0	0.0	0.0
nisar	0.0	1.0	0.0	0.0	0.0	0.0	0.0	0.0	0.0	0.0
greater	0.0	1.0	0.0	0.0	0.0	0.0	0.0	0.0	0.0	0.0
implied	0.0	1.0	0.0	0.0	0.0	0.0	0.0	0.0	0.0	0.0
thinning	0.0	1.0	0.0	0.0	0.0	0.0	0.0	0.0	0.0	0.0
windlaunching	1.0	0.0	0.0	0.0	0.0	0.0	0.0	0.0	0.0	0.0
repelling	1.0	0.0	0.0	0.0	0.0	0.0	0.0	0.0	0.0	0.0
pairs	1.0	0.0	0.0	0.0	0.0	0.0	0.0	0.0	0.0	0.0
pingpong	1.0	0.0	0.0	0.0	0.0	0.0	0.0	0.0	0.0	0.0
triples	1.0	0.0	0.0	0.0	0.0	0.0	0.0	0.0	0.0	0.0
triplelined	1.0	0.0	0.0	0.0	0.0	0.0	0.0	0.0	0.0	0.0
threading	0.0	0.0	0.0	0.0	0.0	1.0	0.0	0.0	0.0	0.0
dislocations	0.0	0.0	0.0	0.0	0.0	1.0	0.0	0.0	0.0	0.0
gainp	0.0	0.0	0.0	0.0	0.0	1.0	0.0	0.0	0.0	0.0
rearjunction	0.0	0.0	0.0	0.0	0.0	1.0	0.0	0.0	0.0	0.0
antimicrobial	0.0	0.0	0.0	0.0	0.0	1.0	0.0	0.0	0.0	0.0
polylactic	0.0	0.0	0.0	0.0	0.0	1.0	0.0	0.0	0.0	0.0
acid	0.0	0.0	0.0	0.0	0.0	1.0	0.0	0.0	0.0	0.0
polyurethanebased	0.0	0.0	0.0	0.0	0.0	1.0	0.0	0.0	0.0	0.0
enduring	0.0	0.0	0.0	0.0	0.0	1.0	0.0	0.0	0.0	0.0
recycling	0.0	0.0	0.0	0.0	0.0	1.0	0.0	0.0	0.0	0.0
feather	1.0	0.0	0.0	0.0	0.0	0.0	0.0	0.0	0.0	0.0
kindred	1.0	0.0	0.0	0.0	0.0	0.0	0.0	0.0	0.0	0.0
plck	1.0	0.0	0.0	0.0	0.0	0.0	0.0	0.0	0.0	0.0
onsubsub	0.0	0.0	1.0	0.0	0.0	0.0	0.0	0.0	0.0	0.0
eclipses	0.0	0.0	1.0	0.0	0.0	0.0	0.0	0.0	0.0	0.0
sulfaterich	0.0	0.0	0.0	1.0	0.0	0.0	0.0	0.0	0.0	0.0
created	0.0	0.0	1.0	0.0	0.0	0.0	0.0	0.0	0.0	0.0
duct	0.0	0.0	1.0	0.0	0.0	0.0	0.0	0.0	0.0	0.0
retrospective	0.0	1.0	0.0	0.0	0.0	0.0	0.0	0.0	0.0	0.0
remotesensing	0.0	1.0	0.0	0.0	0.0	0.0	0.0	0.0	0.0	0.0
inland	0.0	1.0	0.0	0.0	0.0	0.0	0.0	0.0	0.0	0.0
waters	0.0	1.0	0.0	0.0	0.0	0.0	0.0	0.0	0.0	0.0
closure	0.0	1.0	0.0	0.0	0.0	0.0	0.0	0.0	0.0	0.0
irrigated	0.0	1.0	0.0	0.0	0.0	0.0	0.0	0.0	0.0	0.0
alfalfa	0.0	1.0	0.0	0.0	0.0	0.0	0.0	0.0	0.0	0.0
hts	0.0	0.0	0.0	0.0	0.0	0.0	0.0	0.0	1.0	0.0
magnet	0.0	0.0	0.0	0.0	0.0	0.0	0.0	0.0	1.0	0.0
impregnation	0.0	0.0	0.0	0.0	0.0	0.0	0.0	0.0	1.0	0.0
language	0.0	0.0	0.0	0.5	0.0	0.5	0.0	0.0	0.0	0.0
predicts	0.0	0.5	0.0	0.5	0.0	0.0	0.0	0.0	0.0	0.0
coregulation	0.0	0.0	0.0	1.0	0.0	0.0	0.0	0.0	0.0	0.0
typhooninduced	0.0	1.0	0.0	0.0	0.0	0.0	0.0	0.0	0.0	0.0
pinchoff	0.0	0.0	0.0	0.0	1.0	0.0	0.0	0.0	0.0	0.0
sidearm	0.0	0.0	0.0	0.0	1.0	0.0	0.0	0.0	0.0	0.0
necks	0.0	0.0	0.0	0.0	1.0	0.0	0.0	0.0	0.0	0.0
dendrite	0.0	0.0	0.0	0.0	1.0	0.0	0.0	0.0	0.0	0.0
cosmogenic	0.0	0.0	0.0	1.0	0.0	0.0	0.0	0.0	0.0	0.0
neon	0.0	0.0	0.0	1.0	0.0	0.0	0.0	0.0	0.0	0.0
minerals	0.0	0.0	0.0	1.0	0.0	0.0	0.0	0.0	0.0	0.0
gb	0.0	0.0	0.0	1.0	0.0	0.0	0.0	0.0	0.0	0.0
magnesiumlithium	0.0	0.0	0.0	0.0	0.0	1.0	0.0	0.0	0.0	0.0
hamiltonian	0.0	0.0	1.0	0.0	0.0	0.0	0.0	0.0	0.0	0.0
insightseers	0.0	0.0	0.0	1.0	0.0	0.0	0.0	0.0	0.0	0.0
boarders	0.0	0.0	0.0	1.0	0.0	0.0	0.0	0.0	0.0	0.0
programmes	0.0	0.0	0.0	1.0	0.0	0.0	0.0	0.0	0.0	0.0
taylors	0.0	0.0	1.0	0.0	0.0	0.0	0.0	0.0	0.0	0.0
testrelated	0.0	0.0	0.0	0.0	0.0	1.0	0.0	0.0	0.0	0.0
facility	0.0	0.0	0.0	0.0	0.0	1.0	0.0	0.0	0.0	0.0
operation	0.0	0.0	0.0	0.0	0.0	1.0	0.0	0.0	0.0	0.0
tectonics	0.0	0.0	0.0	1.0	0.0	0.0	0.0	0.0	0.0	0.0
seismicity	0.0	0.0	0.0	1.0	0.0	0.0	0.0	0.0	0.0	0.0
corrugated	0.0	0.0	0.0	0.0	0.0	0.0	1.0	0.0	0.0	0.0
faraday	0.0	0.0	0.0	0.0	0.0	0.0	1.0	0.0	0.0	0.0
photospheric	1.0	0.0	0.0	0.0	0.0	0.0	0.0	0.0	0.0	0.0
cataclysmic	1.0	0.0	0.0	0.0	0.0	0.0	0.0	0.0	0.0	0.0
deriving	1.0	0.0	0.0	0.0	0.0	0.0	0.0	0.0	0.0	0.0
nc	1.0	0.0	0.0	0.0	0.0	0.0	0.0	0.0	0.0	0.0
resin	0.0	0.0	0.0	0.0	0.0	1.0	0.0	0.0	0.0	0.0
percolation	0.0	0.0	0.0	0.0	0.0	1.0	0.0	0.0	0.0	0.0
intimate	0.0	0.0	0.0	0.0	0.0	1.0	0.0	0.0	0.0	0.0
excessive	0.0	1.0	0.0	0.0	0.0	0.0	0.0	0.0	0.0	0.0
goddard	0.0	1.0	0.0	0.0	0.0	0.0	0.0	0.0	0.0	0.0
geos	0.0	1.0	0.0	0.0	0.0	0.0	0.0	0.0	0.0	0.0
chromatophore	0.0	0.0	0.0	1.0	0.0	0.0	0.0	0.0	0.0	0.0
amoeba	0.0	0.0	0.0	1.0	0.0	0.0	0.0	0.0	0.0	0.0
ipaulinellai	0.0	0.0	0.0	1.0	0.0	0.0	0.0	0.0	0.0	0.0
limitation	0.0	1.0	0.0	0.0	0.0	0.0	0.0	0.0	0.0	0.0
dampens	0.0	1.0	0.0	0.0	0.0	0.0	0.0	0.0	0.0	0.0
harmful	0.0	1.0	0.0	0.0	0.0	0.0	0.0	0.0	0.0	0.0
widespread	0.0	0.5	0.0	0.5	0.0	0.0	0.0	0.0	0.0	0.0
layered	0.0	0.0	0.0	1.0	0.0	0.0	0.0	0.0	0.0	0.0
deposits	0.0	0.0	0.0	1.0	0.0	0.0	0.0	0.0	0.0	0.0
multiband	0.0	0.0	0.0	1.0	0.0	0.0	0.0	0.0	0.0	0.0
sharad	0.0	0.0	0.0	1.0	0.0	0.0	0.0	0.0	0.0	0.0
reflectivity	0.0	0.5	0.0	0.5	0.0	0.0	0.0	0.0	0.0	0.0
refined	1.0	0.0	0.0	0.0	0.0	0.0	0.0	0.0	0.0	0.0
kinetx	0.0	0.0	1.0	0.0	0.0	0.0	0.0	0.0	0.0	0.0
baroclinic	0.0	1.0	0.0	0.0	0.0	0.0	0.0	0.0	0.0	0.0
drifters	0.0	1.0	0.0	0.0	0.0	0.0	0.0	0.0	0.0	0.0
favour	1.0	0.0	0.0	0.0	0.0	0.0	0.0	0.0	0.0	0.0
pure	1.0	0.0	0.0	0.0	0.0	0.0	0.0	0.0	0.0	0.0
deflagration	1.0	0.0	0.0	0.0	0.0	0.0	0.0	0.0	0.0	0.0
nearchandrasekhar	1.0	0.0	0.0	0.0	0.0	0.0	0.0	0.0	0.0	0.0
mantling	0.0	0.0	0.0	1.0	0.0	0.0	0.0	0.0	0.0	0.0
boulder	0.0	0.0	0.0	1.0	0.0	0.0	0.0	0.0	0.0	0.0
lowlands	0.0	0.0	0.0	1.0	0.0	0.0	0.0	0.0	0.0	0.0
fulldepth	0.0	1.0	0.0	0.0	0.0	0.0	0.0	0.0	0.0	0.0
steric	0.0	1.0	0.0	0.0	0.0	0.0	0.0	0.0	0.0	0.0
southwest	0.0	1.0	0.0	0.0	0.0	0.0	0.0	0.0	0.0	0.0
synergistic	0.0	1.0	0.0	0.0	0.0	0.0	0.0	0.0	0.0	0.0
elastic	0.0	1.0	0.0	0.0	0.0	0.0	0.0	0.0	0.0	0.0
ancient	0.0	0.0	0.0	1.0	0.0	0.0	0.0	0.0	0.0	0.0
nitrogenases	0.0	0.0	0.0	1.0	0.0	0.0	0.0	0.0	0.0	0.0
atp	0.0	0.0	0.0	1.0	0.0	0.0	0.0	0.0	0.0	0.0
planetesimal	0.0	0.0	0.0	1.0	0.0	0.0	0.0	0.0	0.0	0.0
ddash	1.0	0.0	0.0	0.0	0.0	0.0	0.0	0.0	0.0	0.0
scatter	1.0	0.0	0.0	0.0	0.0	0.0	0.0	0.0	0.0	0.0
old	0.5	0.0	0.0	0.5	0.0	0.0	0.0	0.0	0.0	0.0
multifunctional	0.0	0.0	0.0	0.0	0.0	1.0	0.0	0.0	0.0	0.0
spaceplates	0.0	0.0	0.0	0.0	0.0	1.0	0.0	0.0	0.0	0.0
aberration	0.0	0.0	0.0	0.0	0.0	1.0	0.0	0.0	0.0	0.0
changinglook	1.0	0.0	0.0	0.0	0.0	0.0	0.0	0.0	0.0	0.0
diskcaptured	1.0	0.0	0.0	0.0	0.0	0.0	0.0	0.0	0.0	0.0
dots	1.0	0.0	0.0	0.0	0.0	0.0	0.0	0.0	0.0	0.0
sensitive	0.0	1.0	0.0	0.0	0.0	0.0	0.0	0.0	0.0	0.0
microphysics	0.0	1.0	0.0	0.0	0.0	0.0	0.0	0.0	0.0	0.0
nudged	0.0	1.0	0.0	0.0	0.0	0.0	0.0	0.0	0.0	0.0
stormresolving	0.0	1.0	0.0	0.0	0.0	0.0	0.0	0.0	0.0	0.0
underestimated	0.0	1.0	0.0	0.0	0.0	0.0	0.0	0.0	0.0	0.0
pantanal	0.0	1.0	0.0	0.0	0.0	0.0	0.0	0.0	0.0	0.0
compressibility	0.0	0.0	1.0	0.0	0.0	0.0	0.0	0.0	0.0	0.0
kelvinhelmholtz	0.0	0.0	1.0	0.0	0.0	0.0	0.0	0.0	0.0	0.0
whiteface	0.0	1.0	0.0	0.0	0.0	0.0	0.0	0.0	0.0	0.0
york	0.0	1.0	0.0	0.0	0.0	0.0	0.0	0.0	0.0	0.0
fastest	0.0	0.0	0.0	1.0	0.0	0.0	0.0	0.0	0.0	0.0
rotators	0.0	0.0	0.0	1.0	0.0	0.0	0.0	0.0	0.0	0.0
arecibo	0.0	0.0	0.0	1.0	0.0	0.0	0.0	0.0	0.0	0.0
rotate	0.0	1.0	0.0	0.0	0.0	0.0	0.0	0.0	0.0	0.0
multibands	0.0	1.0	0.0	0.0	0.0	0.0	0.0	0.0	0.0	0.0
catalogue	1.0	0.0	0.0	0.0	0.0	0.0	0.0	0.0	0.0	0.0
chandra	1.0	0.0	0.0	0.0	0.0	0.0	0.0	0.0	0.0	0.0
cfht	1.0	0.0	0.0	0.0	0.0	0.0	0.0	0.0	0.0	0.0
sunyaevzeldovich	1.0	0.0	0.0	0.0	0.0	0.0	0.0	0.0	0.0	0.0
pairwise	1.0	0.0	0.0	0.0	0.0	0.0	0.0	0.0	0.0	0.0
woodljungdahl	0.0	0.0	0.0	1.0	0.0	0.0	0.0	0.0	0.0	0.0
pathway	0.0	0.0	0.0	1.0	0.0	0.0	0.0	0.0	0.0	0.0
anaerobes	0.0	0.0	0.0	1.0	0.0	0.0	0.0	0.0	0.0	0.0
facilitate	0.0	0.0	0.0	1.0	0.0	0.0	0.0	0.0	0.0	0.0
sediments	0.0	0.0	0.0	1.0	0.0	0.0	0.0	0.0	0.0	0.0
utah	0.0	0.0	0.0	1.0	0.0	0.0	0.0	0.0	0.0	0.0
osirisrex	0.0	0.0	0.0	1.0	0.0	0.0	0.0	0.0	0.0	0.0
ipath	0.0	0.0	1.0	0.0	0.0	0.0	0.0	0.0	0.0	0.0
chinese	0.0	1.0	0.0	0.0	0.0	0.0	0.0	0.0	0.0	0.0
fix	0.0	1.0	0.0	0.0	0.0	0.0	0.0	0.0	0.0	0.0
political	0.0	1.0	0.0	0.0	0.0	0.0	0.0	0.0	0.0	0.0
finance	0.0	1.0	0.0	0.0	0.0	0.0	0.0	0.0	0.0	0.0
elephant	0.0	1.0	0.0	0.0	0.0	0.0	0.0	0.0	0.0	0.0
trails	0.0	1.0	0.0	0.0	0.0	0.0	0.0	0.0	0.0	0.0
aerodynamic	0.0	0.0	0.0	0.0	0.0	0.0	0.0	0.0	1.0	0.0
diagnosability	0.0	0.0	0.0	0.0	0.0	0.0	0.0	0.0	1.0	0.0
unknown	0.0	0.0	0.0	0.0	0.0	0.0	0.0	0.0	1.0	0.0
discrete	0.0	0.0	0.0	0.0	0.0	0.0	0.0	0.0	1.0	0.0
trail	0.0	1.0	0.0	0.0	0.0	0.0	0.0	0.0	0.0	0.0
creek	0.0	1.0	0.0	0.0	0.0	0.0	0.0	0.0	0.0	0.0
caged	0.0	0.0	0.0	0.0	0.0	1.0	0.0	0.0	0.0	0.0
tunneling	0.0	0.0	0.0	0.0	0.0	1.0	0.0	0.0	0.0	0.0
liquidsolid	0.0	0.0	0.0	0.0	0.0	1.0	0.0	0.0	0.0	0.0
waccmx	0.0	0.0	1.0	0.0	0.0	0.0	0.0	0.0	0.0	0.0
cotoh	1.0	0.0	0.0	0.0	0.0	0.0	0.0	0.0	0.0	0.0
factor	0.5	0.0	0.0	0.5	0.0	0.0	0.0	0.0	0.0	0.0
collisioncoalescence	0.0	1.0	0.0	0.0	0.0	0.0	0.0	0.0	0.0	0.0
dynamicsweighted	0.0	1.0	0.0	0.0	0.0	0.0	0.0	0.0	0.0	0.0
dominant	0.0	1.0	0.0	0.0	0.0	0.0	0.0	0.0	0.0	0.0
subpolar	0.0	1.0	0.0	0.0	0.0	0.0	0.0	0.0	0.0	0.0
gyre	0.0	1.0	0.0	0.0	0.0	0.0	0.0	0.0	0.0	0.0
vulnerability	0.0	1.0	0.0	0.0	0.0	0.0	0.0	0.0	0.0	0.0
roomtemperature	0.0	0.0	0.0	0.0	0.0	1.0	0.0	0.0	0.0	0.0
suppressing	0.0	0.0	0.0	0.0	0.0	1.0	0.0	0.0	0.0	0.0
phononmagnon	0.0	0.0	0.0	0.0	0.0	1.0	0.0	0.0	0.0	0.0
kev	0.0	0.0	1.0	0.0	0.0	0.0	0.0	0.0	0.0	0.0
asupsup	1.0	0.0	0.0	0.0	0.0	0.0	0.0	0.0	0.0	0.0
xsupsupsupsup	1.0	0.0	0.0	0.0	0.0	0.0	0.0	0.0	0.0	0.0
bsupsupsupsup	1.0	0.0	0.0	0.0	0.0	0.0	0.0	0.0	0.0	0.0
cacl	1.0	0.0	0.0	0.0	0.0	0.0	0.0	0.0	0.0	0.0
siderophile	0.0	0.0	0.0	1.0	0.0	0.0	0.0	0.0	0.0	0.0
supsupresupsupos	0.0	0.0	0.0	1.0	0.0	0.0	0.0	0.0	0.0	0.0
systematics	0.0	0.0	0.0	1.0	0.0	0.0	0.0	0.0	0.0	0.0
tafassasset	0.0	0.0	0.0	1.0	0.0	0.0	0.0	0.0	0.0	0.0
carbonaceouslike	0.0	0.0	0.0	1.0	0.0	0.0	0.0	0.0	0.0	0.0
primitive	0.0	0.0	0.0	1.0	0.0	0.0	0.0	0.0	0.0	0.0
achondrite	0.0	0.0	0.0	1.0	0.0	0.0	0.0	0.0	0.0	0.0
osse	0.0	0.0	1.0	0.0	0.0	0.0	0.0	0.0	0.0	0.0
example	0.0	0.0	1.0	0.0	0.0	0.0	0.0	0.0	0.0	0.0
titanium	0.0	0.0	0.0	1.0	0.0	0.0	0.0	0.0	0.0	0.0
zirconium	0.0	0.0	0.0	1.0	0.0	0.0	0.0	0.0	0.0	0.0
gregorys	0.0	0.0	0.0	1.0	0.0	0.0	0.0	0.0	0.0	0.0
diverticulum	0.0	0.0	0.0	1.0	0.0	0.0	0.0	0.0	0.0	0.0
organ	0.0	0.0	0.0	1.0	0.0	0.0	0.0	0.0	0.0	0.0
dollars	0.0	0.0	0.0	1.0	0.0	0.0	0.0	0.0	0.0	0.0
echinoidea	0.0	0.0	0.0	1.0	0.0	0.0	0.0	0.0	0.0	0.0
scutelliformes	0.0	0.0	0.0	1.0	0.0	0.0	0.0	0.0	0.0	0.0
iriprocess	1.0	0.0	0.0	0.0	0.0	0.0	0.0	0.0	0.0	0.0
polarimetry	0.0	0.0	1.0	0.0	0.0	0.0	0.0	0.0	0.0	0.0
logspiral	0.0	0.0	1.0	0.0	0.0	0.0	0.0	0.0	0.0	0.0
antennabased	0.0	0.0	1.0	0.0	0.0	0.0	0.0	0.0	0.0	0.0
automating	0.0	0.0	0.0	0.0	0.0	0.0	0.0	0.0	1.0	0.0
multidisciplinary	0.0	0.0	0.0	0.0	0.0	0.0	0.0	0.0	1.0	0.0
seafloor	0.0	0.0	0.0	1.0	0.0	0.0	0.0	0.0	0.0	0.0
portion	0.0	0.0	0.0	1.0	0.0	0.0	0.0	0.0	0.0	0.0
molokai	0.0	0.0	0.0	1.0	0.0	0.0	0.0	0.0	0.0	0.0
murray	0.0	0.0	0.0	1.0	0.0	0.0	0.0	0.0	0.0	0.0
corridor	0.0	0.0	0.0	1.0	0.0	0.0	0.0	0.0	0.0	0.0
checking	0.0	0.0	1.0	0.0	0.0	0.0	0.0	0.0	0.0	0.0
kennelpetschek	0.0	0.0	1.0	0.0	0.0	0.0	0.0	0.0	0.0	0.0
cubesats	0.0	0.0	1.0	0.0	0.0	0.0	0.0	0.0	0.0	0.0
silicone	0.0	0.0	0.0	0.0	1.0	0.0	0.0	0.0	0.0	0.0
cellulose	0.0	0.0	0.0	0.0	1.0	0.0	0.0	0.0	0.0	0.0
membranes	0.0	0.0	0.0	0.0	1.0	0.0	0.0	0.0	0.0	0.0
perchloratefree	0.0	0.0	0.0	0.0	0.0	1.0	0.0	0.0	0.0	0.0
oxidizers	0.0	0.0	0.0	0.0	0.0	1.0	0.0	0.0	0.0	0.0
cocrystallization	0.0	0.0	0.0	0.0	0.0	1.0	0.0	0.0	0.0	0.0
guidelines	0.0	1.0	0.0	0.0	0.0	0.0	0.0	0.0	0.0	0.0
ethics	0.0	1.0	0.0	0.0	0.0	0.0	0.0	0.0	0.0	0.0
flood	0.0	1.0	0.0	0.0	0.0	0.0	0.0	0.0	0.0	0.0
people	0.0	1.0	0.0	0.0	0.0	0.0	0.0	0.0	0.0	0.0
already	0.0	1.0	0.0	0.0	0.0	0.0	0.0	0.0	0.0	0.0
forcibly	0.0	1.0	0.0	0.0	0.0	0.0	0.0	0.0	0.0	0.0
displaced	0.0	1.0	0.0	0.0	0.0	0.0	0.0	0.0	0.0	0.0
straddling	0.0	0.0	0.0	1.0	0.0	0.0	0.0	0.0	0.0	0.0
deepening	0.0	1.0	0.0	0.0	0.0	0.0	0.0	0.0	0.0	0.0
finescale	0.0	1.0	0.0	0.0	0.0	0.0	0.0	0.0	0.0	0.0
lowarctic	0.0	1.0	0.0	0.0	0.0	0.0	0.0	0.0	0.0	0.0
magnificent	1.0	0.0	0.0	0.0	0.0	0.0	0.0	0.0	0.0	0.0
seven	1.0	0.0	0.0	0.0	0.0	0.0	0.0	0.0	0.0	0.0
minor	0.0	0.0	0.5	0.5	0.0	0.0	0.0	0.0	0.0	0.0
smallcorrelatedagainstlarge	1.0	0.0	0.0	0.0	0.0	0.0	0.0	0.0	0.0	0.0
intrusions	0.0	1.0	0.0	0.0	0.0	0.0	0.0	0.0	0.0	0.0
kb	0.0	0.0	0.0	1.0	0.0	0.0	0.0	0.0	0.0	0.0
draft	0.0	0.0	0.0	0.0	1.0	0.0	0.0	0.0	0.0	0.0
isphingomonas	0.0	0.0	0.0	0.0	1.0	0.0	0.0	0.0	0.0	0.0
paucimobilisi	0.0	0.0	0.0	0.0	1.0	0.0	0.0	0.0	0.0	0.0
sph	0.0	0.0	0.0	0.0	1.0	0.0	0.0	0.0	0.0	0.0
tap	0.0	0.0	0.0	0.0	1.0	0.0	0.0	0.0	0.0	0.0
filtration	0.0	0.0	0.0	0.0	1.0	0.0	0.0	0.0	0.0	0.0
sector	0.0	0.0	1.0	0.0	0.0	0.0	0.0	0.0	0.0	0.0
corrections	0.0	0.0	1.0	0.0	0.0	0.0	0.0	0.0	0.0	0.0
lotkavolterra	0.0	0.0	1.0	0.0	0.0	0.0	0.0	0.0	0.0	0.0
mutual	0.0	0.0	1.0	0.0	0.0	0.0	0.0	0.0	0.0	0.0
commensal	0.0	0.0	1.0	0.0	0.0	0.0	0.0	0.0	0.0	0.0
competitive	0.0	0.0	1.0	0.0	0.0	0.0	0.0	0.0	0.0	0.0
predatory	0.0	0.0	1.0	0.0	0.0	0.0	0.0	0.0	0.0	0.0
san	0.0	0.5	0.0	0.5	0.0	0.0	0.0	0.0	0.0	0.0
francisco	0.0	0.0	0.0	1.0	0.0	0.0	0.0	0.0	0.0	0.0
kbssinclose	1.0	0.0	0.0	0.0	0.0	0.0	0.0	0.0	0.0	0.0
qso	1.0	0.0	0.0	0.0	0.0	0.0	0.0	0.0	0.0	0.0
lineofsight	0.5	0.5	0.0	0.0	0.0	0.0	0.0	0.0	0.0	0.0
proglacial	0.0	1.0	0.0	0.0	0.0	0.0	0.0	0.0	0.0	0.0
headwater	0.0	1.0	0.0	0.0	0.0	0.0	0.0	0.0	0.0	0.0
nearinertial	0.0	1.0	0.0	0.0	0.0	0.0	0.0	0.0	0.0	0.0
eddies	0.0	1.0	0.0	0.0	0.0	0.0	0.0	0.0	0.0	0.0
likelihoodfree	1.0	0.0	0.0	0.0	0.0	0.0	0.0	0.0	0.0	0.0
powerlaw	0.0	0.0	1.0	0.0	0.0	0.0	0.0	0.0	0.0	0.0
cygnus	1.0	0.0	0.0	0.0	0.0	0.0	0.0	0.0	0.0	0.0
gx	1.0	0.0	0.0	0.0	0.0	0.0	0.0	0.0	0.0	0.0
impactgenerated	0.0	0.0	0.0	1.0	0.0	0.0	0.0	0.0	0.0	0.0
permeability	0.0	0.0	0.0	1.0	0.0	0.0	0.0	0.0	0.0	0.0
vredefort	0.0	0.0	0.0	1.0	0.0	0.0	0.0	0.0	0.0	0.0
pwild	0.0	0.0	0.0	1.0	0.0	0.0	0.0	0.0	0.0	0.0
plagioclasebearing	0.0	0.0	0.0	1.0	0.0	0.0	0.0	0.0	0.0	0.0
chondrule	0.0	0.0	0.0	1.0	0.0	0.0	0.0	0.0	0.0	0.0
fragment	0.0	0.0	0.0	1.0	0.0	0.0	0.0	0.0	0.0	0.0
pyxie	0.0	0.0	0.0	1.0	0.0	0.0	0.0	0.0	0.0	0.0
multiopposition	0.0	0.0	0.0	1.0	0.0	0.0	0.0	0.0	0.0	0.0
tnos	0.0	0.0	0.0	1.0	0.0	0.0	0.0	0.0	0.0	0.0
december	0.0	0.0	0.0	1.0	0.0	0.0	0.0	0.0	0.0	0.0
extrapolations	0.0	0.0	1.0	0.0	0.0	0.0	0.0	0.0	0.0	0.0
spicules	0.0	0.0	1.0	0.0	0.0	0.0	0.0	0.0	0.0	0.0
easterly	0.0	1.0	0.0	0.0	0.0	0.0	0.0	0.0	0.0	0.0
lidardriven	0.0	1.0	0.0	0.0	0.0	0.0	0.0	0.0	0.0	0.0
pionjuniper	0.0	1.0	0.0	0.0	0.0	0.0	0.0	0.0	0.0	0.0
woodlands	0.0	1.0	0.0	0.0	0.0	0.0	0.0	0.0	0.0	0.0
selflensing	1.0	0.0	0.0	0.0	0.0	0.0	0.0	0.0	0.0	0.0
generalrelativistic	1.0	0.0	0.0	0.0	0.0	0.0	0.0	0.0	0.0	0.0
firstorder	1.0	0.0	0.0	0.0	0.0	0.0	0.0	0.0	0.0	0.0
pupil	1.0	0.0	0.0	0.0	0.0	0.0	0.0	0.0	0.0	0.0
nearsaturated	0.0	0.0	0.0	0.0	0.0	1.0	0.0	0.0	0.0	0.0
uniformly	0.0	0.0	0.0	0.0	0.0	1.0	0.0	0.0	0.0	0.0
resistance	0.0	1.0	0.0	0.0	0.0	0.0	0.0	0.0	0.0	0.0
arid	0.0	1.0	0.0	0.0	0.0	0.0	0.0	0.0	0.0	0.0
shrublands	0.0	1.0	0.0	0.0	0.0	0.0	0.0	0.0	0.0	0.0
magnification	1.0	0.0	0.0	0.0	0.0	0.0	0.0	0.0	0.0	0.0
spectralresolution	1.0	0.0	0.0	0.0	0.0	0.0	0.0	0.0	0.0	0.0
imagers	1.0	0.0	0.0	0.0	0.0	0.0	0.0	0.0	0.0	0.0
esd	0.0	0.0	0.0	1.0	0.0	0.0	0.0	0.0	0.0	0.0
ideas	0.0	0.0	0.0	1.0	0.0	0.0	0.0	0.0	0.0	0.0
biosphere	0.0	0.0	0.0	1.0	0.0	0.0	0.0	0.0	0.0	0.0
researchers	0.0	0.0	0.0	1.0	0.0	0.0	0.0	0.0	0.0	0.0
offer	0.0	0.0	0.0	1.0	0.0	0.0	0.0	0.0	0.0	0.0
ensuring	0.0	0.0	0.0	1.0	0.0	0.0	0.0	0.0	0.0	0.0
humanitys	0.0	0.0	0.0	1.0	0.0	0.0	0.0	0.0	0.0	0.0
vgitm	0.0	0.0	0.0	1.0	0.0	0.0	0.0	0.0	0.0	0.0
luis	0.0	1.0	0.0	0.0	0.0	0.0	0.0	0.0	0.0	0.0
retracted	0.0	0.0	0.0	1.0	0.0	0.0	0.0	0.0	0.0	0.0
sturtz	0.0	0.0	0.0	1.0	0.0	0.0	0.0	0.0	0.0	0.0
house	0.0	0.0	0.0	1.0	0.0	0.0	0.0	0.0	0.0	0.0
catalysis	0.0	0.0	0.0	1.0	0.0	0.0	0.0	0.0	0.0	0.0
acting	0.0	0.0	0.0	1.0	0.0	0.0	0.0	0.0	0.0	0.0
nitriles	0.0	0.0	0.0	1.0	0.0	0.0	0.0	0.0	0.0	0.0
multiplane	1.0	0.0	0.0	0.0	0.0	0.0	0.0	0.0	0.0	0.0
seemingly	0.0	0.0	0.0	0.0	0.0	0.0	0.0	1.0	0.0	0.0
irrelevant	0.0	0.0	0.0	0.0	0.0	0.0	0.0	1.0	0.0	0.0
automation	0.0	0.0	0.0	0.0	0.0	0.0	0.0	1.0	0.0	0.0
naturalistic	0.0	0.0	0.0	0.0	0.0	0.0	0.0	1.0	0.0	0.0
conversations	0.0	0.0	0.0	0.0	0.0	0.0	0.0	1.0	0.0	0.0
neurovestibular	0.0	0.0	0.0	0.0	0.0	1.0	0.0	0.0	0.0	0.0
connected	0.0	1.0	0.0	0.0	0.0	0.0	0.0	0.0	0.0	0.0
inpainting	0.0	1.0	0.0	0.0	0.0	0.0	0.0	0.0	0.0	0.0
blind	0.0	1.0	0.0	0.0	0.0	0.0	0.0	0.0	0.0	0.0
kv	0.0	0.0	0.0	0.0	0.0	0.0	0.0	0.0	1.0	0.0
rpm	0.0	0.0	0.0	0.0	0.0	0.0	0.0	0.0	1.0	0.0
motor	0.0	0.0	0.0	0.0	0.0	0.0	0.0	0.0	1.0	0.0
electrified	0.0	0.0	0.0	0.0	0.0	0.0	0.0	0.0	1.0	0.0
centertolimb	0.0	0.0	1.0	0.0	0.0	0.0	0.0	0.0	0.0	0.0
sdo	0.0	0.0	1.0	0.0	0.0	0.0	0.0	0.0	0.0	0.0
permeation	0.0	0.0	0.0	1.0	0.0	0.0	0.0	0.0	0.0	0.0
photochemicallygenerated	0.0	0.0	0.0	1.0	0.0	0.0	0.0	0.0	0.0	0.0
destroying	0.0	0.0	0.0	1.0	0.0	0.0	0.0	0.0	0.0	0.0
compounds	0.0	0.0	0.0	1.0	0.0	0.0	0.0	0.0	0.0	0.0
streamflow	0.0	1.0	0.0	0.0	0.0	0.0	0.0	0.0	0.0	0.0
glacierized	0.0	1.0	0.0	0.0	0.0	0.0	0.0	0.0	0.0	0.0
catchments	0.0	1.0	0.0	0.0	0.0	0.0	0.0	0.0	0.0	0.0
himalayas	0.0	1.0	0.0	0.0	0.0	0.0	0.0	0.0	0.0	0.0
pangenome	0.0	0.0	0.0	1.0	0.0	0.0	0.0	0.0	0.0	0.0
provides	0.0	0.0	0.0	1.0	0.0	0.0	0.0	0.0	0.0	0.0
ivibrioi	0.0	0.0	0.0	1.0	0.0	0.0	0.0	0.0	0.0	0.0
funnels	0.0	0.0	0.0	0.0	0.0	1.0	0.0	0.0	0.0	0.0
manifold	0.0	0.0	0.0	0.0	0.0	1.0	0.0	0.0	0.0	0.0
planetforming	1.0	0.0	0.0	0.0	0.0	0.0	0.0	0.0	0.0	0.0
jdisc	1.0	0.0	0.0	0.0	0.0	0.0	0.0	0.0	0.0	0.0
confusion	0.0	0.0	0.0	1.0	0.0	0.0	0.0	0.0	0.0	0.0
interpret	0.0	0.0	0.0	1.0	0.0	0.0	0.0	0.0	0.0	0.0
consensus	0.0	0.0	0.0	1.0	0.0	0.0	0.0	0.0	0.0	0.0
volunteer	0.0	0.0	0.0	1.0	0.0	0.0	0.0	0.0	0.0	0.0
labels	0.0	0.0	0.0	1.0	0.0	0.0	0.0	0.0	0.0	0.0
quorum	0.0	0.0	0.0	0.0	1.0	0.0	0.0	0.0	0.0	0.0
physiology	0.0	0.0	0.0	0.0	1.0	0.0	0.0	0.0	0.0	0.0
staphylococcus	0.0	0.0	0.0	0.0	1.0	0.0	0.0	0.0	0.0	0.0
aureus	0.0	0.0	0.0	0.0	1.0	0.0	0.0	0.0	0.0	0.0
acquire	0.0	1.0	0.0	0.0	0.0	0.0	0.0	0.0	0.0	0.0
harvesting	0.0	1.0	0.0	0.0	0.0	0.0	0.0	0.0	0.0	0.0
dates	0.0	1.0	0.0	0.0	0.0	0.0	0.0	0.0	0.0	0.0
contraction	0.0	0.0	0.0	0.0	0.0	0.0	0.0	0.0	1.0	0.0
disturbance	0.0	0.0	0.0	0.0	0.0	0.0	0.0	0.0	1.0	0.0
subneptunes	0.0	0.0	0.0	1.0	0.0	0.0	0.0	0.0	0.0	0.0
gaiackh	0.0	0.0	0.0	1.0	0.0	0.0	0.0	0.0	0.0	0.0
mira	0.0	0.0	0.0	1.0	0.0	0.0	0.0	0.0	0.0	0.0
sco	0.0	0.0	0.0	1.0	0.0	0.0	0.0	0.0	0.0	0.0
coreaccretion	0.0	0.0	0.0	1.0	0.0	0.0	0.0	0.0	0.0	0.0
planetesimals	0.0	0.0	0.0	1.0	0.0	0.0	0.0	0.0	0.0	0.0
aws	0.0	1.0	0.0	0.0	0.0	0.0	0.0	0.0	0.0	0.0
nonevolving	1.0	0.0	0.0	0.0	0.0	0.0	0.0	0.0	0.0	0.0
massdependent	1.0	0.0	0.0	0.0	0.0	0.0	0.0	0.0	0.0	0.0
jitter	0.0	0.0	0.0	0.0	0.0	1.0	0.0	0.0	0.0	0.0
inductance	0.0	0.0	0.0	0.0	0.0	1.0	0.0	0.0	0.0	0.0
detector	0.0	0.0	0.0	0.0	0.0	1.0	0.0	0.0	0.0	0.0
crystallizing	1.0	0.0	0.0	0.0	0.0	0.0	0.0	0.0	0.0	0.0
zonalmean	0.0	0.0	0.0	1.0	0.0	0.0	0.0	0.0	0.0	0.0
nsubsub	0.0	0.0	0.0	1.0	0.0	0.0	0.0	0.0	0.0	0.0
ar	0.0	0.0	0.0	1.0	0.0	0.0	0.0	0.0	0.0	0.0
maven	0.0	0.0	0.0	1.0	0.0	0.0	0.0	0.0	0.0	0.0
chlorophylla	0.0	1.0	0.0	0.0	0.0	0.0	0.0	0.0	0.0	0.0
aqua	0.0	1.0	0.0	0.0	0.0	0.0	0.0	0.0	0.0	0.0
lowtomid	0.0	0.0	1.0	0.0	0.0	0.0	0.0	0.0	0.0	0.0
quiettime	0.0	0.0	1.0	0.0	0.0	0.0	0.0	0.0	0.0	0.0
initiatives	0.0	0.0	1.0	0.0	0.0	0.0	0.0	0.0	0.0	0.0
autogenerated	0.0	0.0	0.0	0.0	0.0	1.0	0.0	0.0	0.0	0.0
persistent	0.0	1.0	0.0	0.0	0.0	0.0	0.0	0.0	0.0	0.0
laplacian	0.0	1.0	0.0	0.0	0.0	0.0	0.0	0.0	0.0	0.0
pretrained	0.0	1.0	0.0	0.0	0.0	0.0	0.0	0.0	0.0	0.0
solubility	0.0	1.0	0.0	0.0	0.0	0.0	0.0	0.0	0.0	0.0
elliptica	1.0	0.0	0.0	0.0	0.0	0.0	0.0	0.0	0.0	0.0
perseus	1.0	0.0	0.0	0.0	0.0	0.0	0.0	0.0	0.0	0.0
factory	1.0	0.0	0.0	0.0	0.0	0.0	0.0	0.0	0.0	0.0
beehive	1.0	0.0	0.0	0.0	0.0	0.0	0.0	0.0	0.0	0.0
praesepe	1.0	0.0	0.0	0.0	0.0	0.0	0.0	0.0	0.0	0.0
hyades	1.0	0.0	0.0	0.0	0.0	0.0	0.0	0.0	0.0	0.0
alphafold	0.0	1.0	0.0	0.0	0.0	0.0	0.0	0.0	0.0	0.0
s	0.0	1.0	0.0	0.0	0.0	0.0	0.0	0.0	0.0	0.0
proteinprotein	0.0	1.0	0.0	0.0	0.0	0.0	0.0	0.0	0.0	0.0
complexes	0.0	1.0	0.0	0.0	0.0	0.0	0.0	0.0	0.0	0.0
binding	0.0	1.0	0.0	0.0	0.0	0.0	0.0	0.0	0.0	0.0
free	0.0	1.0	0.0	0.0	0.0	0.0	0.0	0.0	0.0	0.0
mgs	0.0	0.0	0.0	1.0	0.0	0.0	0.0	0.0	0.0	0.0
tes	0.0	0.0	0.0	1.0	0.0	0.0	0.0	0.0	0.0	0.0
solvent	0.0	0.0	0.0	1.0	0.0	0.0	0.0	0.0	0.0	0.0
biopolymer	0.0	0.0	0.0	1.0	0.0	0.0	0.0	0.0	0.0	0.0
folding	0.0	0.0	0.0	1.0	0.0	0.0	0.0	0.0	0.0	0.0
extraterrestrial	0.0	0.0	0.0	1.0	0.0	0.0	0.0	0.0	0.0	0.0
dearthquake	0.0	1.0	0.0	0.0	0.0	0.0	0.0	0.0	0.0	0.0
rupture	0.0	1.0	0.0	0.0	0.0	0.0	0.0	0.0	0.0	0.0
tsunami	0.0	1.0	0.0	0.0	0.0	0.0	0.0	0.0	0.0	0.0
hsavkflatey	0.0	1.0	0.0	0.0	0.0	0.0	0.0	0.0	0.0	0.0
triangular	0.0	0.0	0.0	0.0	0.0	1.0	0.0	0.0	0.0	0.0
fin	0.0	0.0	0.0	0.0	0.0	1.0	0.0	0.0	0.0	0.0
passively	0.0	0.0	0.0	0.0	0.0	1.0	0.0	0.0	0.0	0.0
actuated	0.0	0.0	0.0	0.0	0.0	1.0	0.0	0.0	0.0	0.0
bimetallic	0.0	0.0	0.0	0.0	0.0	1.0	0.0	0.0	0.0	0.0
coils	0.0	0.0	0.0	0.0	0.0	1.0	0.0	0.0	0.0	0.0
vaporbased	1.0	0.0	0.0	0.0	0.0	0.0	0.0	0.0	0.0	0.0
seeding	1.0	0.0	0.0	0.0	0.0	0.0	0.0	0.0	0.0	0.0
alkali	1.0	0.0	0.0	0.0	0.0	0.0	0.0	0.0	0.0	0.0
earliest	0.0	0.0	0.0	1.0	0.0	0.0	0.0	0.0	0.0	0.0
snowline	0.0	0.0	0.0	1.0	0.0	0.0	0.0	0.0	0.0	0.0
routing	0.0	0.0	0.0	0.0	0.0	1.0	0.0	0.0	0.0	0.0
strategy	0.0	0.0	0.0	0.0	0.0	1.0	0.0	0.0	0.0	0.0
dtn	0.0	0.0	0.0	0.0	0.0	1.0	0.0	0.0	0.0	0.0
twenty	0.0	1.0	0.0	0.0	0.0	0.0	0.0	0.0	0.0	0.0
respiration	0.0	1.0	0.0	0.0	0.0	0.0	0.0	0.0	0.0	0.0
lmc	1.0	0.0	0.0	0.0	0.0	0.0	0.0	0.0	0.0	0.0
bars	1.0	0.0	0.0	0.0	0.0	0.0	0.0	0.0	0.0	0.0
crowdinginduced	1.0	0.0	0.0	0.0	0.0	0.0	0.0	0.0	0.0	0.0
incompleteness	1.0	0.0	0.0	0.0	0.0	0.0	0.0	0.0	0.0	0.0
counting	1.0	0.0	0.0	0.0	0.0	0.0	0.0	0.0	0.0	0.0
social	0.0	0.0	0.0	0.0	0.0	0.0	0.0	1.0	0.0	0.0
goalstriving	0.0	0.0	0.0	0.0	0.0	0.0	0.0	1.0	0.0	0.0
momentary	0.0	0.0	0.0	0.0	0.0	0.0	0.0	1.0	0.0	0.0
bumblebee	1.0	0.0	0.0	0.0	0.0	0.0	0.0	0.0	0.0	0.0
bee	1.0	0.0	0.0	0.0	0.0	0.0	0.0	0.0	0.0	0.0
assets	0.0	1.0	0.0	0.0	0.0	0.0	0.0	0.0	0.0	0.0
socioeconomicenvironmental	0.0	1.0	0.0	0.0	0.0	0.0	0.0	0.0	0.0	0.0
drylands	0.0	1.0	0.0	0.0	0.0	0.0	0.0	0.0	0.0	0.0
autumnal	0.0	1.0	0.0	0.0	0.0	0.0	0.0	0.0	0.0	0.0
equinox	0.0	1.0	0.0	0.0	0.0	0.0	0.0	0.0	0.0	0.0
beaufortchukchi	0.0	1.0	0.0	0.0	0.0	0.0	0.0	0.0	0.0	0.0
multiinstrument	0.0	0.0	1.0	0.0	0.0	0.0	0.0	0.0	0.0	0.0
samitidas	0.0	0.0	1.0	0.0	0.0	0.0	0.0	0.0	0.0	0.0
vpsubsub	0.0	0.0	0.0	1.0	0.0	0.0	0.0	0.0	0.0	0.0
hawaiian	0.0	0.0	0.0	1.0	0.0	0.0	0.0	0.0	0.0	0.0
corals	0.0	0.0	0.0	1.0	0.0	0.0	0.0	0.0	0.0	0.0
dominated	0.0	0.0	0.0	1.0	0.0	0.0	0.0	0.0	0.0	0.0
ploidy	0.0	0.0	0.0	1.0	0.0	0.0	0.0	0.0	0.0	0.0
genotype	0.0	0.0	0.0	1.0	0.0	0.0	0.0	0.0	0.0	0.0
packaged	0.0	0.0	0.0	0.0	0.0	1.0	0.0	0.0	0.0	0.0
regulator	0.0	0.0	0.0	0.0	0.0	1.0	0.0	0.0	0.0	0.0
